{
	"texture_size": [32, 32],
	"textures": {
		"0": "texture",
		"particle": "texture"
	},
	"elements": [
		{
			"from": [6, 0, 6],
			"to": [10, 1, 10],
			"faces": {
				"north": {"uv": [2, 4, 4, 4.5], "texture": "#0"},
				"east": {"uv": [4, 2, 6, 2.5], "texture": "#0"},
				"south": {"uv": [4, 2.5, 6, 3], "texture": "#0"},
				"west": {"uv": [4, 3, 6, 3.5], "texture": "#0"},
				"up": {"uv": [2, 2, 0, 0], "texture": "#0"},
				"down": {"uv": [2, 2, 0, 4], "texture": "#0"}
			}
		},
		{
			"from": [6, 1, 6],
			"to": [10, 2, 10],
			"faces": {
				"north": {"uv": [4, 3.5, 6, 4], "texture": "#0"},
				"east": {"uv": [4, 4, 6, 4.5], "texture": "#0"},
				"south": {"uv": [2, 4.5, 4, 5], "texture": "#0"},
				"west": {"uv": [4, 4.5, 6, 5], "texture": "#0"},
				"up": {"uv": [4, 2, 2, 0], "texture": "#0"},
				"down": {"uv": [4, 2, 2, 4], "texture": "#0"}
			}
		},
		{
			"from": [7, 2, 7],
			"to": [9, 3, 9],
			"faces": {
				"north": {"uv": [7.5, 2, 8.5, 2.5], "texture": "#0"},
				"east": {"uv": [7.5, 2.5, 8.5, 3], "texture": "#0"},
				"south": {"uv": [7.5, 3, 8.5, 3.5], "texture": "#0"},
				"west": {"uv": [7.5, 3.5, 8.5, 4], "texture": "#0"},
				"up": {"uv": [3, 6, 2, 5], "texture": "#0"},
				"down": {"uv": [4, 5, 3, 6], "texture": "#0"}
			}
		},
		{
			"from": [7, 3, 7],
			"to": [9, 4, 9],
			"faces": {
				"north": {"uv": [4, 7.5, 5, 8], "texture": "#0"},
				"east": {"uv": [7.5, 4, 8.5, 4.5], "texture": "#0"},
				"south": {"uv": [7.5, 4.5, 8.5, 5], "texture": "#0"},
				"west": {"uv": [5, 7.5, 6, 8], "texture": "#0"},
				"up": {"uv": [7.5, 1, 6.5, 0], "texture": "#0"},
				"down": {"uv": [7.5, 1, 6.5, 2], "texture": "#0"}
			}
		},
		{
			"from": [7, 4, 7],
			"to": [9, 5, 9],
			"faces": {
				"north": {"uv": [7.5, 5, 8.5, 5.5], "texture": "#0"},
				"east": {"uv": [7.5, 5.5, 8.5, 6], "texture": "#0"},
				"south": {"uv": [6.5, 7.5, 7.5, 8], "texture": "#0"},
				"west": {"uv": [7.5, 7.5, 8.5, 8], "texture": "#0"},
				"up": {"uv": [7.5, 3, 6.5, 2], "texture": "#0"},
				"down": {"uv": [7.5, 3, 6.5, 4], "texture": "#0"}
			}
		},
		{
			"from": [7, 5, 7],
			"to": [9, 6, 9],
			"faces": {
				"north": {"uv": [0, 8, 1, 8.5], "texture": "#0"},
				"east": {"uv": [1, 8, 2, 8.5], "texture": "#0"},
				"south": {"uv": [2, 8, 3, 8.5], "texture": "#0"},
				"west": {"uv": [3, 8, 4, 8.5], "texture": "#0"},
				"up": {"uv": [7.5, 5, 6.5, 4], "texture": "#0"},
				"down": {"uv": [7.5, 5, 6.5, 6], "texture": "#0"}
			}
		},
		{
			"from": [6, 6, 6],
			"to": [10, 7, 10],
			"faces": {
				"north": {"uv": [6.5, 6, 8.5, 6.5], "texture": "#0"},
				"east": {"uv": [6.5, 6.5, 8.5, 7], "texture": "#0"},
				"south": {"uv": [4, 7, 6, 7.5], "texture": "#0"},
				"west": {"uv": [6.5, 7, 8.5, 7.5], "texture": "#0"},
				"up": {"uv": [2, 6, 0, 4], "texture": "#0"},
				"down": {"uv": [6, 0, 4, 2], "texture": "#0"}
			}
		},
		{
			"from": [7, 7, 7],
			"to": [9, 8, 9],
			"faces": {
				"north": {"uv": [4, 8, 5, 8.5], "texture": "#0"},
				"east": {"uv": [5, 8, 6, 8.5], "texture": "#0"},
				"south": {"uv": [6, 8, 7, 8.5], "texture": "#0"},
				"west": {"uv": [7, 8, 8, 8.5], "texture": "#0"},
				"up": {"uv": [8.5, 1, 7.5, 0], "texture": "#0"},
				"down": {"uv": [8.5, 1, 7.5, 2], "texture": "#0"}
			}
		},
		{
			"from": [9, 9, 7.5],
			"to": [10, 10, 8.5],
			"faces": {
				"north": {"uv": [3, 8.5, 3.5, 9], "texture": "#0"},
				"east": {"uv": [8.5, 3, 9, 3.5], "texture": "#0"},
				"south": {"uv": [3.5, 8.5, 4, 9], "texture": "#0"},
				"west": {"uv": [8.5, 3.5, 9, 4], "texture": "#0"},
				"up": {"uv": [4.5, 9, 4, 8.5], "texture": "#0"},
				"down": {"uv": [9, 4, 8.5, 4.5], "texture": "#0"}
			}
		},
		{
			"from": [6, 9, 7.5],
			"to": [7, 10, 8.5],
			"faces": {
				"north": {"uv": [4.5, 8.5, 5, 9], "texture": "#0"},
				"east": {"uv": [8.5, 4.5, 9, 5], "texture": "#0"},
				"south": {"uv": [5, 8.5, 5.5, 9], "texture": "#0"},
				"west": {"uv": [8.5, 5, 9, 5.5], "texture": "#0"},
				"up": {"uv": [6, 9, 5.5, 8.5], "texture": "#0"},
				"down": {"uv": [9, 5.5, 8.5, 6], "texture": "#0"}
			}
		},
		{
			"from": [7, 10, 7.5],
			"to": [9, 11, 8.5],
			"faces": {
				"north": {"uv": [8, 8, 9, 8.5], "texture": "#0"},
				"east": {"uv": [6, 8.5, 6.5, 9], "texture": "#0"},
				"south": {"uv": [0, 8.5, 1, 9], "texture": "#0"},
				"west": {"uv": [8.5, 6, 9, 6.5], "texture": "#0"},
				"up": {"uv": [9.5, 0.5, 8.5, 0], "texture": "#0"},
				"down": {"uv": [9.5, 0.5, 8.5, 1], "texture": "#0"}
			}
		},
		{
			"from": [7, 8, 7.5],
			"to": [9, 9, 8.5],
			"faces": {
				"north": {"uv": [8, 8, 9, 8.5], "texture": "#0"},
				"east": {"uv": [6, 8.5, 6.5, 9], "texture": "#0"},
				"south": {"uv": [0, 8.5, 1, 9], "texture": "#0"},
				"west": {"uv": [8.5, 6, 9, 6.5], "texture": "#0"},
				"up": {"uv": [9.5, 0.5, 8.5, 0], "texture": "#0"},
				"down": {"uv": [9.5, 0.5, 8.5, 1], "texture": "#0"}
			}
		},
		{
			"from": [9, 2, 9],
			"to": [10, 6, 10],
			"faces": {
				"north": {"uv": [4, 5, 4.5, 7], "texture": "#0"},
				"east": {"uv": [4.5, 5, 5, 7], "texture": "#0"},
				"south": {"uv": [5, 5, 5.5, 7], "texture": "#0"},
				"west": {"uv": [5.5, 5, 6, 7], "texture": "#0"},
				"up": {"uv": [1.5, 9, 1, 8.5], "texture": "#0"},
				"down": {"uv": [9, 1, 8.5, 1.5], "texture": "#0"}
			}
		},
		{
			"from": [6, 2, 9],
			"to": [7, 6, 10],
			"faces": {
				"north": {"uv": [0, 6, 0.5, 8], "texture": "#0"},
				"east": {"uv": [6, 0, 6.5, 2], "texture": "#0"},
				"south": {"uv": [0.5, 6, 1, 8], "texture": "#0"},
				"west": {"uv": [1, 6, 1.5, 8], "texture": "#0"},
				"up": {"uv": [2, 9, 1.5, 8.5], "texture": "#0"},
				"down": {"uv": [9, 1.5, 8.5, 2], "texture": "#0"}
			}
		},
		{
			"from": [6, 2, 6],
			"to": [7, 6, 7],
			"faces": {
				"north": {"uv": [1.5, 6, 2, 8], "texture": "#0"},
				"east": {"uv": [2, 6, 2.5, 8], "texture": "#0"},
				"south": {"uv": [6, 2, 6.5, 4], "texture": "#0"},
				"west": {"uv": [2.5, 6, 3, 8], "texture": "#0"},
				"up": {"uv": [2.5, 9, 2, 8.5], "texture": "#0"},
				"down": {"uv": [9, 2, 8.5, 2.5], "texture": "#0"}
			}
		},
		{
			"from": [9, 2, 6],
			"to": [10, 6, 7],
			"faces": {
				"north": {"uv": [3, 6, 3.5, 8], "texture": "#0"},
				"east": {"uv": [3.5, 6, 4, 8], "texture": "#0"},
				"south": {"uv": [6, 4, 6.5, 6], "texture": "#0"},
				"west": {"uv": [6, 6, 6.5, 8], "texture": "#0"},
				"up": {"uv": [3, 9, 2.5, 8.5], "texture": "#0"},
				"down": {"uv": [9, 2.5, 8.5, 3], "texture": "#0"}
			}
		}
	],
	"display": {
		"thirdperson_righthand": {
			"rotation": [68, 0, 0],
			"translation": [0, -2, -1.75],
			"scale": [0.75, 0.75, 0.75]
		},
		"thirdperson_lefthand": {
			"rotation": [68, 0, 0],
			"translation": [0.25, -2.25, -2],
			"scale": [0.75, 0.75, 0.75]
		},
		"firstperson_righthand": {
			"translation": [1.75, 6.25, 0]
		},
		"firstperson_lefthand": {
			"translation": [1.75, 6.25, 0]
		},
		"ground": {
			"translation": [0, 3.75, 0],
			"scale": [0.9, 0.9, 1]
		},
		"gui": {
			"translation": [0, 2.25, 0],
			"scale": [1, 1, -1]
		},
		"head": {
			"translation": [0, 14.5, 0]
		},
		"fixed": {
			"translation": [0, 2.5, 0],
			"scale": [1, 1, 0]
		}
	},
	"groups": [
		{
			"name": "lantern",
			"origin": [8, 8, 8],
			"color": 0,
			"children": [0, 1, 2, 3, 4, 5, 6, 7, 8, 9, 10, 11, 12, 13, 14, 15]
		}
	]
}