{
  "_fv": 66,
  "_type": "command",
  "definition": {
    "commandName": "THT",
    "type": "STANDARD",
    "permissionLevel": "2",
    "argsxml": "<xml xmlns=\"https://developers.google.com/blockly/xml\"><block type=\"args_start\" deletable=\"false\" x=\"40\" y=\"40\"><next><block type=\"literal\" collapsed=\"true\"><field name=\"name\">config</field><statement name=\"args\"><block type=\"literal\"><field name=\"name\">repair</field><statement name=\"args\"><block type=\"call_procedure\"><field name=\"procedure\">ConfigRepair</field></block></statement><next><block type=\"literal\"><field name=\"name\">apply</field><statement name=\"args\"><block type=\"call_procedure\"><field name=\"procedure\">ConfigApply</field></block></statement></block></next></block></statement><next><block type=\"literal\" collapsed=\"true\"><field name=\"name\">tanny_pack</field><statement name=\"args\"><block type=\"literal\"><field name=\"name\">check_update</field><statement name=\"args\"><block type=\"call_procedure\"><field name=\"procedure\">CheckUpdate</field></block></statement><next><block type=\"literal\"><field name=\"name\">update</field><statement name=\"args\"><block type=\"call_procedure\"><field name=\"procedure\">Update</field></block></statement></block></next></block></statement><next><block type=\"literal\"><field name=\"name\">command</field><statement name=\"args\"><block type=\"literal\" collapsed=\"true\"><field name=\"name\">auto_gen</field><statement name=\"args\"><block type=\"literal\"><field name=\"name\">start</field><statement name=\"args\"><block type=\"call_procedure\"><field name=\"procedure\">AutoGenStartCount1</field><next><block type=\"number_min\"><field name=\"name\">loop</field><field name=\"min\">1</field><statement name=\"args\"><block type=\"call_procedure\"><field name=\"procedure\">AutoGenStartCount</field></block></statement></block></next></block></statement><next><block type=\"literal\"><field name=\"name\">stop</field><statement name=\"args\"><block type=\"call_procedure\"><field name=\"procedure\">AutoGenStop</field></block></statement></block></next></block></statement><next><block type=\"literal\" collapsed=\"true\"><field name=\"name\">season</field><statement name=\"args\"><block type=\"literal\"><field name=\"name\">get</field><statement name=\"args\"><block type=\"call_procedure\"><field name=\"procedure\">SeasonGet</field></block></statement><next><block type=\"literal\"><field name=\"name\">set</field><statement name=\"args\"><block type=\"literal\"><field name=\"name\">spring</field><statement name=\"args\"><block type=\"call_procedure\"><field name=\"procedure\">SeasonSetSpring</field></block></statement><next><block type=\"literal\"><field name=\"name\">summer</field><statement name=\"args\"><block type=\"call_procedure\"><field name=\"procedure\">SeasonSetSummer</field></block></statement><next><block type=\"literal\"><field name=\"name\">autumn</field><statement name=\"args\"><block type=\"call_procedure\"><field name=\"procedure\">SeasonSetAutumn</field></block></statement><next><block type=\"literal\"><field name=\"name\">winter</field><statement name=\"args\"><block type=\"call_procedure\"><field name=\"procedure\">SeasonSetWinter</field></block></statement></block></next></block></next></block></next></block></statement></block></next></block></statement><next><block type=\"literal\" collapsed=\"true\"><field name=\"name\">txt_function</field><statement name=\"args\"><block type=\"string\"><field name=\"type\">word</field><field name=\"name\">file</field><statement name=\"args\"><block type=\"message\"><field name=\"name\">folder</field><statement name=\"args\"><block type=\"call_procedure\"><field name=\"procedure\">TxtFunction</field></block></statement></block></statement></block></statement></block></next></block></next></block></statement><next><block type=\"literal\" collapsed=\"true\"><field name=\"name\">dev</field><statement name=\"args\"><block type=\"literal\"><field name=\"name\">tree_placer</field><statement name=\"args\"><block type=\"call_procedure\"><field name=\"procedure\">RandomTreeTreePlacer</field></block></statement><next><block type=\"literal\"><field name=\"name\">rt_run</field><statement name=\"args\"><block type=\"call_procedure\"><field name=\"procedure\">RandomTreeTick</field></block></statement><next><block type=\"literal\"><field name=\"name\">rt_world_gen</field><statement name=\"args\"><block type=\"call_procedure\"><field name=\"procedure\">RandomTreeWorldGen</field></block></statement><next><block type=\"literal\"><field name=\"name\">rt_detect_exist</field><statement name=\"args\"><block type=\"call_procedure\"><field name=\"procedure\">RandomTreeDetectExist</field></block></statement><next><block type=\"literal\"><field name=\"name\">rt_dynamic</field><statement name=\"args\"><block type=\"literal\"><field name=\"name\">tick</field><statement name=\"args\"><block type=\"call_procedure\"><field name=\"procedure\">RandomTreeDynamic</field></block></statement><next><block type=\"literal\"><field name=\"name\">leaves_drop</field><statement name=\"args\"><block type=\"call_procedure\"><field name=\"procedure\">RandomTreeDynamicLeavesDropPlace</field></block></statement></block></next></block></statement><next><block type=\"literal\"><field name=\"name\">tree_location_count_add</field><statement name=\"args\"><block type=\"call_procedure\"><field name=\"procedure\">TreeLocationCountAdd</field></block></statement></block></next></block></next></block></next></block></next></block></next></block></statement></block></next></block></next></block></next></block></next></block></xml>"
  }
}