{
  "_fv": 66,
  "_type": "procedure",
  "definition": {
    "procedurexml": "<xml xmlns=\"https://developers.google.com/blockly/xml\"><variables><variable type=\"File\" id=\"file\">file</variable></variables><block type=\"event_trigger\" deletable=\"false\" x=\"77\" y=\"76\"><field name=\"trigger\">no_ext_trigger</field><next><block type=\"execute_command\"><value name=\"command\"><block type=\"text\"><field name=\"TEXT\">execute if entity @e[type=player,distance=..0.01] run tellraw @a [{\"text\":\"THT : Applied the config\",\"color\":\"light_purple\"}]</field></block></value><value name=\"x\"><block type=\"coord_x\"></block></value><value name=\"y\"><block type=\"coord_y\"></block></value><value name=\"z\"><block type=\"coord_z\"></block></value><next><block type=\"variables_set_file\"><mutation xmlns=\"http://www.w3.org/1999/xhtml\" is_player_var=\"false\" has_entity=\"false\"></mutation><field name=\"VAR\">local:file</field><value name=\"VAL\"><block type=\"file_variable\"><mutation xmlns=\"http://www.w3.org/1999/xhtml\" is_player_var=\"false\" has_entity=\"false\"></mutation><field name=\"VAR\">local:file</field><value name=\"name\"><block type=\"text\"><field name=\"TEXT\">config.txt</field></block></value><value name=\"location\"><block type=\"text_join\"><mutation items=\"2\"></mutation><value name=\"ADD0\"><block type=\"get_game_directory\"></block></value><value name=\"ADD1\"><block type=\"text\"><field name=\"TEXT\">/config/THT</field></block></value></block></value></block></value><next><block type=\"controls_if\"><value name=\"IF0\"><block type=\"logic_binary_ops\"><field name=\"OP\">EQ</field><value name=\"A\"><block type=\"file_exists\"><mutation xmlns=\"http://www.w3.org/1999/xhtml\" is_player_var=\"false\" has_entity=\"false\"></mutation><field name=\"VAR\">local:file</field></block></value><value name=\"B\"><block type=\"logic_boolean\"><field name=\"BOOL\">TRUE</field></block></value></block></value><statement name=\"DO0\"><block type=\"read_txt\"><mutation xmlns=\"http://www.w3.org/1999/xhtml\" is_player_var=\"false\" has_entity=\"false\"></mutation><field name=\"VAR\">local:file</field><value name=\"_placeholder\"><block type=\"string_iterator\"></block></value><statement name=\"foreach\"><block type=\"controls_if\"><value name=\"IF0\"><block type=\"logic_boolean\"><field name=\"BOOL\">TRUE</field></block></value><statement name=\"DO0\"><block type=\"controls_if\"><value name=\"IF0\"><block type=\"logic_negate\"><value name=\"BOOL\"><block type=\"text_binary_ops\"><value name=\"A\"><block type=\"text\"><field name=\"TEXT\"></field></block></value><value name=\"B\"><block type=\"text\"><field name=\"TEXT\">TannyJung's Tree Pack</field></block></value></block></value></block></value><statement name=\"DO0\"><block type=\"controls_if\" collapsed=\"true\"><value name=\"IF0\"><block type=\"logic_boolean\"><field name=\"BOOL\">TRUE</field></block></value><statement name=\"DO0\"><block type=\"controls_if\"><value name=\"IF0\"><block type=\"text_contains\"><value name=\"text\"><block type=\"string_iterator\"></block></value><value name=\"contains\"><block type=\"text\"><field name=\"TEXT\">auto_check_update : </field></block></value></block></value><statement name=\"DO0\"><block type=\"variables_set_logic\"><mutation xmlns=\"http://www.w3.org/1999/xhtml\" is_player_var=\"false\" has_entity=\"false\"></mutation><field name=\"VAR\">global:auto_check_update</field><value name=\"VAL\"><block type=\"text_binary_ops\"><value name=\"A\"><block type=\"text_replace\"><value name=\"what\"><block type=\"text\"><field name=\"TEXT\">auto_check_update : </field></block></value><value name=\"with\"><block type=\"text\"><field name=\"TEXT\"></field></block></value><value name=\"text\"><block type=\"string_iterator\"></block></value></block></value><value name=\"B\"><block type=\"text\"><field name=\"TEXT\">true</field></block></value></block></value></block></statement><next><block type=\"controls_if\"><value name=\"IF0\"><block type=\"text_contains\"><value name=\"text\"><block type=\"string_iterator\"></block></value><value name=\"contains\"><block type=\"text\"><field name=\"TEXT\">auto_update : </field></block></value></block></value><statement name=\"DO0\"><block type=\"variables_set_logic\"><mutation xmlns=\"http://www.w3.org/1999/xhtml\" is_player_var=\"false\" has_entity=\"false\"></mutation><field name=\"VAR\">global:auto_update</field><value name=\"VAL\"><block type=\"text_binary_ops\"><value name=\"A\"><block type=\"text_replace\"><value name=\"what\"><block type=\"text\"><field name=\"TEXT\">auto_update : </field></block></value><value name=\"with\"><block type=\"text\"><field name=\"TEXT\"></field></block></value><value name=\"text\"><block type=\"string_iterator\"></block></value></block></value><value name=\"B\"><block type=\"text\"><field name=\"TEXT\">true</field></block></value></block></value></block></statement><next><block type=\"controls_if\"><value name=\"IF0\"><block type=\"text_contains\"><value name=\"text\"><block type=\"string_iterator\"></block></value><value name=\"contains\"><block type=\"text\"><field name=\"TEXT\">wip_version : </field></block></value></block></value><statement name=\"DO0\"><block type=\"variables_set_logic\"><mutation xmlns=\"http://www.w3.org/1999/xhtml\" is_player_var=\"false\" has_entity=\"false\"></mutation><field name=\"VAR\">global:tanny_pack_wip</field><value name=\"VAL\"><block type=\"text_binary_ops\"><value name=\"A\"><block type=\"text_replace\"><value name=\"what\"><block type=\"text\"><field name=\"TEXT\">wip_version : </field></block></value><value name=\"with\"><block type=\"text\"><field name=\"TEXT\"></field></block></value><value name=\"text\"><block type=\"string_iterator\"></block></value></block></value><value name=\"B\"><block type=\"text\"><field name=\"TEXT\">true</field></block></value></block></value></block></statement></block></next></block></next></block></statement></block></statement><next><block type=\"controls_if\"><value name=\"IF0\"><block type=\"logic_negate\"><value name=\"BOOL\"><block type=\"text_binary_ops\"><value name=\"A\"><block type=\"text\"><field name=\"TEXT\"></field></block></value><value name=\"B\"><block type=\"text\"><field name=\"TEXT\">World Gen</field></block></value></block></value></block></value><statement name=\"DO0\"><block type=\"controls_if\" collapsed=\"true\"><value name=\"IF0\"><block type=\"logic_boolean\"><field name=\"BOOL\">TRUE</field></block></value><statement name=\"DO0\"><block type=\"controls_if\"><value name=\"IF0\"><block type=\"text_contains\"><value name=\"text\"><block type=\"string_iterator\"></block></value><value name=\"contains\"><block type=\"text\"><field name=\"TEXT\">tree_placer_auto_speed : </field></block></value></block></value><statement name=\"DO0\"><block type=\"variables_set_logic\"><mutation xmlns=\"http://www.w3.org/1999/xhtml\" is_player_var=\"false\" has_entity=\"false\"></mutation><field name=\"VAR\">global:tree_placer_auto_speed</field><value name=\"VAL\"><block type=\"text_binary_ops\"><value name=\"A\"><block type=\"text_replace\"><value name=\"what\"><block type=\"text\"><field name=\"TEXT\">tree_placer_auto_speed : </field></block></value><value name=\"with\"><block type=\"text\"><field name=\"TEXT\"></field></block></value><value name=\"text\"><block type=\"string_iterator\"></block></value></block></value><value name=\"B\"><block type=\"text\"><field name=\"TEXT\">true</field></block></value></block></value></block></statement><next><block type=\"controls_if\"><value name=\"IF0\"><block type=\"text_contains\"><value name=\"text\"><block type=\"string_iterator\"></block></value><value name=\"contains\"><block type=\"text\"><field name=\"TEXT\">tree_placer_tick : </field></block></value></block></value><statement name=\"DO0\"><block type=\"variables_set_number\"><mutation xmlns=\"http://www.w3.org/1999/xhtml\" is_player_var=\"false\" has_entity=\"false\"></mutation><field name=\"VAR\">global:tree_placer_tick_set</field><value name=\"VAL\"><block type=\"math_from_text\"><value name=\"NUMTEXT\"><block type=\"text_replace\"><value name=\"what\"><block type=\"text\"><field name=\"TEXT\">tree_placer_tick : </field></block></value><value name=\"with\"><block type=\"text\"><field name=\"TEXT\"></field></block></value><value name=\"text\"><block type=\"string_iterator\"></block></value></block></value></block></value></block></statement><next><block type=\"controls_if\"><value name=\"IF0\"><block type=\"text_contains\"><value name=\"text\"><block type=\"string_iterator\"></block></value><value name=\"contains\"><block type=\"text\"><field name=\"TEXT\">tree_placer_process_limit : </field></block></value></block></value><statement name=\"DO0\"><block type=\"variables_set_number\"><mutation xmlns=\"http://www.w3.org/1999/xhtml\" is_player_var=\"false\" has_entity=\"false\"></mutation><field name=\"VAR\">global:tree_placer_process_limit</field><value name=\"VAL\"><block type=\"math_from_text\"><value name=\"NUMTEXT\"><block type=\"text_replace\"><value name=\"what\"><block type=\"text\"><field name=\"TEXT\">tree_placer_process_limit : </field></block></value><value name=\"with\"><block type=\"text\"><field name=\"TEXT\"></field></block></value><value name=\"text\"><block type=\"string_iterator\"></block></value></block></value></block></value></block></statement><next><block type=\"controls_if\"><value name=\"IF0\"><block type=\"text_contains\"><value name=\"text\"><block type=\"string_iterator\"></block></value><value name=\"contains\"><block type=\"text\"><field name=\"TEXT\">tree_placer_count_limit : </field></block></value></block></value><statement name=\"DO0\"><block type=\"variables_set_number\"><mutation xmlns=\"http://www.w3.org/1999/xhtml\" is_player_var=\"false\" has_entity=\"false\"></mutation><field name=\"VAR\">global:tree_placer_count_limit</field><value name=\"VAL\"><block type=\"math_from_text\"><value name=\"NUMTEXT\"><block type=\"text_replace\"><value name=\"what\"><block type=\"text\"><field name=\"TEXT\">tree_placer_count_limit : </field></block></value><value name=\"with\"><block type=\"text\"><field name=\"TEXT\"></field></block></value><value name=\"text\"><block type=\"string_iterator\"></block></value></block></value></block></value></block></statement><next><block type=\"controls_if\"><value name=\"IF0\"><block type=\"text_contains\"><value name=\"text\"><block type=\"string_iterator\"></block></value><value name=\"contains\"><block type=\"text\"><field name=\"TEXT\">tree_placer_distance_limit : </field></block></value></block></value><statement name=\"DO0\"><block type=\"variables_set_number\"><mutation xmlns=\"http://www.w3.org/1999/xhtml\" is_player_var=\"false\" has_entity=\"false\"></mutation><field name=\"VAR\">global:tree_placer_distance_limit</field><value name=\"VAL\"><block type=\"math_from_text\"><value name=\"NUMTEXT\"><block type=\"text_replace\"><value name=\"what\"><block type=\"text\"><field name=\"TEXT\">tree_placer_distance_limit : </field></block></value><value name=\"with\"><block type=\"text\"><field name=\"TEXT\"></field></block></value><value name=\"text\"><block type=\"string_iterator\"></block></value></block></value></block></value></block></statement><next><block type=\"controls_if\"><value name=\"IF0\"><block type=\"text_contains\"><value name=\"text\"><block type=\"string_iterator\"></block></value><value name=\"contains\"><block type=\"text\"><field name=\"TEXT\">global_rarity : </field></block></value></block></value><statement name=\"DO0\"><block type=\"variables_set_number\"><mutation xmlns=\"http://www.w3.org/1999/xhtml\" is_player_var=\"false\" has_entity=\"false\"></mutation><field name=\"VAR\">global:global_rarity</field><value name=\"VAL\"><block type=\"math_from_text\"><value name=\"NUMTEXT\"><block type=\"text_replace\"><value name=\"what\"><block type=\"text\"><field name=\"TEXT\">global_rarity : </field></block></value><value name=\"with\"><block type=\"text\"><field name=\"TEXT\"></field></block></value><value name=\"text\"><block type=\"string_iterator\"></block></value></block></value></block></value></block></statement><next><block type=\"controls_if\"><value name=\"IF0\"><block type=\"text_contains\"><value name=\"text\"><block type=\"string_iterator\"></block></value><value name=\"contains\"><block type=\"text\"><field name=\"TEXT\">safe_zone_spawn : </field></block></value></block></value><statement name=\"DO0\"><block type=\"variables_set_number\"><mutation xmlns=\"http://www.w3.org/1999/xhtml\" is_player_var=\"false\" has_entity=\"false\"></mutation><field name=\"VAR\">global:safe_zone_spawn</field><value name=\"VAL\"><block type=\"math_from_text\"><value name=\"NUMTEXT\"><block type=\"text_replace\"><value name=\"what\"><block type=\"text\"><field name=\"TEXT\">safe_zone_spawn : </field></block></value><value name=\"with\"><block type=\"text\"><field name=\"TEXT\"></field></block></value><value name=\"text\"><block type=\"string_iterator\"></block></value></block></value></block></value></block></statement><next><block type=\"controls_if\"><value name=\"IF0\"><block type=\"text_contains\"><value name=\"text\"><block type=\"string_iterator\"></block></value><value name=\"contains\"><block type=\"text\"><field name=\"TEXT\">safe_zone_village : </field></block></value></block></value><statement name=\"DO0\"><block type=\"variables_set_number\"><mutation xmlns=\"http://www.w3.org/1999/xhtml\" is_player_var=\"false\" has_entity=\"false\"></mutation><field name=\"VAR\">global:safe_zone_village</field><value name=\"VAL\"><block type=\"math_from_text\"><value name=\"NUMTEXT\"><block type=\"text_replace\"><value name=\"what\"><block type=\"text\"><field name=\"TEXT\">safe_zone_village : </field></block></value><value name=\"with\"><block type=\"text\"><field name=\"TEXT\"></field></block></value><value name=\"text\"><block type=\"string_iterator\"></block></value></block></value></block></value></block></statement><next><block type=\"controls_if\"><value name=\"IF0\"><block type=\"text_contains\"><value name=\"text\"><block type=\"string_iterator\"></block></value><value name=\"contains\"><block type=\"text\"><field name=\"TEXT\">tree_location : </field></block></value></block></value><statement name=\"DO0\"><block type=\"variables_set_logic\"><mutation xmlns=\"http://www.w3.org/1999/xhtml\" is_player_var=\"false\" has_entity=\"false\"></mutation><field name=\"VAR\">global:tree_location</field><value name=\"VAL\"><block type=\"text_binary_ops\"><value name=\"A\"><block type=\"text_replace\"><value name=\"what\"><block type=\"text\"><field name=\"TEXT\">tree_location : </field></block></value><value name=\"with\"><block type=\"text\"><field name=\"TEXT\"></field></block></value><value name=\"text\"><block type=\"string_iterator\"></block></value></block></value><value name=\"B\"><block type=\"text\"><field name=\"TEXT\">true</field></block></value></block></value></block></statement><next><block type=\"controls_if\"><value name=\"IF0\"><block type=\"text_contains\"><value name=\"text\"><block type=\"string_iterator\"></block></value><value name=\"contains\"><block type=\"text\"><field name=\"TEXT\">world_gen_roots : </field></block></value></block></value><statement name=\"DO0\"><block type=\"variables_set_logic\"><mutation xmlns=\"http://www.w3.org/1999/xhtml\" is_player_var=\"false\" has_entity=\"false\"></mutation><field name=\"VAR\">global:world_gen_roots</field><value name=\"VAL\"><block type=\"text_binary_ops\"><value name=\"A\"><block type=\"text_replace\"><value name=\"what\"><block type=\"text\"><field name=\"TEXT\">world_gen_roots : </field></block></value><value name=\"with\"><block type=\"text\"><field name=\"TEXT\"></field></block></value><value name=\"text\"><block type=\"string_iterator\"></block></value></block></value><value name=\"B\"><block type=\"text\"><field name=\"TEXT\">true</field></block></value></block></value></block></statement><next><block type=\"controls_if\"><value name=\"IF0\"><block type=\"text_contains\"><value name=\"text\"><block type=\"string_iterator\"></block></value><value name=\"contains\"><block type=\"text\"><field name=\"TEXT\">surface_smoothness_detection_size : </field></block></value></block></value><statement name=\"DO0\"><block type=\"variables_set_number\"><mutation xmlns=\"http://www.w3.org/1999/xhtml\" is_player_var=\"false\" has_entity=\"false\"></mutation><field name=\"VAR\">global:surface_detector_size</field><value name=\"VAL\"><block type=\"math_from_text\"><value name=\"NUMTEXT\"><block type=\"text_replace\"><value name=\"what\"><block type=\"text\"><field name=\"TEXT\">surface_smoothness_detection_size : </field></block></value><value name=\"with\"><block type=\"text\"><field name=\"TEXT\"></field></block></value><value name=\"text\"><block type=\"string_iterator\"></block></value></block></value></block></value></block></statement><next><block type=\"controls_if\"><value name=\"IF0\"><block type=\"text_contains\"><value name=\"text\"><block type=\"string_iterator\"></block></value><value name=\"contains\"><block type=\"text\"><field name=\"TEXT\">surface_smoothness_detection_height : </field></block></value></block></value><statement name=\"DO0\"><block type=\"variables_set_number\"><mutation xmlns=\"http://www.w3.org/1999/xhtml\" is_player_var=\"false\" has_entity=\"false\"></mutation><field name=\"VAR\">global:surface_detector_height</field><value name=\"VAL\"><block type=\"math_from_text\"><value name=\"NUMTEXT\"><block type=\"text_replace\"><value name=\"what\"><block type=\"text\"><field name=\"TEXT\">surface_smoothness_detection_height : </field></block></value><value name=\"with\"><block type=\"text\"><field name=\"TEXT\"></field></block></value><value name=\"text\"><block type=\"string_iterator\"></block></value></block></value></block></value></block></statement><next><block type=\"controls_if\"><value name=\"IF0\"><block type=\"text_contains\"><value name=\"text\"><block type=\"string_iterator\"></block></value><value name=\"contains\"><block type=\"text\"><field name=\"TEXT\">world_hight_limit : </field></block></value></block></value><statement name=\"DO0\"><block type=\"variables_set_number\"><mutation xmlns=\"http://www.w3.org/1999/xhtml\" is_player_var=\"false\" has_entity=\"false\"></mutation><field name=\"VAR\">global:world_hight_limit</field><value name=\"VAL\"><block type=\"math_from_text\"><value name=\"NUMTEXT\"><block type=\"text_replace\"><value name=\"what\"><block type=\"text\"><field name=\"TEXT\">world_hight_limit : </field></block></value><value name=\"with\"><block type=\"text\"><field name=\"TEXT\"></field></block></value><value name=\"text\"><block type=\"string_iterator\"></block></value></block></value></block></value></block></statement></block></next></block></next></block></next></block></next></block></next></block></next></block></next></block></next></block></next></block></next></block></next></block></next></block></statement></block></statement><next><block type=\"controls_if\"><value name=\"IF0\"><block type=\"logic_negate\"><value name=\"BOOL\"><block type=\"text_binary_ops\"><value name=\"A\"><block type=\"text\"><field name=\"TEXT\"></field></block></value><value name=\"B\"><block type=\"text\"><field name=\"TEXT\">RT Dynamic</field></block></value></block></value></block></value><statement name=\"DO0\"><block type=\"controls_if\" collapsed=\"true\"><value name=\"IF0\"><block type=\"logic_boolean\"><field name=\"BOOL\">TRUE</field></block></value><statement name=\"DO0\"><block type=\"controls_if\"><value name=\"IF0\"><block type=\"text_contains\"><value name=\"text\"><block type=\"string_iterator\"></block></value><value name=\"contains\"><block type=\"text\"><field name=\"TEXT\">rt_dynamic : </field></block></value></block></value><statement name=\"DO0\"><block type=\"variables_set_logic\"><mutation xmlns=\"http://www.w3.org/1999/xhtml\" is_player_var=\"false\" has_entity=\"false\"></mutation><field name=\"VAR\">global:rt_dynamic</field><value name=\"VAL\"><block type=\"text_binary_ops\"><value name=\"A\"><block type=\"text_replace\"><value name=\"what\"><block type=\"text\"><field name=\"TEXT\">rt_dynamic : </field></block></value><value name=\"with\"><block type=\"text\"><field name=\"TEXT\"></field></block></value><value name=\"text\"><block type=\"string_iterator\"></block></value></block></value><value name=\"B\"><block type=\"text\"><field name=\"TEXT\">true</field></block></value></block></value></block></statement><next><block type=\"controls_if\"><value name=\"IF0\"><block type=\"text_contains\"><value name=\"text\"><block type=\"string_iterator\"></block></value><value name=\"contains\"><block type=\"text\"><field name=\"TEXT\">rt_dynamic_tick : </field></block></value></block></value><statement name=\"DO0\"><block type=\"variables_set_number\"><mutation xmlns=\"http://www.w3.org/1999/xhtml\" is_player_var=\"false\" has_entity=\"false\"></mutation><field name=\"VAR\">global:rt_dynamic_tick_set</field><value name=\"VAL\"><block type=\"math_from_text\"><value name=\"NUMTEXT\"><block type=\"text_replace\"><value name=\"what\"><block type=\"text\"><field name=\"TEXT\">rt_dynamic_tick : </field></block></value><value name=\"with\"><block type=\"text\"><field name=\"TEXT\"></field></block></value><value name=\"text\"><block type=\"string_iterator\"></block></value></block></value></block></value></block></statement><next><block type=\"controls_if\"><value name=\"IF0\"><block type=\"text_contains\"><value name=\"text\"><block type=\"string_iterator\"></block></value><value name=\"contains\"><block type=\"text\"><field name=\"TEXT\">rt_dynamic_process_limit : </field></block></value></block></value><statement name=\"DO0\"><block type=\"variables_set_number\"><mutation xmlns=\"http://www.w3.org/1999/xhtml\" is_player_var=\"false\" has_entity=\"false\"></mutation><field name=\"VAR\">global:rt_dynamic_process_limit</field><value name=\"VAL\"><block type=\"math_from_text\"><value name=\"NUMTEXT\"><block type=\"text_replace\"><value name=\"what\"><block type=\"text\"><field name=\"TEXT\">rt_dynamic_process_limit : </field></block></value><value name=\"with\"><block type=\"text\"><field name=\"TEXT\"></field></block></value><value name=\"text\"><block type=\"string_iterator\"></block></value></block></value></block></value></block></statement><next><block type=\"controls_if\"><value name=\"IF0\"><block type=\"text_contains\"><value name=\"text\"><block type=\"string_iterator\"></block></value><value name=\"contains\"><block type=\"text\"><field name=\"TEXT\">rt_dynamic_simulation : </field></block></value></block></value><statement name=\"DO0\"><block type=\"variables_set_number\"><mutation xmlns=\"http://www.w3.org/1999/xhtml\" is_player_var=\"false\" has_entity=\"false\"></mutation><field name=\"VAR\">global:rt_dynamic_simulation</field><value name=\"VAL\"><block type=\"math_from_text\"><value name=\"NUMTEXT\"><block type=\"text_replace\"><value name=\"what\"><block type=\"text\"><field name=\"TEXT\">rt_dynamic_simulation : </field></block></value><value name=\"with\"><block type=\"text\"><field name=\"TEXT\"></field></block></value><value name=\"text\"><block type=\"string_iterator\"></block></value></block></value></block></value></block></statement><next><block type=\"controls_if\"><value name=\"IF0\"><block type=\"text_contains\"><value name=\"text\"><block type=\"string_iterator\"></block></value><value name=\"contains\"><block type=\"text\"><field name=\"TEXT\">season_detector : </field></block></value></block></value><statement name=\"DO0\"><block type=\"variables_set_logic\"><mutation xmlns=\"http://www.w3.org/1999/xhtml\" is_player_var=\"false\" has_entity=\"false\"></mutation><field name=\"VAR\">global:season_detector</field><value name=\"VAL\"><block type=\"text_binary_ops\"><value name=\"A\"><block type=\"text_replace\"><value name=\"what\"><block type=\"text\"><field name=\"TEXT\">season_detector : </field></block></value><value name=\"with\"><block type=\"text\"><field name=\"TEXT\"></field></block></value><value name=\"text\"><block type=\"string_iterator\"></block></value></block></value><value name=\"B\"><block type=\"text\"><field name=\"TEXT\">true</field></block></value></block></value></block></statement><next><block type=\"controls_if\"><value name=\"IF0\"><block type=\"text_contains\"><value name=\"text\"><block type=\"string_iterator\"></block></value><value name=\"contains\"><block type=\"text\"><field name=\"TEXT\">leaves_litter : </field></block></value></block></value><statement name=\"DO0\"><block type=\"variables_set_logic\"><mutation xmlns=\"http://www.w3.org/1999/xhtml\" is_player_var=\"false\" has_entity=\"false\"></mutation><field name=\"VAR\">global:leaves_litter</field><value name=\"VAL\"><block type=\"text_binary_ops\"><value name=\"A\"><block type=\"text_replace\"><value name=\"what\"><block type=\"text\"><field name=\"TEXT\">leaves_litter : </field></block></value><value name=\"with\"><block type=\"text\"><field name=\"TEXT\"></field></block></value><value name=\"text\"><block type=\"string_iterator\"></block></value></block></value><value name=\"B\"><block type=\"text\"><field name=\"TEXT\">true</field></block></value></block></value></block></statement><next><block type=\"controls_if\"><value name=\"IF0\"><block type=\"text_contains\"><value name=\"text\"><block type=\"string_iterator\"></block></value><value name=\"contains\"><block type=\"text\"><field name=\"TEXT\">pre_leaves_litter_chance : </field></block></value></block></value><statement name=\"DO0\"><block type=\"variables_set_number\"><mutation xmlns=\"http://www.w3.org/1999/xhtml\" is_player_var=\"false\" has_entity=\"false\"></mutation><field name=\"VAR\">global:pre_leaves_litter_chance</field><value name=\"VAL\"><block type=\"math_from_text\"><value name=\"NUMTEXT\"><block type=\"text_replace\"><value name=\"what\"><block type=\"text\"><field name=\"TEXT\">pre_leaves_litter_chance : </field></block></value><value name=\"with\"><block type=\"text\"><field name=\"TEXT\"></field></block></value><value name=\"text\"><block type=\"string_iterator\"></block></value></block></value></block></value></block></statement><next><block type=\"controls_if\"><value name=\"IF0\"><block type=\"text_contains\"><value name=\"text\"><block type=\"string_iterator\"></block></value><value name=\"contains\"><block type=\"text\"><field name=\"TEXT\">pre_leaves_litter_coniferous_chance : </field></block></value></block></value><statement name=\"DO0\"><block type=\"variables_set_number\"><mutation xmlns=\"http://www.w3.org/1999/xhtml\" is_player_var=\"false\" has_entity=\"false\"></mutation><field name=\"VAR\">global:pre_leaves_litter_coniferous_chance</field><value name=\"VAL\"><block type=\"math_from_text\"><value name=\"NUMTEXT\"><block type=\"text_replace\"><value name=\"what\"><block type=\"text\"><field name=\"TEXT\">pre_leaves_litter_coniferous_chance : </field></block></value><value name=\"with\"><block type=\"text\"><field name=\"TEXT\"></field></block></value><value name=\"text\"><block type=\"string_iterator\"></block></value></block></value></block></value></block></statement><next><block type=\"controls_if\"><value name=\"IF0\"><block type=\"text_contains\"><value name=\"text\"><block type=\"string_iterator\"></block></value><value name=\"contains\"><block type=\"text\"><field name=\"TEXT\">leaves_litter_remover_chance : </field></block></value></block></value><statement name=\"DO0\"><block type=\"variables_set_number\"><mutation xmlns=\"http://www.w3.org/1999/xhtml\" is_player_var=\"false\" has_entity=\"false\"></mutation><field name=\"VAR\">global:leaves_litter_remover_chance</field><value name=\"VAL\"><block type=\"math_from_text\"><value name=\"NUMTEXT\"><block type=\"text_replace\"><value name=\"what\"><block type=\"text\"><field name=\"TEXT\">leaves_litter_remover_chance : </field></block></value><value name=\"with\"><block type=\"text\"><field name=\"TEXT\"></field></block></value><value name=\"text\"><block type=\"string_iterator\"></block></value></block></value></block></value></block></statement><next><block type=\"controls_if\"><value name=\"IF0\"><block type=\"text_contains\"><value name=\"text\"><block type=\"string_iterator\"></block></value><value name=\"contains\"><block type=\"text\"><field name=\"TEXT\">leaves_litter_remover_count_limit : </field></block></value></block></value><statement name=\"DO0\"><block type=\"variables_set_number\"><mutation xmlns=\"http://www.w3.org/1999/xhtml\" is_player_var=\"false\" has_entity=\"false\"></mutation><field name=\"VAR\">global:leaves_litter_remover_count_limit</field><value name=\"VAL\"><block type=\"math_from_text\"><value name=\"NUMTEXT\"><block type=\"text_replace\"><value name=\"what\"><block type=\"text\"><field name=\"TEXT\">leaves_litter_remover_count_limit : </field></block></value><value name=\"with\"><block type=\"text\"><field name=\"TEXT\"></field></block></value><value name=\"text\"><block type=\"string_iterator\"></block></value></block></value></block></value></block></statement></block></next></block></next></block></next></block></next></block></next></block></next></block></next></block></next></block></next></block></statement></block></statement><next><block type=\"controls_if\"><value name=\"IF0\"><block type=\"logic_negate\"><value name=\"BOOL\"><block type=\"text_binary_ops\"><value name=\"A\"><block type=\"text\"><field name=\"TEXT\"></field></block></value><value name=\"B\"><block type=\"text\"><field name=\"TEXT\">RT Dynamic : Leaves Drop and Regrow</field></block></value></block></value></block></value><statement name=\"DO0\"><block type=\"controls_if\"><value name=\"IF0\"><block type=\"logic_boolean\"><field name=\"BOOL\">TRUE</field></block></value><statement name=\"DO0\"><block type=\"controls_if\"><value name=\"IF0\"><block type=\"text_contains\"><value name=\"text\"><block type=\"string_iterator\"></block></value><value name=\"contains\"><block type=\"text\"><field name=\"TEXT\">leaves_drop_animation_chance : </field></block></value></block></value><statement name=\"DO0\"><block type=\"variables_set_number\"><mutation xmlns=\"http://www.w3.org/1999/xhtml\" is_player_var=\"false\" has_entity=\"false\"></mutation><field name=\"VAR\">global:leaves_drop_animation_chance</field><value name=\"VAL\"><block type=\"math_from_text\"><value name=\"NUMTEXT\"><block type=\"text_replace\"><value name=\"what\"><block type=\"text\"><field name=\"TEXT\">leaves_drop_animation_chance : </field></block></value><value name=\"with\"><block type=\"text\"><field name=\"TEXT\"></field></block></value><value name=\"text\"><block type=\"string_iterator\"></block></value></block></value></block></value></block></statement><next><block type=\"controls_if\"><value name=\"IF0\"><block type=\"text_contains\"><value name=\"text\"><block type=\"string_iterator\"></block></value><value name=\"contains\"><block type=\"text\"><field name=\"TEXT\">leaves_drop_animation_count_limit : </field></block></value></block></value><statement name=\"DO0\"><block type=\"variables_set_number\"><mutation xmlns=\"http://www.w3.org/1999/xhtml\" is_player_var=\"false\" has_entity=\"false\"></mutation><field name=\"VAR\">global:leaves_drop_animation_count_limit</field><value name=\"VAL\"><block type=\"math_from_text\"><value name=\"NUMTEXT\"><block type=\"text_replace\"><value name=\"what\"><block type=\"text\"><field name=\"TEXT\">leaves_drop_animation_count_limit : </field></block></value><value name=\"with\"><block type=\"text\"><field name=\"TEXT\"></field></block></value><value name=\"text\"><block type=\"string_iterator\"></block></value></block></value></block></value></block></statement><next><block type=\"controls_if\" collapsed=\"true\"><value name=\"IF0\"><block type=\"logic_boolean\"><field name=\"BOOL\">TRUE</field></block></value><statement name=\"DO0\"><block type=\"controls_if\"><value name=\"IF0\"><block type=\"text_contains\"><value name=\"text\"><block type=\"string_iterator\"></block></value><value name=\"contains\"><block type=\"text\"><field name=\"TEXT\">leaves_regrow_spring_chance : </field></block></value></block></value><statement name=\"DO0\"><block type=\"variables_set_number\"><mutation xmlns=\"http://www.w3.org/1999/xhtml\" is_player_var=\"false\" has_entity=\"false\"></mutation><field name=\"VAR\">global:leaves_regrow_spring_chance</field><value name=\"VAL\"><block type=\"math_from_text\"><value name=\"NUMTEXT\"><block type=\"text_replace\"><value name=\"what\"><block type=\"text\"><field name=\"TEXT\">leaves_regrow_spring_chance : </field></block></value><value name=\"with\"><block type=\"text\"><field name=\"TEXT\"></field></block></value><value name=\"text\"><block type=\"string_iterator\"></block></value></block></value></block></value></block></statement><next><block type=\"controls_if\"><value name=\"IF0\"><block type=\"text_contains\"><value name=\"text\"><block type=\"string_iterator\"></block></value><value name=\"contains\"><block type=\"text\"><field name=\"TEXT\">leaves_regrow_summer_chance : </field></block></value></block></value><statement name=\"DO0\"><block type=\"variables_set_number\"><mutation xmlns=\"http://www.w3.org/1999/xhtml\" is_player_var=\"false\" has_entity=\"false\"></mutation><field name=\"VAR\">global:leaves_regrow_summer_chance</field><value name=\"VAL\"><block type=\"math_from_text\"><value name=\"NUMTEXT\"><block type=\"text_replace\"><value name=\"what\"><block type=\"text\"><field name=\"TEXT\">leaves_regrow_summer_chance : </field></block></value><value name=\"with\"><block type=\"text\"><field name=\"TEXT\"></field></block></value><value name=\"text\"><block type=\"string_iterator\"></block></value></block></value></block></value></block></statement><next><block type=\"controls_if\"><value name=\"IF0\"><block type=\"text_contains\"><value name=\"text\"><block type=\"string_iterator\"></block></value><value name=\"contains\"><block type=\"text\"><field name=\"TEXT\">leaves_regrow_autumn_chance : </field></block></value></block></value><statement name=\"DO0\"><block type=\"variables_set_number\"><mutation xmlns=\"http://www.w3.org/1999/xhtml\" is_player_var=\"false\" has_entity=\"false\"></mutation><field name=\"VAR\">global:leaves_regrow_autumn_chance</field><value name=\"VAL\"><block type=\"math_from_text\"><value name=\"NUMTEXT\"><block type=\"text_replace\"><value name=\"what\"><block type=\"text\"><field name=\"TEXT\">leaves_regrow_autumn_chance : </field></block></value><value name=\"with\"><block type=\"text\"><field name=\"TEXT\"></field></block></value><value name=\"text\"><block type=\"string_iterator\"></block></value></block></value></block></value></block></statement><next><block type=\"controls_if\"><value name=\"IF0\"><block type=\"text_contains\"><value name=\"text\"><block type=\"string_iterator\"></block></value><value name=\"contains\"><block type=\"text\"><field name=\"TEXT\">leaves_regrow_winter_chance : </field></block></value></block></value><statement name=\"DO0\"><block type=\"variables_set_number\"><mutation xmlns=\"http://www.w3.org/1999/xhtml\" is_player_var=\"false\" has_entity=\"false\"></mutation><field name=\"VAR\">global:leaves_regrow_winter_chance</field><value name=\"VAL\"><block type=\"math_from_text\"><value name=\"NUMTEXT\"><block type=\"text_replace\"><value name=\"what\"><block type=\"text\"><field name=\"TEXT\">leaves_regrow_winter_chance : </field></block></value><value name=\"with\"><block type=\"text\"><field name=\"TEXT\"></field></block></value><value name=\"text\"><block type=\"string_iterator\"></block></value></block></value></block></value></block></statement></block></next></block></next></block></next></block></statement><next><block type=\"controls_if\" collapsed=\"true\"><value name=\"IF0\"><block type=\"logic_boolean\"><field name=\"BOOL\">TRUE</field></block></value><statement name=\"DO0\"><block type=\"controls_if\"><value name=\"IF0\"><block type=\"text_contains\"><value name=\"text\"><block type=\"string_iterator\"></block></value><value name=\"contains\"><block type=\"text\"><field name=\"TEXT\">leaves_drop_spring_chance : </field></block></value></block></value><statement name=\"DO0\"><block type=\"variables_set_number\"><mutation xmlns=\"http://www.w3.org/1999/xhtml\" is_player_var=\"false\" has_entity=\"false\"></mutation><field name=\"VAR\">global:leaves_drop_spring_chance</field><value name=\"VAL\"><block type=\"math_from_text\"><value name=\"NUMTEXT\"><block type=\"text_replace\"><value name=\"what\"><block type=\"text\"><field name=\"TEXT\">leaves_drop_spring_chance : </field></block></value><value name=\"with\"><block type=\"text\"><field name=\"TEXT\"></field></block></value><value name=\"text\"><block type=\"string_iterator\"></block></value></block></value></block></value></block></statement><next><block type=\"controls_if\"><value name=\"IF0\"><block type=\"text_contains\"><value name=\"text\"><block type=\"string_iterator\"></block></value><value name=\"contains\"><block type=\"text\"><field name=\"TEXT\">leaves_drop_summer_chance : </field></block></value></block></value><statement name=\"DO0\"><block type=\"variables_set_number\"><mutation xmlns=\"http://www.w3.org/1999/xhtml\" is_player_var=\"false\" has_entity=\"false\"></mutation><field name=\"VAR\">global:leaves_drop_summer_chance</field><value name=\"VAL\"><block type=\"math_from_text\"><value name=\"NUMTEXT\"><block type=\"text_replace\"><value name=\"what\"><block type=\"text\"><field name=\"TEXT\">leaves_drop_summer_chance : </field></block></value><value name=\"with\"><block type=\"text\"><field name=\"TEXT\"></field></block></value><value name=\"text\"><block type=\"string_iterator\"></block></value></block></value></block></value></block></statement><next><block type=\"controls_if\"><value name=\"IF0\"><block type=\"text_contains\"><value name=\"text\"><block type=\"string_iterator\"></block></value><value name=\"contains\"><block type=\"text\"><field name=\"TEXT\">leaves_drop_autumn_chance : </field></block></value></block></value><statement name=\"DO0\"><block type=\"variables_set_number\"><mutation xmlns=\"http://www.w3.org/1999/xhtml\" is_player_var=\"false\" has_entity=\"false\"></mutation><field name=\"VAR\">global:leaves_drop_autumn_chance</field><value name=\"VAL\"><block type=\"math_from_text\"><value name=\"NUMTEXT\"><block type=\"text_replace\"><value name=\"what\"><block type=\"text\"><field name=\"TEXT\">leaves_drop_autumn_chance : </field></block></value><value name=\"with\"><block type=\"text\"><field name=\"TEXT\"></field></block></value><value name=\"text\"><block type=\"string_iterator\"></block></value></block></value></block></value></block></statement><next><block type=\"controls_if\"><value name=\"IF0\"><block type=\"text_contains\"><value name=\"text\"><block type=\"string_iterator\"></block></value><value name=\"contains\"><block type=\"text\"><field name=\"TEXT\">leaves_drop_winter_chance : </field></block></value></block></value><statement name=\"DO0\"><block type=\"variables_set_number\"><mutation xmlns=\"http://www.w3.org/1999/xhtml\" is_player_var=\"false\" has_entity=\"false\"></mutation><field name=\"VAR\">global:leaves_drop_winter_chance</field><value name=\"VAL\"><block type=\"math_from_text\"><value name=\"NUMTEXT\"><block type=\"text_replace\"><value name=\"what\"><block type=\"text\"><field name=\"TEXT\">leaves_drop_winter_chance : </field></block></value><value name=\"with\"><block type=\"text\"><field name=\"TEXT\"></field></block></value><value name=\"text\"><block type=\"string_iterator\"></block></value></block></value></block></value></block></statement></block></next></block></next></block></next></block></statement><next><block type=\"controls_if\"><value name=\"IF0\"><block type=\"logic_boolean\"><field name=\"BOOL\">TRUE</field></block></value><statement name=\"DO0\"><block type=\"controls_if\"><value name=\"IF0\"><block type=\"text_contains\"><value name=\"text\"><block type=\"string_iterator\"></block></value><value name=\"contains\"><block type=\"text\"><field name=\"TEXT\">leaves_regrow_chance_coniferous : </field></block></value></block></value><statement name=\"DO0\"><block type=\"variables_set_number\"><mutation xmlns=\"http://www.w3.org/1999/xhtml\" is_player_var=\"false\" has_entity=\"false\"></mutation><field name=\"VAR\">global:leaves_regrow_chance_coniferous</field><value name=\"VAL\"><block type=\"math_from_text\"><value name=\"NUMTEXT\"><block type=\"text_replace\"><value name=\"what\"><block type=\"text\"><field name=\"TEXT\">leaves_regrow_chance_coniferous : </field></block></value><value name=\"with\"><block type=\"text\"><field name=\"TEXT\"></field></block></value><value name=\"text\"><block type=\"string_iterator\"></block></value></block></value></block></value></block></statement><next><block type=\"controls_if\"><value name=\"IF0\"><block type=\"text_contains\"><value name=\"text\"><block type=\"string_iterator\"></block></value><value name=\"contains\"><block type=\"text\"><field name=\"TEXT\">leaves_drop_chance_coniferous : </field></block></value></block></value><statement name=\"DO0\"><block type=\"variables_set_number\"><mutation xmlns=\"http://www.w3.org/1999/xhtml\" is_player_var=\"false\" has_entity=\"false\"></mutation><field name=\"VAR\">global:leaves_drop_chance_coniferous</field><value name=\"VAL\"><block type=\"math_from_text\"><value name=\"NUMTEXT\"><block type=\"text_replace\"><value name=\"what\"><block type=\"text\"><field name=\"TEXT\">leaves_drop_chance_coniferous : </field></block></value><value name=\"with\"><block type=\"text\"><field name=\"TEXT\"></field></block></value><value name=\"text\"><block type=\"string_iterator\"></block></value></block></value></block></value></block></statement></block></next></block></statement></block></next></block></next></block></next></block></next></block></statement></block></statement><next><block type=\"controls_if\"><value name=\"IF0\"><block type=\"logic_negate\"><value name=\"BOOL\"><block type=\"text_binary_ops\"><value name=\"A\"><block type=\"text\"><field name=\"TEXT\"></field></block></value><value name=\"B\"><block type=\"text\"><field name=\"TEXT\">Realtime Generation : Performance</field></block></value></block></value></block></value><statement name=\"DO0\"><block type=\"controls_if\" collapsed=\"true\"><value name=\"IF0\"><block type=\"logic_boolean\"><field name=\"BOOL\">TRUE</field></block></value><statement name=\"DO0\"><block type=\"controls_if\"><value name=\"IF0\"><block type=\"text_contains\"><value name=\"text\"><block type=\"string_iterator\"></block></value><value name=\"contains\"><block type=\"text\"><field name=\"TEXT\">count_max : </field></block></value></block></value><statement name=\"DO0\"><block type=\"variables_set_number\"><mutation xmlns=\"http://www.w3.org/1999/xhtml\" is_player_var=\"false\" has_entity=\"false\"></mutation><field name=\"VAR\">global:generation_count_max</field><value name=\"VAL\"><block type=\"math_from_text\"><value name=\"NUMTEXT\"><block type=\"text_replace\"><value name=\"what\"><block type=\"text\"><field name=\"TEXT\">count_max : </field></block></value><value name=\"with\"><block type=\"text\"><field name=\"TEXT\"></field></block></value><value name=\"text\"><block type=\"string_iterator\"></block></value></block></value></block></value></block></statement><next><block type=\"controls_if\"><value name=\"IF0\"><block type=\"text_contains\"><value name=\"text\"><block type=\"string_iterator\"></block></value><value name=\"contains\"><block type=\"text\"><field name=\"TEXT\">distance_max : </field></block></value></block></value><statement name=\"DO0\"><block type=\"variables_set_number\"><mutation xmlns=\"http://www.w3.org/1999/xhtml\" is_player_var=\"false\" has_entity=\"false\"></mutation><field name=\"VAR\">global:generation_distance_max</field><value name=\"VAL\"><block type=\"math_from_text\"><value name=\"NUMTEXT\"><block type=\"text_replace\"><value name=\"what\"><block type=\"text\"><field name=\"TEXT\">distance_max : </field></block></value><value name=\"with\"><block type=\"text\"><field name=\"TEXT\"></field></block></value><value name=\"text\"><block type=\"string_iterator\"></block></value></block></value></block></value></block></statement><next><block type=\"controls_if\"><value name=\"IF0\"><block type=\"text_contains\"><value name=\"text\"><block type=\"string_iterator\"></block></value><value name=\"contains\"><block type=\"text\"><field name=\"TEXT\">tp_limit : </field></block></value></block></value><statement name=\"DO0\"><block type=\"variables_set_number\"><mutation xmlns=\"http://www.w3.org/1999/xhtml\" is_player_var=\"false\" has_entity=\"false\"></mutation><field name=\"VAR\">global:tp_limit</field><value name=\"VAL\"><block type=\"math_from_text\"><value name=\"NUMTEXT\"><block type=\"text_replace\"><value name=\"what\"><block type=\"text\"><field name=\"TEXT\">tp_limit : </field></block></value><value name=\"with\"><block type=\"text\"><field name=\"TEXT\"></field></block></value><value name=\"text\"><block type=\"string_iterator\"></block></value></block></value></block></value></block></statement><next><block type=\"controls_if\"><value name=\"IF0\"><block type=\"text_contains\"><value name=\"text\"><block type=\"string_iterator\"></block></value><value name=\"contains\"><block type=\"text\"><field name=\"TEXT\">global_speed_enable : </field></block></value></block></value><statement name=\"DO0\"><block type=\"variables_set_logic\"><mutation xmlns=\"http://www.w3.org/1999/xhtml\" is_player_var=\"false\" has_entity=\"false\"></mutation><field name=\"VAR\">global:global_generate_speed</field><value name=\"VAL\"><block type=\"text_binary_ops\"><value name=\"A\"><block type=\"text_replace\"><value name=\"what\"><block type=\"text\"><field name=\"TEXT\">global_speed_enable : </field></block></value><value name=\"with\"><block type=\"text\"><field name=\"TEXT\"></field></block></value><value name=\"text\"><block type=\"string_iterator\"></block></value></block></value><value name=\"B\"><block type=\"text\"><field name=\"TEXT\">true</field></block></value></block></value></block></statement><next><block type=\"controls_if\"><value name=\"IF0\"><block type=\"text_contains\"><value name=\"text\"><block type=\"string_iterator\"></block></value><value name=\"contains\"><block type=\"text\"><field name=\"TEXT\">global_speed : </field></block></value></block></value><statement name=\"DO0\"><block type=\"variables_set_number\"><mutation xmlns=\"http://www.w3.org/1999/xhtml\" is_player_var=\"false\" has_entity=\"false\"></mutation><field name=\"VAR\">global:global_generate_speed_speed</field><value name=\"VAL\"><block type=\"math_from_text\"><value name=\"NUMTEXT\"><block type=\"text_replace\"><value name=\"what\"><block type=\"text\"><field name=\"TEXT\">global_speed : </field></block></value><value name=\"with\"><block type=\"text\"><field name=\"TEXT\"></field></block></value><value name=\"text\"><block type=\"string_iterator\"></block></value></block></value></block></value></block></statement><next><block type=\"controls_if\"><value name=\"IF0\"><block type=\"text_contains\"><value name=\"text\"><block type=\"string_iterator\"></block></value><value name=\"contains\"><block type=\"text\"><field name=\"TEXT\">global_speed_repeat : </field></block></value></block></value><statement name=\"DO0\"><block type=\"variables_set_number\"><mutation xmlns=\"http://www.w3.org/1999/xhtml\" is_player_var=\"false\" has_entity=\"false\"></mutation><field name=\"VAR\">global:global_generate_speed_repeat</field><value name=\"VAL\"><block type=\"math_from_text\"><value name=\"NUMTEXT\"><block type=\"text_replace\"><value name=\"what\"><block type=\"text\"><field name=\"TEXT\">global_speed_repeat : </field></block></value><value name=\"with\"><block type=\"text\"><field name=\"TEXT\"></field></block></value><value name=\"text\"><block type=\"string_iterator\"></block></value></block></value></block></value></block></statement></block></next></block></next></block></next></block></next></block></next></block></statement></block></statement><next><block type=\"controls_if\"><value name=\"IF0\"><block type=\"logic_negate\"><value name=\"BOOL\"><block type=\"text_binary_ops\"><value name=\"A\"><block type=\"text\"><field name=\"TEXT\"></field></block></value><value name=\"B\"><block type=\"text\"><field name=\"TEXT\">Realtime Generation : Quality</field></block></value></block></value></block></value><statement name=\"DO0\"><block type=\"controls_if\" collapsed=\"true\"><value name=\"IF0\"><block type=\"logic_boolean\"><field name=\"BOOL\">TRUE</field></block></value><statement name=\"DO0\"><block type=\"controls_if\"><value name=\"IF0\"><block type=\"text_contains\"><value name=\"text\"><block type=\"string_iterator\"></block></value><value name=\"contains\"><block type=\"text\"><field name=\"TEXT\">square_parts : </field></block></value></block></value><statement name=\"DO0\"><block type=\"variables_set_logic\"><mutation xmlns=\"http://www.w3.org/1999/xhtml\" is_player_var=\"false\" has_entity=\"false\"></mutation><field name=\"VAR\">global:square_parts</field><value name=\"VAL\"><block type=\"text_binary_ops\"><value name=\"A\"><block type=\"text_replace\"><value name=\"what\"><block type=\"text\"><field name=\"TEXT\">square_parts : </field></block></value><value name=\"with\"><block type=\"text\"><field name=\"TEXT\"></field></block></value><value name=\"text\"><block type=\"string_iterator\"></block></value></block></value><value name=\"B\"><block type=\"text\"><field name=\"TEXT\">true</field></block></value></block></value></block></statement><next><block type=\"controls_if\"><value name=\"IF0\"><block type=\"text_contains\"><value name=\"text\"><block type=\"string_iterator\"></block></value><value name=\"contains\"><block type=\"text\"><field name=\"TEXT\">square_leaves : </field></block></value></block></value><statement name=\"DO0\"><block type=\"variables_set_logic\"><mutation xmlns=\"http://www.w3.org/1999/xhtml\" is_player_var=\"false\" has_entity=\"false\"></mutation><field name=\"VAR\">global:square_leaves</field><value name=\"VAL\"><block type=\"text_binary_ops\"><value name=\"A\"><block type=\"text_replace\"><value name=\"what\"><block type=\"text\"><field name=\"TEXT\">square_leaves : </field></block></value><value name=\"with\"><block type=\"text\"><field name=\"TEXT\"></field></block></value><value name=\"text\"><block type=\"string_iterator\"></block></value></block></value><value name=\"B\"><block type=\"text\"><field name=\"TEXT\">true</field></block></value></block></value></block></statement><next><block type=\"controls_if\"><value name=\"IF0\"><block type=\"text_contains\"><value name=\"text\"><block type=\"string_iterator\"></block></value><value name=\"contains\"><block type=\"text\"><field name=\"TEXT\">rt_roots : </field></block></value></block></value><statement name=\"DO0\"><block type=\"variables_set_number\"><mutation xmlns=\"http://www.w3.org/1999/xhtml\" is_player_var=\"false\" has_entity=\"false\"></mutation><field name=\"VAR\">global:rt_roots</field><value name=\"VAL\"><block type=\"math_from_text\"><value name=\"NUMTEXT\"><block type=\"text_replace\"><value name=\"what\"><block type=\"text\"><field name=\"TEXT\">rt_roots : </field></block></value><value name=\"with\"><block type=\"text\"><field name=\"TEXT\"></field></block></value><value name=\"text\"><block type=\"string_iterator\"></block></value></block></value></block></value></block></statement><next><block type=\"controls_if\"><value name=\"IF0\"><block type=\"text_contains\"><value name=\"text\"><block type=\"string_iterator\"></block></value><value name=\"contains\"><block type=\"text\"><field name=\"TEXT\">grid_fix : </field></block></value></block></value><statement name=\"DO0\"><block type=\"variables_set_logic\"><mutation xmlns=\"http://www.w3.org/1999/xhtml\" is_player_var=\"false\" has_entity=\"false\"></mutation><field name=\"VAR\">global:grid_fix</field><value name=\"VAL\"><block type=\"text_binary_ops\"><value name=\"A\"><block type=\"text_replace\"><value name=\"what\"><block type=\"text\"><field name=\"TEXT\">grid_fix : </field></block></value><value name=\"with\"><block type=\"text\"><field name=\"TEXT\"></field></block></value><value name=\"text\"><block type=\"string_iterator\"></block></value></block></value><value name=\"B\"><block type=\"text\"><field name=\"TEXT\">true</field></block></value></block></value></block></statement><next><block type=\"controls_if\"><value name=\"IF0\"><block type=\"text_contains\"><value name=\"text\"><block type=\"string_iterator\"></block></value><value name=\"contains\"><block type=\"text\"><field name=\"TEXT\">no_core : </field></block></value></block></value><statement name=\"DO0\"><block type=\"variables_set_logic\"><mutation xmlns=\"http://www.w3.org/1999/xhtml\" is_player_var=\"false\" has_entity=\"false\"></mutation><field name=\"VAR\">global:no_core</field><value name=\"VAL\"><block type=\"text_binary_ops\"><value name=\"A\"><block type=\"text_replace\"><value name=\"what\"><block type=\"text\"><field name=\"TEXT\">no_core : </field></block></value><value name=\"with\"><block type=\"text\"><field name=\"TEXT\"></field></block></value><value name=\"text\"><block type=\"string_iterator\"></block></value></block></value><value name=\"B\"><block type=\"text\"><field name=\"TEXT\">true</field></block></value></block></value></block></statement></block></next></block></next></block></next></block></next></block></statement></block></statement><next><block type=\"controls_if\"><value name=\"IF0\"><block type=\"logic_negate\"><value name=\"BOOL\"><block type=\"text_binary_ops\"><value name=\"A\"><block type=\"text\"><field name=\"TEXT\"></field></block></value><value name=\"B\"><block type=\"text\"><field name=\"TEXT\">Misc</field></block></value></block></value></block></value><statement name=\"DO0\"><block type=\"controls_if\" collapsed=\"true\"><value name=\"IF0\"><block type=\"logic_boolean\"><field name=\"BOOL\">TRUE</field></block></value><statement name=\"DO0\"><block type=\"controls_if\"><value name=\"IF0\"><block type=\"text_contains\"><value name=\"text\"><block type=\"string_iterator\"></block></value><value name=\"contains\"><block type=\"text\"><field name=\"TEXT\">developer_mode : </field></block></value></block></value><statement name=\"DO0\"><block type=\"variables_set_logic\"><mutation xmlns=\"http://www.w3.org/1999/xhtml\" is_player_var=\"false\" has_entity=\"false\"></mutation><field name=\"VAR\">global:developer_mode</field><value name=\"VAL\"><block type=\"text_binary_ops\"><value name=\"A\"><block type=\"text_replace\"><value name=\"what\"><block type=\"text\"><field name=\"TEXT\">developer_mode : </field></block></value><value name=\"with\"><block type=\"text\"><field name=\"TEXT\"></field></block></value><value name=\"text\"><block type=\"string_iterator\"></block></value></block></value><value name=\"B\"><block type=\"text\"><field name=\"TEXT\">true</field></block></value></block></value></block></statement><next><block type=\"controls_if\"><value name=\"IF0\"><block type=\"text_contains\"><value name=\"text\"><block type=\"string_iterator\"></block></value><value name=\"contains\"><block type=\"text\"><field name=\"TEXT\">fireworks : </field></block></value></block></value><statement name=\"DO0\"><block type=\"variables_set_logic\"><mutation xmlns=\"http://www.w3.org/1999/xhtml\" is_player_var=\"false\" has_entity=\"false\"></mutation><field name=\"VAR\">global:fireworks</field><value name=\"VAL\"><block type=\"text_binary_ops\"><value name=\"A\"><block type=\"text_replace\"><value name=\"what\"><block type=\"text\"><field name=\"TEXT\">fireworks : </field></block></value><value name=\"with\"><block type=\"text\"><field name=\"TEXT\"></field></block></value><value name=\"text\"><block type=\"string_iterator\"></block></value></block></value><value name=\"B\"><block type=\"text\"><field name=\"TEXT\">true</field></block></value></block></value></block></statement></block></next></block></statement></block></statement></block></next></block></next></block></next></block></next></block></next></block></next></block></statement></block></statement></block></statement></block></next></block></next></block></next></block></xml>"
  }
}