{
  "_fv": 66,
  "_type": "procedure",
  "definition": {
    "procedurexml": "<?xml version=\"1.0\" encoding=\"UTF-8\" standalone=\"no\"?><xml xmlns=\"https://developers.google.com/blockly/xml\"><block deletable=\"false\" type=\"event_trigger\" x=\"40\" y=\"40\"><field name=\"trigger\">no_ext_trigger</field><next><block type=\"controls_if\"><value name=\"IF0\"><block type=\"logic_binary_ops\"><field name=\"OP\">EQ</field><value name=\"A\"><block type=\"block_nbt_logic_get\"><value name=\"tagName\"><block type=\"text\"><field name=\"TEXT\">sapling_start</field></block></value><value name=\"x\"><block type=\"coord_x\"/></value><value name=\"y\"><block type=\"coord_y\"/></value><value name=\"z\"><block type=\"coord_z\"/></value></block></value><value name=\"B\"><block type=\"logic_boolean\"><field name=\"BOOL\">TRUE</field></block></value></block></value><statement name=\"DO0\"><block type=\"controls_if\"><mutation else=\"1\"/><value name=\"IF0\"><block type=\"math_binary_ops\"><field name=\"OP\">GT</field><value name=\"A\"><block type=\"block_nbt_num_get\"><value name=\"tagName\"><block type=\"text\"><field name=\"TEXT\">countdown</field></block></value><value name=\"x\"><block type=\"coord_x\"/></value><value name=\"y\"><block type=\"coord_y\"/></value><value name=\"z\"><block type=\"coord_z\"/></value></block></value><value name=\"B\"><block type=\"math_number\"><field name=\"NUM\">0</field></block></value></block></value><statement name=\"DO0\"><block type=\"block_nbt_num_set\"><value name=\"tagName\"><block type=\"text\"><field name=\"TEXT\">countdown</field></block></value><value name=\"x\"><block type=\"coord_x\"/></value><value name=\"y\"><block type=\"coord_y\"/></value><value name=\"z\"><block type=\"coord_z\"/></value><value name=\"tagValue\"><block type=\"math_dual_ops\"><field name=\"OP\">MINUS</field><value name=\"A\"><block type=\"block_nbt_num_get\"><value name=\"tagName\"><block type=\"text\"><field name=\"TEXT\">countdown</field></block></value><value name=\"x\"><block type=\"coord_x\"/></value><value name=\"y\"><block type=\"coord_y\"/></value><value name=\"z\"><block type=\"coord_z\"/></value></block></value><value name=\"B\"><block type=\"math_number\"><field name=\"NUM\">1</field></block></value></block></value><next><block type=\"execute_command\"><value name=\"command\"><block type=\"text_join\"><mutation items=\"3\"/><value name=\"ADD0\"><block type=\"text\"><field name=\"TEXT\">execute positioned ~0.5 ~0.5 ~0.5 as @e[tag=THT-tree_countdown,distance=..1,limit=1,sort=nearest] at @s run data merge entity @s {CustomName:'{\"text\":\"</field></block></value><value name=\"ADD1\"><block type=\"text_replace\"><value name=\"what\"><block type=\"text\"><field name=\"TEXT\">.0</field></block></value><value name=\"with\"><block type=\"text\"><field name=\"TEXT\"/></block></value><value name=\"text\"><block type=\"text_format_number\"><value name=\"number\"><block type=\"block_nbt_num_get\"><value name=\"tagName\"><block type=\"text\"><field name=\"TEXT\">countdown</field></block></value><value name=\"x\"><block type=\"coord_x\"/></value><value name=\"y\"><block type=\"coord_y\"/></value><value name=\"z\"><block type=\"coord_z\"/></value></block></value><value name=\"format\"><block type=\"text\"><field name=\"TEXT\">##.##</field></block></value></block></value></block></value><value name=\"ADD2\"><block type=\"text\"><field name=\"TEXT\">\",\"color\":\"red\"}'}</field></block></value></block></value><value name=\"x\"><block type=\"coord_x\"/></value><value name=\"y\"><block type=\"coord_y\"/></value><value name=\"z\"><block type=\"coord_z\"/></value></block></next></block></statement><statement name=\"ELSE\"><block type=\"execute_command\"><value name=\"command\"><block type=\"text\"><field name=\"TEXT\">execute positioned ~0.5 ~0.75 ~0.5 run kill @e[tag=THT-tree_countdown,distance=..1]</field></block></value><value name=\"x\"><block type=\"coord_x\"/></value><value name=\"y\"><block type=\"coord_y\"/></value><value name=\"z\"><block type=\"coord_z\"/></value><next><block type=\"controls_if\"><value name=\"IF0\"><block type=\"compare_mcblocks\"><value name=\"a\"><block type=\"world_data_blockat\"><value name=\"x\"><block type=\"coord_x\"/></value><value name=\"y\"><block type=\"math_dual_ops\"><field name=\"OP\">MINUS</field><value name=\"A\"><block type=\"coord_y\"/></value><value name=\"B\"><block type=\"math_number\"><field name=\"NUM\">1</field></block></value></block></value><value name=\"z\"><block type=\"coord_z\"/></value></block></value><value name=\"b\"><block type=\"mcitem_allblocks\"><field name=\"value\">Blocks.STRUCTURE_BLOCK#2</field></block></value></block></value><statement name=\"DO0\"><block type=\"block_nbt_logic_set\"><value name=\"tagName\"><block type=\"text\"><field name=\"TEXT\">grid_fix</field></block></value><value name=\"x\"><block type=\"coord_x\"/></value><value name=\"y\"><block type=\"coord_y\"/></value><value name=\"z\"><block type=\"coord_z\"/></value><value name=\"tagValue\"><block type=\"logic_boolean\"><field name=\"BOOL\">TRUE</field></block></value></block></statement><next><block type=\"execute_command\"><value name=\"command\"><block type=\"text\"><field name=\"TEXT\">summon armor_stand ~0.5 ~0.5 ~0.5 {Tags:[\"THT-random_tree\"],NoGravity:1b,Marker:1b,Invisible:1b,CustomName:'{\"text\":\"THT-random_tree\"}'}</field></block></value><value name=\"x\"><block type=\"coord_x\"/></value><value name=\"y\"><block type=\"coord_y\"/></value><value name=\"z\"><block type=\"coord_z\"/></value><next><block type=\"execute_command\"><value name=\"command\"><block type=\"text\"><field name=\"TEXT\">data modify entity @e[name=THT-random_tree,limit=1,sort=nearest] ForgeData set from block ~ ~ ~ ForgeData</field></block></value><value name=\"x\"><block type=\"coord_x\"/></value><value name=\"y\"><block type=\"coord_y\"/></value><value name=\"z\"><block type=\"coord_z\"/></value><next><block type=\"block_remove\"><value name=\"x\"><block type=\"coord_x\"/></value><value name=\"y\"><block type=\"coord_y\"/></value><value name=\"z\"><block type=\"coord_z\"/></value></block></next></block></next></block></next></block></next></block></statement></block></statement></block></next></block></xml>"
  }
}