{
  "_fv": 66,
  "_type": "procedure",
  "definition": {
    "procedurexml": "<xml xmlns=\"https://developers.google.com/blockly/xml\"><variables><variable type=\"Boolean\" id=\"square_true\">square_true</variable><variable type=\"Number\" id=\"part_size\">part_size</variable><variable type=\"Number\" id=\"leaves_straighten\">leaves_straighten</variable><variable type=\"Number\" id=\"leaves_straighten_place\">leaves_straighten_place</variable><variable type=\"File\" id=\"file\">file</variable><variable type=\"String\" id=\"block_keep\">block_keep</variable><variable type=\"String\" id=\"block_data\">block_data</variable></variables><block type=\"event_trigger\" deletable=\"false\" x=\"396\" y=\"434\"><field name=\"trigger\">no_ext_trigger</field><next><block type=\"controls_if\"><value name=\"IF0\"><block type=\"logic_binary_ops\"><field name=\"OP\">EQ</field><value name=\"A\"><block type=\"entity_nbt_logic_get\"><value name=\"entity\"><block type=\"entity_from_deps\"></block></value><value name=\"tagName\"><block type=\"text\"><field name=\"TEXT\">part_create_true</field></block></value></block></value><value name=\"B\"><block type=\"logic_boolean\"><field name=\"BOOL\">FALSE</field></block></value></block></value><statement name=\"DO0\"><block type=\"entity_nbt_logic_set\"><value name=\"entity\"><block type=\"entity_from_deps\"></block></value><value name=\"tagName\"><block type=\"text\"><field name=\"TEXT\">part_create_true</field></block></value><value name=\"tagValue\"><block type=\"logic_boolean\"><field name=\"BOOL\">TRUE</field></block></value><next><block type=\"execute_command\"><value name=\"command\"><block type=\"text_join\" collapsed=\"true\"><mutation items=\"7\"></mutation><value name=\"ADD0\"><block type=\"text\"><field name=\"TEXT\">execute at @e[name=THT-tree_</field></block></value><value name=\"ADD1\"><block type=\"entity_nbt_text_get\"><value name=\"entity\"><block type=\"entity_from_deps\"></block></value><value name=\"tagName\"><block type=\"text\"><field name=\"TEXT\">type</field></block></value></block></value><value name=\"ADD2\"><block type=\"text\"><field name=\"TEXT\">_</field></block></value><value name=\"ADD3\"><block type=\"entity_nbt_text_get\"><value name=\"entity\"><block type=\"entity_from_deps\"></block></value><value name=\"tagName\"><block type=\"text\"><field name=\"TEXT\">tree_id</field></block></value></block></value><value name=\"ADD4\"><block type=\"text\"><field name=\"TEXT\">] run summon armor_stand ~ ~ ~ {Tags:[\"THT-random_tree\"],NoGravity:1b,Marker:1b,Invisible:1b,CustomName:'{\"text\":\"THT-tree_part_create_</field></block></value><value name=\"ADD5\"><block type=\"entity_nbt_text_get\"><value name=\"entity\"><block type=\"entity_from_deps\"></block></value><value name=\"tagName\"><block type=\"text\"><field name=\"TEXT\">tree_id</field></block></value></block></value><value name=\"ADD6\"><block type=\"text\"><field name=\"TEXT\">\"}'}</field></block></value></block></value><value name=\"x\"><block type=\"coord_x\"></block></value><value name=\"y\"><block type=\"coord_y\"></block></value><value name=\"z\"><block type=\"coord_z\"></block></value><next><block type=\"execute_command\"><value name=\"command\"><block type=\"text_join\" collapsed=\"true\"><mutation items=\"3\"></mutation><value name=\"ADD0\"><block type=\"text\"><field name=\"TEXT\">execute as @e[name=THT-tree_part_create_</field></block></value><value name=\"ADD1\"><block type=\"entity_nbt_text_get\"><value name=\"entity\"><block type=\"entity_from_deps\"></block></value><value name=\"tagName\"><block type=\"text\"><field name=\"TEXT\">tree_id</field></block></value></block></value><value name=\"ADD2\"><block type=\"text\"><field name=\"TEXT\">] at @s run tp @s ~ ~ ~ ~ 90</field></block></value></block></value><value name=\"x\"><block type=\"coord_x\"></block></value><value name=\"y\"><block type=\"coord_y\"></block></value><value name=\"z\"><block type=\"coord_z\"></block></value><next><block type=\"controls_if\" collapsed=\"true\"><value name=\"IF0\"><block type=\"logic_boolean\"><field name=\"BOOL\">TRUE</field></block></value><statement name=\"DO0\"><block type=\"controls_if\"><mutation else=\"1\"></mutation><value name=\"IF0\"><block type=\"text_binary_ops\"><value name=\"A\"><block type=\"entity_nbt_text_get\"><value name=\"entity\"><block type=\"entity_from_deps\"></block></value><value name=\"tagName\"><block type=\"text\"><field name=\"TEXT\">type</field></block></value></block></value><value name=\"B\"><block type=\"text\"><field name=\"TEXT\">leaves</field></block></value></block></value><statement name=\"DO0\"><block type=\"variables_set_number\"><mutation xmlns=\"http://www.w3.org/1999/xhtml\" is_player_var=\"false\" has_entity=\"false\"></mutation><field name=\"VAR\">local:part_size</field><value name=\"VAL\"><block type=\"entity_nbt_num_get\"><value name=\"entity\"><block type=\"entity_from_deps\"></block></value><value name=\"tagName\"><block type=\"text\"><field name=\"TEXT\">leaves_size</field></block></value></block></value></block></statement><statement name=\"ELSE\"><block type=\"variables_set_number\"><mutation xmlns=\"http://www.w3.org/1999/xhtml\" is_player_var=\"false\" has_entity=\"false\"></mutation><field name=\"VAR\">local:part_size</field><value name=\"VAL\"><block type=\"entity_nbt_num_get\"><value name=\"entity\"><block type=\"entity_from_deps\"></block></value><value name=\"tagName\"><block type=\"text_join\"><mutation items=\"2\"></mutation><value name=\"ADD0\"><block type=\"entity_nbt_text_get\"><value name=\"entity\"><block type=\"entity_from_deps\"></block></value><value name=\"tagName\"><block type=\"text\"><field name=\"TEXT\">type</field></block></value></block></value><value name=\"ADD1\"><block type=\"text\"><field name=\"TEXT\">_thickness</field></block></value></block></value></block></value></block></statement><next><block type=\"entity_nbt_num_set\"><value name=\"entity\"><block type=\"entity_from_deps\"></block></value><value name=\"tagName\"><block type=\"text\"><field name=\"TEXT\">part_create</field></block></value><value name=\"tagValue\"><block type=\"variables_get_number\"><mutation xmlns=\"http://www.w3.org/1999/xhtml\" is_player_var=\"false\" has_entity=\"false\"></mutation><field name=\"VAR\">local:part_size</field></block></value><next><block type=\"entity_nbt_num_set\"><value name=\"entity\"><block type=\"entity_from_deps\"></block></value><value name=\"tagName\"><block type=\"text\"><field name=\"TEXT\">part_create3</field></block></value><value name=\"tagValue\"><block type=\"math_number\"><field name=\"NUM\">0</field></block></value><next><block type=\"entity_nbt_num_set\"><value name=\"entity\"><block type=\"entity_from_deps\"></block></value><value name=\"tagName\"><block type=\"text\"><field name=\"TEXT\">part_create4</field></block></value><value name=\"tagValue\"><block type=\"math_number\"><field name=\"NUM\">90</field></block></value><next><block type=\"controls_if\"><mutation else=\"1\"></mutation><value name=\"IF0\"><block type=\"logic_binary_ops\" inline=\"false\"><field name=\"OP\">AND</field><value name=\"A\"><block type=\"logic_negate\"><value name=\"BOOL\"><block type=\"text_binary_ops\"><value name=\"A\"><block type=\"entity_nbt_text_get\"><value name=\"entity\"><block type=\"entity_from_deps\"></block></value><value name=\"tagName\"><block type=\"text\"><field name=\"TEXT\">type</field></block></value></block></value><value name=\"B\"><block type=\"text\"><field name=\"TEXT\">leaves</field></block></value></block></value></block></value><value name=\"B\"><block type=\"logic_binary_ops\" inline=\"false\"><field name=\"OP\">OR</field><value name=\"A\"><block type=\"logic_binary_ops\"><field name=\"OP\">EQ</field><value name=\"A\"><block type=\"variables_get_logic\"><mutation xmlns=\"http://www.w3.org/1999/xhtml\" is_player_var=\"false\" has_entity=\"false\"></mutation><field name=\"VAR\">global:no_core</field></block></value><value name=\"B\"><block type=\"logic_boolean\"><field name=\"BOOL\">TRUE</field></block></value></block></value><value name=\"B\"><block type=\"logic_binary_ops\" inline=\"false\"><field name=\"OP\">AND</field><value name=\"A\"><block type=\"text_binary_ops\"><value name=\"A\"><block type=\"entity_nbt_text_get\"><value name=\"entity\"><block type=\"entity_from_deps\"></block></value><value name=\"tagName\"><block type=\"text_join\"><mutation items=\"2\"></mutation><value name=\"ADD0\"><block type=\"entity_nbt_text_get\"><value name=\"entity\"><block type=\"entity_from_deps\"></block></value><value name=\"tagName\"><block type=\"text\"><field name=\"TEXT\">type</field></block></value></block></value><value name=\"ADD1\"><block type=\"text\"><field name=\"TEXT\">_inner</field></block></value></block></value></block></value><value name=\"B\"><block type=\"text\"><field name=\"TEXT\"></field></block></value></block></value><value name=\"B\"><block type=\"text_binary_ops\"><value name=\"A\"><block type=\"entity_nbt_text_get\"><value name=\"entity\"><block type=\"entity_from_deps\"></block></value><value name=\"tagName\"><block type=\"text_join\"><mutation items=\"2\"></mutation><value name=\"ADD0\"><block type=\"entity_nbt_text_get\"><value name=\"entity\"><block type=\"entity_from_deps\"></block></value><value name=\"tagName\"><block type=\"text\"><field name=\"TEXT\">type</field></block></value></block></value><value name=\"ADD1\"><block type=\"text\"><field name=\"TEXT\">_core</field></block></value></block></value></block></value><value name=\"B\"><block type=\"text\"><field name=\"TEXT\"></field></block></value></block></value></block></value></block></value></block></value><statement name=\"DO0\"><block type=\"entity_nbt_num_set\"><value name=\"entity\"><block type=\"entity_from_deps\"></block></value><value name=\"tagName\"><block type=\"text\"><field name=\"TEXT\">part_create2</field></block></value><value name=\"tagValue\"><block type=\"entity_nbt_num_get\"><value name=\"entity\"><block type=\"entity_from_deps\"></block></value><value name=\"tagName\"><block type=\"text\"><field name=\"TEXT\">part_create</field></block></value></block></value></block></statement><statement name=\"ELSE\"><block type=\"entity_nbt_num_set\"><value name=\"entity\"><block type=\"entity_from_deps\"></block></value><value name=\"tagName\"><block type=\"text\"><field name=\"TEXT\">part_create2</field></block></value><value name=\"tagValue\"><block type=\"math_number\"><field name=\"NUM\">0</field></block></value></block></statement></block></next></block></next></block></next></block></next></block></statement></block></next></block></next></block></next></block></statement><next><block type=\"controls_while\"><value name=\"BOOL\"><block type=\"math_binary_ops\"><field name=\"OP\">LTE</field><value name=\"A\"><block type=\"entity_nbt_num_get\"><value name=\"entity\"><block type=\"entity_from_deps\"></block></value><value name=\"tagName\"><block type=\"text\"><field name=\"TEXT\">part_create2</field></block></value></block></value><value name=\"B\"><block type=\"entity_nbt_num_get\"><value name=\"entity\"><block type=\"entity_from_deps\"></block></value><value name=\"tagName\"><block type=\"text\"><field name=\"TEXT\">part_create</field></block></value></block></value></block></value><statement name=\"DO\"><block type=\"call_procedure\"><mutation xmlns=\"http://www.w3.org/1999/xhtml\" inputs=\"undefined\"></mutation><field name=\"procedure\">RandomTreeTickWayFunction</field><next><block type=\"controls_if\"><value name=\"IF0\"><block type=\"math_binary_ops\"><field name=\"OP\">LT</field><value name=\"A\"><block type=\"entity_nbt_num_get\"><value name=\"entity\"><block type=\"entity_from_deps\"></block></value><value name=\"tagName\"><block type=\"text\"><field name=\"TEXT\">part_create3</field></block></value></block></value><value name=\"B\"><block type=\"math_number\"><field name=\"NUM\">360</field></block></value></block></value><statement name=\"DO0\"><block type=\"controls_if\"><value name=\"IF0\"><block type=\"math_binary_ops\"><field name=\"OP\">GTE</field><value name=\"A\"><block type=\"entity_nbt_num_get\"><value name=\"entity\"><block type=\"entity_from_deps\"></block></value><value name=\"tagName\"><block type=\"text\"><field name=\"TEXT\">part_create4</field></block></value></block></value><value name=\"B\"><block type=\"math_number\"><field name=\"NUM\">-90</field></block></value></block></value><statement name=\"DO0\"><block type=\"controls_if\"><mutation else=\"1\"></mutation><value name=\"IF0\"><block type=\"text_binary_ops\"><value name=\"A\"><block type=\"entity_nbt_text_get\"><value name=\"entity\"><block type=\"entity_from_deps\"></block></value><value name=\"tagName\"><block type=\"text\"><field name=\"TEXT\">type</field></block></value></block></value><value name=\"B\"><block type=\"text\"><field name=\"TEXT\">leaves</field></block></value></block></value><statement name=\"DO0\"><block type=\"controls_if\" collapsed=\"true\"><value name=\"IF0\"><block type=\"logic_boolean\"><field name=\"BOOL\">TRUE</field></block></value><statement name=\"DO0\"><block type=\"controls_if\"><mutation else=\"1\"></mutation><value name=\"IF0\"><block type=\"logic_binary_ops\"><field name=\"OP\">EQ</field><value name=\"A\"><block type=\"entity_nbt_logic_get\"><value name=\"entity\"><block type=\"entity_from_deps\"></block></value><value name=\"tagName\"><block type=\"text\"><field name=\"TEXT\">leaves_replace</field></block></value></block></value><value name=\"B\"><block type=\"logic_boolean\"><field name=\"BOOL\">TRUE</field></block></value></block></value><statement name=\"DO0\"><block type=\"variables_set_string\"><mutation xmlns=\"http://www.w3.org/1999/xhtml\" is_player_var=\"false\" has_entity=\"false\"></mutation><field name=\"VAR\">local:block_keep</field><value name=\"VAL\"><block type=\"text\"><field name=\"TEXT\"></field></block></value></block></statement><statement name=\"ELSE\"><block type=\"controls_if\"><mutation else=\"1\"></mutation><value name=\"IF0\"><block type=\"logic_binary_ops\" inline=\"false\"><field name=\"OP\">OR</field><value name=\"A\"><block type=\"logic_binary_ops\"><field name=\"OP\">EQ</field><value name=\"A\"><block type=\"variables_get_logic\"><mutation xmlns=\"http://www.w3.org/1999/xhtml\" is_player_var=\"false\" has_entity=\"false\"></mutation><field name=\"VAR\">global:square_leaves</field></block></value><value name=\"B\"><block type=\"logic_boolean\"><field name=\"BOOL\">TRUE</field></block></value></block></value><value name=\"B\"><block type=\"text_binary_ops\"><value name=\"A\"><block type=\"entity_nbt_text_get\"><value name=\"entity\"><block type=\"entity_from_deps\"></block></value><value name=\"tagName\"><block type=\"text\"><field name=\"TEXT\">leaves_generator_type</field></block></value></block></value><value name=\"B\"><block type=\"text\"><field name=\"TEXT\">square</field></block></value></block></value></block></value><statement name=\"DO0\"><block type=\"variables_set_string\"><mutation xmlns=\"http://www.w3.org/1999/xhtml\" is_player_var=\"false\" has_entity=\"false\"></mutation><field name=\"VAR\">local:block_keep</field><value name=\"VAL\"><block type=\"text\"><field name=\"TEXT\"> replace #tht:passable_blocks</field></block></value></block></statement><statement name=\"ELSE\"><block type=\"variables_set_string\"><mutation xmlns=\"http://www.w3.org/1999/xhtml\" is_player_var=\"false\" has_entity=\"false\"></mutation><field name=\"VAR\">local:block_keep</field><value name=\"VAL\"><block type=\"text\"><field name=\"TEXT\"> if block ~ ~ ~ #tht:passable_blocks</field></block></value></block></statement></block></statement><next><block type=\"controls_if\"><mutation else=\"1\"></mutation><value name=\"IF0\"><block type=\"logic_binary_ops\" inline=\"false\"><field name=\"OP\">OR</field><value name=\"A\"><block type=\"logic_binary_ops\"><field name=\"OP\">EQ</field><value name=\"A\"><block type=\"variables_get_logic\"><mutation xmlns=\"http://www.w3.org/1999/xhtml\" is_player_var=\"false\" has_entity=\"false\"></mutation><field name=\"VAR\">global:square_leaves</field></block></value><value name=\"B\"><block type=\"logic_boolean\"><field name=\"BOOL\">TRUE</field></block></value></block></value><value name=\"B\"><block type=\"text_binary_ops\"><value name=\"A\"><block type=\"entity_nbt_text_get\"><value name=\"entity\"><block type=\"entity_from_deps\"></block></value><value name=\"tagName\"><block type=\"text\"><field name=\"TEXT\">leaves_generator_type</field></block></value></block></value><value name=\"B\"><block type=\"text\"><field name=\"TEXT\">square</field></block></value></block></value></block></value><statement name=\"DO0\"><block type=\"controls_if\"><mutation else=\"1\"></mutation><value name=\"IF0\"><block type=\"math_binary_ops\"><field name=\"OP\">GT</field><value name=\"A\"><block type=\"entity_nbt_num_get\"><value name=\"entity\"><block type=\"entity_from_deps\"></block></value><value name=\"tagName\"><block type=\"text\"><field name=\"TEXT\">leaves2_chance</field></block></value></block></value><value name=\"B\"><block type=\"math_java_constants\"><field name=\"CONSTANT\">RANDOM</field></block></value></block></value><statement name=\"DO0\"><block type=\"entity_nbt_text_set\"><value name=\"entity\"><block type=\"entity_from_deps\"></block></value><value name=\"tagName\"><block type=\"text\"><field name=\"TEXT\">block</field></block></value><value name=\"tagValue\"><block type=\"entity_nbt_text_get\"><value name=\"entity\"><block type=\"entity_from_deps\"></block></value><value name=\"tagName\"><block type=\"text\"><field name=\"TEXT\">leaves2</field></block></value></block></value><next><block type=\"entity_nbt_text_set\"><value name=\"entity\"><block type=\"entity_from_deps\"></block></value><value name=\"tagName\"><block type=\"text\"><field name=\"TEXT\">type_short</field></block></value><value name=\"tagValue\"><block type=\"entity_nbt_text_get\"><value name=\"entity\"><block type=\"entity_from_deps\"></block></value><value name=\"tagName\"><block type=\"text_join\" inline=\"true\"><mutation items=\"2\"></mutation><value name=\"ADD0\"><block type=\"text\"><field name=\"TEXT\">leaves2</field></block></value><value name=\"ADD1\"><block type=\"text\"><field name=\"TEXT\">_short</field></block></value></block></value></block></value><next><block type=\"entity_nbt_text_set\"><value name=\"entity\"><block type=\"entity_from_deps\"></block></value><value name=\"tagName\"><block type=\"text\"><field name=\"TEXT\">block_placer</field></block></value><value name=\"tagValue\"><block type=\"text\"><field name=\"TEXT\">leaves_2</field></block></value></block></next></block></next></block></statement><statement name=\"ELSE\"><block type=\"entity_nbt_text_set\"><value name=\"entity\"><block type=\"entity_from_deps\"></block></value><value name=\"tagName\"><block type=\"text\"><field name=\"TEXT\">block</field></block></value><value name=\"tagValue\"><block type=\"entity_nbt_text_get\"><value name=\"entity\"><block type=\"entity_from_deps\"></block></value><value name=\"tagName\"><block type=\"text\"><field name=\"TEXT\">leaves</field></block></value></block></value><next><block type=\"entity_nbt_text_set\"><value name=\"entity\"><block type=\"entity_from_deps\"></block></value><value name=\"tagName\"><block type=\"text\"><field name=\"TEXT\">type_short</field></block></value><value name=\"tagValue\"><block type=\"entity_nbt_text_get\"><value name=\"entity\"><block type=\"entity_from_deps\"></block></value><value name=\"tagName\"><block type=\"text_join\" inline=\"true\"><mutation items=\"2\"></mutation><value name=\"ADD0\"><block type=\"text\"><field name=\"TEXT\">leaves</field></block></value><value name=\"ADD1\"><block type=\"text\"><field name=\"TEXT\">_short</field></block></value></block></value></block></value><next><block type=\"entity_nbt_text_set\"><value name=\"entity\"><block type=\"entity_from_deps\"></block></value><value name=\"tagName\"><block type=\"text\"><field name=\"TEXT\">block_placer</field></block></value><value name=\"tagValue\"><block type=\"text\"><field name=\"TEXT\">leaves</field></block></value></block></next></block></next></block></statement><next><block type=\"variables_set_logic\"><mutation xmlns=\"http://www.w3.org/1999/xhtml\" is_player_var=\"false\" has_entity=\"false\"></mutation><field name=\"VAR\">local:square_true</field><value name=\"VAL\"><block type=\"logic_boolean\"><field name=\"BOOL\">TRUE</field></block></value></block></next></block></statement><statement name=\"ELSE\"><block type=\"controls_if\"><value name=\"IF0\"><block type=\"text_binary_ops\"><value name=\"A\"><block type=\"entity_nbt_text_get\"><value name=\"entity\"><block type=\"entity_from_deps\"></block></value><value name=\"tagName\"><block type=\"text\"><field name=\"TEXT\">leaves_generator_type</field></block></value></block></value><value name=\"B\"><block type=\"text\"><field name=\"TEXT\">sphere</field></block></value></block></value><statement name=\"DO0\"><block type=\"controls_if\"><value name=\"IF0\"><block type=\"math_binary_ops\"><field name=\"OP\">LTE</field><value name=\"A\"><block type=\"math_random_number_between\"><value name=\"min\"><block type=\"math_number\"><field name=\"NUM\">1</field></block></value><value name=\"max\"><block type=\"math_number\"><field name=\"NUM\">100</field></block></value></block></value><value name=\"B\"><block type=\"entity_nbt_num_get\"><value name=\"entity\"><block type=\"entity_from_deps\"></block></value><value name=\"tagName\"><block type=\"text\"><field name=\"TEXT\">leaves_density</field></block></value></block></value></block></value><statement name=\"DO0\"><block type=\"variables_set_number\"><mutation xmlns=\"http://www.w3.org/1999/xhtml\" is_player_var=\"false\" has_entity=\"false\"></mutation><field name=\"VAR\">local:leaves_straighten</field><value name=\"VAL\"><block type=\"math_number\"><field name=\"NUM\">0</field></block></value><next><block type=\"variables_set_number\"><mutation xmlns=\"http://www.w3.org/1999/xhtml\" is_player_var=\"false\" has_entity=\"false\"></mutation><field name=\"VAR\">local:leaves_straighten_place</field><value name=\"VAL\"><block type=\"math_number\"><field name=\"NUM\">0</field></block></value><next><block type=\"controls_if\"><value name=\"IF0\"><block type=\"math_binary_ops\"><field name=\"OP\">LTE</field><value name=\"A\"><block type=\"math_random_int_between\"><value name=\"min\"><block type=\"math_number\"><field name=\"NUM\">1</field></block></value><value name=\"max\"><block type=\"math_number\"><field name=\"NUM\">100</field></block></value></block></value><value name=\"B\"><block type=\"entity_nbt_num_get\"><value name=\"entity\"><block type=\"entity_from_deps\"></block></value><value name=\"tagName\"><block type=\"text\"><field name=\"TEXT\">leaves_straighten_percent</field></block></value></block></value></block></value><statement name=\"DO0\"><block type=\"variables_set_number\"><mutation xmlns=\"http://www.w3.org/1999/xhtml\" is_player_var=\"false\" has_entity=\"false\"></mutation><field name=\"VAR\">local:leaves_straighten</field><value name=\"VAL\"><block type=\"math_random_int_between\" inline=\"false\"><value name=\"min\"><block type=\"entity_nbt_num_get\"><value name=\"entity\"><block type=\"entity_from_deps\"></block></value><value name=\"tagName\"><block type=\"text\"><field name=\"TEXT\">leaves_straighten_min</field></block></value></block></value><value name=\"max\"><block type=\"entity_nbt_num_get\"><value name=\"entity\"><block type=\"entity_from_deps\"></block></value><value name=\"tagName\"><block type=\"text\"><field name=\"TEXT\">leaves_straighten_max</field></block></value></block></value></block></value></block></statement><next><block type=\"controls_repeat_ext\"><value name=\"TIMES\"><block type=\"math_dual_ops\"><field name=\"OP\">ADD</field><value name=\"A\"><block type=\"variables_get_number\"><mutation xmlns=\"http://www.w3.org/1999/xhtml\" is_player_var=\"false\" has_entity=\"false\"></mutation><field name=\"VAR\">local:leaves_straighten</field></block></value><value name=\"B\"><block type=\"math_number\"><field name=\"NUM\">1</field></block></value></block></value><statement name=\"DO\"><block type=\"controls_if\"><mutation else=\"1\"></mutation><value name=\"IF0\"><block type=\"math_binary_ops\"><field name=\"OP\">GT</field><value name=\"A\"><block type=\"entity_nbt_num_get\"><value name=\"entity\"><block type=\"entity_from_deps\"></block></value><value name=\"tagName\"><block type=\"text\"><field name=\"TEXT\">leaves2_chance</field></block></value></block></value><value name=\"B\"><block type=\"math_java_constants\"><field name=\"CONSTANT\">RANDOM</field></block></value></block></value><statement name=\"DO0\"><block type=\"entity_nbt_text_set\"><value name=\"entity\"><block type=\"entity_from_deps\"></block></value><value name=\"tagName\"><block type=\"text\"><field name=\"TEXT\">block</field></block></value><value name=\"tagValue\"><block type=\"entity_nbt_text_get\"><value name=\"entity\"><block type=\"entity_from_deps\"></block></value><value name=\"tagName\"><block type=\"text\"><field name=\"TEXT\">leaves2</field></block></value></block></value><next><block type=\"entity_nbt_text_set\"><value name=\"entity\"><block type=\"entity_from_deps\"></block></value><value name=\"tagName\"><block type=\"text\"><field name=\"TEXT\">type_short</field></block></value><value name=\"tagValue\"><block type=\"entity_nbt_text_get\"><value name=\"entity\"><block type=\"entity_from_deps\"></block></value><value name=\"tagName\"><block type=\"text_join\" inline=\"true\"><mutation items=\"2\"></mutation><value name=\"ADD0\"><block type=\"text\"><field name=\"TEXT\">leaves2</field></block></value><value name=\"ADD1\"><block type=\"text\"><field name=\"TEXT\">_short</field></block></value></block></value></block></value><next><block type=\"entity_nbt_text_set\"><value name=\"entity\"><block type=\"entity_from_deps\"></block></value><value name=\"tagName\"><block type=\"text\"><field name=\"TEXT\">block_placer</field></block></value><value name=\"tagValue\"><block type=\"text\"><field name=\"TEXT\">leaves_2</field></block></value></block></next></block></next></block></statement><statement name=\"ELSE\"><block type=\"entity_nbt_text_set\"><value name=\"entity\"><block type=\"entity_from_deps\"></block></value><value name=\"tagName\"><block type=\"text\"><field name=\"TEXT\">block</field></block></value><value name=\"tagValue\"><block type=\"entity_nbt_text_get\"><value name=\"entity\"><block type=\"entity_from_deps\"></block></value><value name=\"tagName\"><block type=\"text\"><field name=\"TEXT\">leaves</field></block></value></block></value><next><block type=\"entity_nbt_text_set\"><value name=\"entity\"><block type=\"entity_from_deps\"></block></value><value name=\"tagName\"><block type=\"text\"><field name=\"TEXT\">type_short</field></block></value><value name=\"tagValue\"><block type=\"entity_nbt_text_get\"><value name=\"entity\"><block type=\"entity_from_deps\"></block></value><value name=\"tagName\"><block type=\"text_join\" inline=\"true\"><mutation items=\"2\"></mutation><value name=\"ADD0\"><block type=\"text\"><field name=\"TEXT\">leaves</field></block></value><value name=\"ADD1\"><block type=\"text\"><field name=\"TEXT\">_short</field></block></value></block></value></block></value><next><block type=\"entity_nbt_text_set\"><value name=\"entity\"><block type=\"entity_from_deps\"></block></value><value name=\"tagName\"><block type=\"text\"><field name=\"TEXT\">block_placer</field></block></value><value name=\"tagValue\"><block type=\"text\"><field name=\"TEXT\">leaves</field></block></value></block></next></block></next></block></statement><next><block type=\"controls_if\"><mutation else=\"1\"></mutation><value name=\"IF0\"><block type=\"logic_binary_ops\"><field name=\"OP\">EQ</field><value name=\"A\"><block type=\"variables_get_logic\"><mutation xmlns=\"http://www.w3.org/1999/xhtml\" is_player_var=\"false\" has_entity=\"false\"></mutation><field name=\"VAR\">global:auto_gen</field></block></value><value name=\"B\"><block type=\"logic_boolean\"><field name=\"BOOL\">TRUE</field></block></value></block></value><statement name=\"DO0\"><block type=\"execute_command\"><value name=\"command\"><block type=\"text_join\"><mutation items=\"10\"></mutation><value name=\"ADD0\"><block type=\"text\"><field name=\"TEXT\">execute at @e[name=THT-tree_part_create_</field></block></value><value name=\"ADD1\"><block type=\"entity_nbt_text_get\"><value name=\"entity\"><block type=\"entity_from_deps\"></block></value><value name=\"tagName\"><block type=\"text\"><field name=\"TEXT\">tree_id</field></block></value></block></value><value name=\"ADD2\"><block type=\"text\"><field name=\"TEXT\">] positioned ^ ^ ^</field></block></value><value name=\"ADD3\"><block type=\"entity_nbt_num_get\"><value name=\"entity\"><block type=\"entity_from_deps\"></block></value><value name=\"tagName\"><block type=\"text\"><field name=\"TEXT\">part_create2</field></block></value></block></value><value name=\"ADD4\"><block type=\"text\"><field name=\"TEXT\"> positioned ~ ~-</field></block></value><value name=\"ADD5\"><block type=\"variables_get_number\"><mutation xmlns=\"http://www.w3.org/1999/xhtml\" is_player_var=\"false\" has_entity=\"false\"></mutation><field name=\"VAR\">local:leaves_straighten_place</field></block></value><value name=\"ADD6\"><block type=\"text\"><field name=\"TEXT\"> ~</field></block></value><value name=\"ADD7\"><block type=\"variables_get_string\"><mutation xmlns=\"http://www.w3.org/1999/xhtml\" is_player_var=\"false\" has_entity=\"false\"></mutation><field name=\"VAR\">local:block_keep</field></block></value><value name=\"ADD8\"><block type=\"text\"><field name=\"TEXT\"> run setblock ~ ~ ~ tht:block_placer_</field></block></value><value name=\"ADD9\"><block type=\"text_join\" collapsed=\"true\"><mutation items=\"13\"></mutation><value name=\"ADD0\"><block type=\"entity_nbt_text_get\"><value name=\"entity\"><block type=\"entity_from_deps\"></block></value><value name=\"tagName\"><block type=\"text\"><field name=\"TEXT\">block_placer</field></block></value></block></value><value name=\"ADD1\"><block type=\"text\"><field name=\"TEXT\">{ForgeData:{</field></block></value><value name=\"ADD2\"><block type=\"text\"><field name=\"TEXT\">file_name:\"</field></block></value><value name=\"ADD3\"><block type=\"entity_nbt_text_get\"><value name=\"entity\"><block type=\"entity_from_deps\"></block></value><value name=\"tagName\"><block type=\"text\"><field name=\"TEXT\">file_name</field></block></value></block></value><value name=\"ADD4\"><block type=\"text\"><field name=\"TEXT\">\"</field></block></value><value name=\"ADD5\"><block type=\"text_join\" collapsed=\"true\"><mutation items=\"6\"></mutation><value name=\"ADD0\"><block type=\"text\"><field name=\"TEXT\">,RT_posX:</field></block></value><value name=\"ADD1\"><block type=\"entity_pos_x\"><value name=\"entity\"><block type=\"entity_from_deps\"></block></value></block></value><value name=\"ADD2\"><block type=\"text\"><field name=\"TEXT\">,RT_posY:</field></block></value><value name=\"ADD3\"><block type=\"entity_pos_y\"><value name=\"entity\"><block type=\"entity_from_deps\"></block></value></block></value><value name=\"ADD4\"><block type=\"text\"><field name=\"TEXT\">,RT_posZ:</field></block></value><value name=\"ADD5\"><block type=\"entity_pos_z\"><value name=\"entity\"><block type=\"entity_from_deps\"></block></value></block></value></block></value><value name=\"ADD6\"><block type=\"text\"><field name=\"TEXT\">,type_short:\"</field></block></value><value name=\"ADD7\"><block type=\"entity_nbt_text_get\"><value name=\"entity\"><block type=\"entity_from_deps\"></block></value><value name=\"tagName\"><block type=\"text\"><field name=\"TEXT\">type_short</field></block></value></block></value><value name=\"ADD8\"><block type=\"text\"><field name=\"TEXT\">\",block:\"</field></block></value><value name=\"ADD9\"><block type=\"entity_nbt_text_get\"><value name=\"entity\"><block type=\"entity_from_deps\"></block></value><value name=\"tagName\"><block type=\"text\"><field name=\"TEXT\">block</field></block></value></block></value><value name=\"ADD10\"><block type=\"text\"><field name=\"TEXT\">\",set_function:\"</field></block></value><value name=\"ADD11\"><block type=\"entity_nbt_text_get\"><value name=\"entity\"><block type=\"entity_from_deps\"></block></value><value name=\"tagName\"><block type=\"text\"><field name=\"TEXT\">set_function</field></block></value></block></value><value name=\"ADD12\"><block type=\"text\"><field name=\"TEXT\">\"}}</field></block></value></block></value></block></value><value name=\"x\"><block type=\"coord_x\"></block></value><value name=\"y\"><block type=\"coord_y\"></block></value><value name=\"z\"><block type=\"coord_z\"></block></value></block></statement><statement name=\"ELSE\"><block type=\"execute_command\"><value name=\"command\"><block type=\"text_join\"><mutation items=\"10\"></mutation><value name=\"ADD0\"><block type=\"text\"><field name=\"TEXT\">execute at @e[name=THT-tree_part_create_</field></block></value><value name=\"ADD1\"><block type=\"entity_nbt_text_get\"><value name=\"entity\"><block type=\"entity_from_deps\"></block></value><value name=\"tagName\"><block type=\"text\"><field name=\"TEXT\">tree_id</field></block></value></block></value><value name=\"ADD2\"><block type=\"text\"><field name=\"TEXT\">] positioned ^ ^ ^</field></block></value><value name=\"ADD3\"><block type=\"entity_nbt_num_get\"><value name=\"entity\"><block type=\"entity_from_deps\"></block></value><value name=\"tagName\"><block type=\"text\"><field name=\"TEXT\">part_create2</field></block></value></block></value><value name=\"ADD4\"><block type=\"text\"><field name=\"TEXT\"> positioned ~ ~-</field></block></value><value name=\"ADD5\"><block type=\"variables_get_number\"><mutation xmlns=\"http://www.w3.org/1999/xhtml\" is_player_var=\"false\" has_entity=\"false\"></mutation><field name=\"VAR\">local:leaves_straighten_place</field></block></value><value name=\"ADD6\"><block type=\"text\"><field name=\"TEXT\"> ~</field></block></value><value name=\"ADD7\"><block type=\"variables_get_string\"><mutation xmlns=\"http://www.w3.org/1999/xhtml\" is_player_var=\"false\" has_entity=\"false\"></mutation><field name=\"VAR\">local:block_keep</field></block></value><value name=\"ADD8\"><block type=\"text\"><field name=\"TEXT\"> run setblock ~ ~ ~ </field></block></value><value name=\"ADD9\"><block type=\"entity_nbt_text_get\"><value name=\"entity\"><block type=\"entity_from_deps\"></block></value><value name=\"tagName\"><block type=\"text\"><field name=\"TEXT\">block</field></block></value></block></value></block></value><value name=\"x\"><block type=\"coord_x\"></block></value><value name=\"y\"><block type=\"coord_y\"></block></value><value name=\"z\"><block type=\"coord_z\"></block></value><next><block type=\"controls_if\"><value name=\"IF0\"><block type=\"logic_negate\"><value name=\"BOOL\"><block type=\"text_binary_ops\"><value name=\"A\"><block type=\"entity_nbt_text_get\"><value name=\"entity\"><block type=\"entity_from_deps\"></block></value><value name=\"tagName\"><block type=\"text\"><field name=\"TEXT\">set_function</field></block></value></block></value><value name=\"B\"><block type=\"text\"><field name=\"TEXT\"></field></block></value></block></value></block></value><statement name=\"DO0\"><block type=\"execute_command\"><value name=\"command\"><block type=\"text_join\"><mutation items=\"8\"></mutation><value name=\"ADD0\"><block type=\"text\"><field name=\"TEXT\">execute at @e[name=THT-tree_part_create_</field></block></value><value name=\"ADD1\"><block type=\"entity_nbt_text_get\"><value name=\"entity\"><block type=\"entity_from_deps\"></block></value><value name=\"tagName\"><block type=\"text\"><field name=\"TEXT\">tree_id</field></block></value></block></value><value name=\"ADD2\"><block type=\"text\"><field name=\"TEXT\">] positioned ^ ^ ^</field></block></value><value name=\"ADD3\"><block type=\"entity_nbt_num_get\"><value name=\"entity\"><block type=\"entity_from_deps\"></block></value><value name=\"tagName\"><block type=\"text\"><field name=\"TEXT\">part_create2</field></block></value></block></value><value name=\"ADD4\"><block type=\"text\"><field name=\"TEXT\"> positioned ~ ~-</field></block></value><value name=\"ADD5\"><block type=\"variables_get_number\"><mutation xmlns=\"http://www.w3.org/1999/xhtml\" is_player_var=\"false\" has_entity=\"false\"></mutation><field name=\"VAR\">local:leaves_straighten_place</field></block></value><value name=\"ADD6\"><block type=\"text\"><field name=\"TEXT\"> ~ run </field></block></value><value name=\"ADD7\"><block type=\"entity_nbt_text_get\"><value name=\"entity\"><block type=\"entity_from_deps\"></block></value><value name=\"tagName\"><block type=\"text\"><field name=\"TEXT\">set_function</field></block></value></block></value></block></value><value name=\"x\"><block type=\"coord_x\"></block></value><value name=\"y\"><block type=\"coord_y\"></block></value><value name=\"z\"><block type=\"coord_z\"></block></value></block></statement></block></next></block></statement><next><block type=\"variables_set_number\"><mutation xmlns=\"http://www.w3.org/1999/xhtml\" is_player_var=\"false\" has_entity=\"false\"></mutation><field name=\"VAR\">local:leaves_straighten_place</field><value name=\"VAL\"><block type=\"math_dual_ops\"><field name=\"OP\">ADD</field><value name=\"A\"><block type=\"variables_get_number\"><mutation xmlns=\"http://www.w3.org/1999/xhtml\" is_player_var=\"false\" has_entity=\"false\"></mutation><field name=\"VAR\">local:leaves_straighten_place</field></block></value><value name=\"B\"><block type=\"math_number\"><field name=\"NUM\">1</field></block></value></block></value></block></next></block></next></block></statement></block></next></block></next></block></next></block></statement><next><block type=\"variables_set_logic\"><mutation xmlns=\"http://www.w3.org/1999/xhtml\" is_player_var=\"false\" has_entity=\"false\"></mutation><field name=\"VAR\">local:square_true</field><value name=\"VAL\"><block type=\"logic_boolean\"><field name=\"BOOL\">FALSE</field></block></value></block></next></block></statement></block></statement></block></next></block></statement></block></statement><statement name=\"ELSE\"><block type=\"controls_if\" collapsed=\"true\"><value name=\"IF0\"><block type=\"logic_boolean\"><field name=\"BOOL\">TRUE</field></block></value><statement name=\"DO0\"><block type=\"controls_if\"><mutation else=\"1\"></mutation><value name=\"IF0\"><block type=\"logic_binary_ops\"><field name=\"OP\">EQ</field><value name=\"A\"><block type=\"entity_nbt_logic_get\"><value name=\"entity\"><block type=\"entity_from_deps\"></block></value><value name=\"tagName\"><block type=\"text_join\"><mutation items=\"2\"></mutation><value name=\"ADD0\"><block type=\"entity_nbt_text_get\"><value name=\"entity\"><block type=\"entity_from_deps\"></block></value><value name=\"tagName\"><block type=\"text\"><field name=\"TEXT\">type</field></block></value></block></value><value name=\"ADD1\"><block type=\"text\"><field name=\"TEXT\">_replace</field></block></value></block></value></block></value><value name=\"B\"><block type=\"logic_boolean\"><field name=\"BOOL\">TRUE</field></block></value></block></value><statement name=\"DO0\"><block type=\"variables_set_string\"><mutation xmlns=\"http://www.w3.org/1999/xhtml\" is_player_var=\"false\" has_entity=\"false\"></mutation><field name=\"VAR\">local:block_keep</field><value name=\"VAL\"><block type=\"text\"><field name=\"TEXT\"></field></block></value></block></statement><statement name=\"ELSE\"><block type=\"controls_if\"><mutation else=\"1\"></mutation><value name=\"IF0\"><block type=\"logic_binary_ops\" inline=\"false\"><field name=\"OP\">OR</field><value name=\"A\"><block type=\"logic_binary_ops\"><field name=\"OP\">EQ</field><value name=\"A\"><block type=\"variables_get_logic\"><mutation xmlns=\"http://www.w3.org/1999/xhtml\" is_player_var=\"false\" has_entity=\"false\"></mutation><field name=\"VAR\">global:square_parts</field></block></value><value name=\"B\"><block type=\"logic_boolean\"><field name=\"BOOL\">TRUE</field></block></value></block></value><value name=\"B\"><block type=\"text_binary_ops\"><value name=\"A\"><block type=\"entity_nbt_text_get\"><value name=\"entity\"><block type=\"entity_from_deps\"></block></value><value name=\"tagName\"><block type=\"text_join\"><mutation items=\"2\"></mutation><value name=\"ADD0\"><block type=\"entity_nbt_text_get\"><value name=\"entity\"><block type=\"entity_from_deps\"></block></value><value name=\"tagName\"><block type=\"text\"><field name=\"TEXT\">type</field></block></value></block></value><value name=\"ADD1\"><block type=\"text\"><field name=\"TEXT\">_generator_type</field></block></value></block></value></block></value><value name=\"B\"><block type=\"text\"><field name=\"TEXT\">square</field></block></value></block></value></block></value><statement name=\"DO0\"><block type=\"variables_set_string\"><mutation xmlns=\"http://www.w3.org/1999/xhtml\" is_player_var=\"false\" has_entity=\"false\"></mutation><field name=\"VAR\">local:block_keep</field><value name=\"VAL\"><block type=\"text\"><field name=\"TEXT\"> replace #tht:passable_blocks</field></block></value></block></statement><statement name=\"ELSE\"><block type=\"variables_set_string\"><mutation xmlns=\"http://www.w3.org/1999/xhtml\" is_player_var=\"false\" has_entity=\"false\"></mutation><field name=\"VAR\">local:block_keep</field><value name=\"VAL\"><block type=\"text\"><field name=\"TEXT\"> if block ~ ~ ~ #tht:passable_blocks</field></block></value></block></statement></block></statement><next><block type=\"controls_if\"><mutation else=\"1\"></mutation><value name=\"IF0\"><block type=\"logic_binary_ops\" inline=\"false\"><field name=\"OP\">OR</field><value name=\"A\"><block type=\"logic_binary_ops\"><field name=\"OP\">EQ</field><value name=\"A\"><block type=\"variables_get_logic\"><mutation xmlns=\"http://www.w3.org/1999/xhtml\" is_player_var=\"false\" has_entity=\"false\"></mutation><field name=\"VAR\">global:square_parts</field></block></value><value name=\"B\"><block type=\"logic_boolean\"><field name=\"BOOL\">TRUE</field></block></value></block></value><value name=\"B\"><block type=\"text_binary_ops\"><value name=\"A\"><block type=\"entity_nbt_text_get\"><value name=\"entity\"><block type=\"entity_from_deps\"></block></value><value name=\"tagName\"><block type=\"text_join\"><mutation items=\"2\"></mutation><value name=\"ADD0\"><block type=\"entity_nbt_text_get\"><value name=\"entity\"><block type=\"entity_from_deps\"></block></value><value name=\"tagName\"><block type=\"text\"><field name=\"TEXT\">type</field></block></value></block></value><value name=\"ADD1\"><block type=\"text\"><field name=\"TEXT\">_generator_type</field></block></value></block></value></block></value><value name=\"B\"><block type=\"text\"><field name=\"TEXT\">square</field></block></value></block></value></block></value><statement name=\"DO0\"><block type=\"entity_nbt_text_set\"><value name=\"entity\"><block type=\"entity_from_deps\"></block></value><value name=\"tagName\"><block type=\"text\"><field name=\"TEXT\">block</field></block></value><value name=\"tagValue\"><block type=\"entity_nbt_text_get\"><value name=\"entity\"><block type=\"entity_from_deps\"></block></value><value name=\"tagName\"><block type=\"text_join\" inline=\"false\"><mutation items=\"2\"></mutation><value name=\"ADD0\"><block type=\"entity_nbt_text_get\"><value name=\"entity\"><block type=\"entity_from_deps\"></block></value><value name=\"tagName\"><block type=\"text\"><field name=\"TEXT\">type</field></block></value></block></value><value name=\"ADD1\"><block type=\"text\"><field name=\"TEXT\">_outer</field></block></value></block></value></block></value><next><block type=\"entity_nbt_text_set\"><value name=\"entity\"><block type=\"entity_from_deps\"></block></value><value name=\"tagName\"><block type=\"text\"><field name=\"TEXT\">type_short</field></block></value><value name=\"tagValue\"><block type=\"entity_nbt_text_get\"><value name=\"entity\"><block type=\"entity_from_deps\"></block></value><value name=\"tagName\"><block type=\"text_join\" inline=\"true\"><mutation items=\"2\"></mutation><value name=\"ADD0\"><block type=\"text_join\" inline=\"false\"><mutation items=\"2\"></mutation><value name=\"ADD0\"><block type=\"entity_nbt_text_get\"><value name=\"entity\"><block type=\"entity_from_deps\"></block></value><value name=\"tagName\"><block type=\"text\"><field name=\"TEXT\">type</field></block></value></block></value><value name=\"ADD1\"><block type=\"text\"><field name=\"TEXT\">_outer</field></block></value></block></value><value name=\"ADD1\"><block type=\"text\"><field name=\"TEXT\">_short</field></block></value></block></value></block></value><next><block type=\"entity_nbt_text_set\"><value name=\"entity\"><block type=\"entity_from_deps\"></block></value><value name=\"tagName\"><block type=\"text\"><field name=\"TEXT\">block_placer</field></block></value><value name=\"tagValue\"><block type=\"text_join\" inline=\"false\"><mutation items=\"2\"></mutation><value name=\"ADD0\"><block type=\"entity_nbt_text_get\"><value name=\"entity\"><block type=\"entity_from_deps\"></block></value><value name=\"tagName\"><block type=\"text\"><field name=\"TEXT\">type</field></block></value></block></value><value name=\"ADD1\"><block type=\"text\"><field name=\"TEXT\">_outer</field></block></value></block></value><next><block type=\"variables_set_logic\"><mutation xmlns=\"http://www.w3.org/1999/xhtml\" is_player_var=\"false\" has_entity=\"false\"></mutation><field name=\"VAR\">local:square_true</field><value name=\"VAL\"><block type=\"logic_boolean\"><field name=\"BOOL\">TRUE</field></block></value></block></next></block></next></block></next></block></statement><statement name=\"ELSE\"><block type=\"controls_if\"><value name=\"IF0\"><block type=\"text_binary_ops\"><value name=\"A\"><block type=\"entity_nbt_text_get\"><value name=\"entity\"><block type=\"entity_from_deps\"></block></value><value name=\"tagName\"><block type=\"text_join\"><mutation items=\"2\"></mutation><value name=\"ADD0\"><block type=\"entity_nbt_text_get\"><value name=\"entity\"><block type=\"entity_from_deps\"></block></value><value name=\"tagName\"><block type=\"text\"><field name=\"TEXT\">type</field></block></value></block></value><value name=\"ADD1\"><block type=\"text\"><field name=\"TEXT\">_generator_type</field></block></value></block></value></block></value><value name=\"B\"><block type=\"text\"><field name=\"TEXT\">sphere</field></block></value></block></value><statement name=\"DO0\"><block type=\"controls_if\"><value name=\"IF0\"><block type=\"logic_binary_ops\" inline=\"false\"><field name=\"OP\">AND</field><value name=\"A\"><block type=\"math_binary_ops\"><field name=\"OP\">EQ</field><value name=\"A\"><block type=\"entity_nbt_num_get\"><value name=\"entity\"><block type=\"entity_from_deps\"></block></value><value name=\"tagName\"><block type=\"text\"><field name=\"TEXT\">part_create3</field></block></value></block></value><value name=\"B\"><block type=\"math_number\"><field name=\"NUM\">0</field></block></value></block></value><value name=\"B\"><block type=\"math_binary_ops\"><field name=\"OP\">EQ</field><value name=\"A\"><block type=\"entity_nbt_num_get\"><value name=\"entity\"><block type=\"entity_from_deps\"></block></value><value name=\"tagName\"><block type=\"text\"><field name=\"TEXT\">part_create4</field></block></value></block></value><value name=\"B\"><block type=\"math_number\"><field name=\"NUM\">90</field></block></value></block></value></block></value><statement name=\"DO0\"><block type=\"call_procedure\"><mutation xmlns=\"http://www.w3.org/1999/xhtml\" inputs=\"undefined\"></mutation><field name=\"procedure\">RandomTreeTickPartCreateCoreTest</field></block></statement><next><block type=\"controls_if\"><mutation else=\"1\"></mutation><value name=\"IF0\"><block type=\"logic_binary_ops\"><field name=\"OP\">EQ</field><value name=\"A\"><block type=\"variables_get_logic\"><mutation xmlns=\"http://www.w3.org/1999/xhtml\" is_player_var=\"false\" has_entity=\"false\"></mutation><field name=\"VAR\">global:auto_gen</field></block></value><value name=\"B\"><block type=\"logic_boolean\"><field name=\"BOOL\">TRUE</field></block></value></block></value><statement name=\"DO0\"><block type=\"execute_command\"><value name=\"command\"><block type=\"text_join\"><mutation items=\"9\"></mutation><value name=\"ADD0\"><block type=\"text\"><field name=\"TEXT\">execute at @e[name=THT-tree_part_create_</field></block></value><value name=\"ADD1\"><block type=\"entity_nbt_text_get\"><value name=\"entity\"><block type=\"entity_from_deps\"></block></value><value name=\"tagName\"><block type=\"text\"><field name=\"TEXT\">tree_id</field></block></value></block></value><value name=\"ADD2\"><block type=\"text\"><field name=\"TEXT\">] positioned ^ ^ ^</field></block></value><value name=\"ADD3\"><block type=\"entity_nbt_num_get\"><value name=\"entity\"><block type=\"entity_from_deps\"></block></value><value name=\"tagName\"><block type=\"text\"><field name=\"TEXT\">part_create2</field></block></value></block></value><value name=\"ADD4\"><block type=\"text_join\"><mutation items=\"2\"></mutation><value name=\"ADD0\"><block type=\"text\"><field name=\"TEXT\"> unless block ~ ~ ~ </field></block></value><value name=\"ADD1\"><block type=\"text_join\"><mutation items=\"2\"></mutation><value name=\"ADD0\"><block type=\"text\"><field name=\"TEXT\">tht:block_placer_</field></block></value><value name=\"ADD1\"><block type=\"entity_nbt_text_get\"><value name=\"entity\"><block type=\"entity_from_deps\"></block></value><value name=\"tagName\"><block type=\"text\"><field name=\"TEXT\">block_placer</field></block></value></block></value></block></value></block></value><value name=\"ADD5\"><block type=\"entity_nbt_text_get\"><value name=\"entity\"><block type=\"entity_from_deps\"></block></value><value name=\"tagName\"><block type=\"text\"><field name=\"TEXT\">setblock_unless</field></block></value></block></value><value name=\"ADD6\"><block type=\"variables_get_string\"><mutation xmlns=\"http://www.w3.org/1999/xhtml\" is_player_var=\"false\" has_entity=\"false\"></mutation><field name=\"VAR\">local:block_keep</field></block></value><value name=\"ADD7\"><block type=\"text\"><field name=\"TEXT\"> run setblock ~ ~ ~ </field></block></value><value name=\"ADD8\"><block type=\"text_join\" collapsed=\"true\"><mutation items=\"13\"></mutation><value name=\"ADD0\"><block type=\"text_join\"><mutation items=\"2\"></mutation><value name=\"ADD0\"><block type=\"text\"><field name=\"TEXT\">tht:block_placer_</field></block></value><value name=\"ADD1\"><block type=\"entity_nbt_text_get\"><value name=\"entity\"><block type=\"entity_from_deps\"></block></value><value name=\"tagName\"><block type=\"text\"><field name=\"TEXT\">block_placer</field></block></value></block></value></block></value><value name=\"ADD1\"><block type=\"text\"><field name=\"TEXT\">{ForgeData:{</field></block></value><value name=\"ADD2\"><block type=\"text\"><field name=\"TEXT\">file_name:\"</field></block></value><value name=\"ADD3\"><block type=\"entity_nbt_text_get\"><value name=\"entity\"><block type=\"entity_from_deps\"></block></value><value name=\"tagName\"><block type=\"text\"><field name=\"TEXT\">file_name</field></block></value></block></value><value name=\"ADD4\"><block type=\"text\"><field name=\"TEXT\">\"</field></block></value><value name=\"ADD5\"><block type=\"text_join\" collapsed=\"true\"><mutation items=\"6\"></mutation><value name=\"ADD0\"><block type=\"text\"><field name=\"TEXT\">,RT_posX:</field></block></value><value name=\"ADD1\"><block type=\"entity_pos_x\"><value name=\"entity\"><block type=\"entity_from_deps\"></block></value></block></value><value name=\"ADD2\"><block type=\"text\"><field name=\"TEXT\">,RT_posY:</field></block></value><value name=\"ADD3\"><block type=\"entity_pos_y\"><value name=\"entity\"><block type=\"entity_from_deps\"></block></value></block></value><value name=\"ADD4\"><block type=\"text\"><field name=\"TEXT\">,RT_posZ:</field></block></value><value name=\"ADD5\"><block type=\"entity_pos_z\"><value name=\"entity\"><block type=\"entity_from_deps\"></block></value></block></value></block></value><value name=\"ADD6\"><block type=\"text\"><field name=\"TEXT\">,type_short:\"</field></block></value><value name=\"ADD7\"><block type=\"entity_nbt_text_get\"><value name=\"entity\"><block type=\"entity_from_deps\"></block></value><value name=\"tagName\"><block type=\"text\"><field name=\"TEXT\">type_short</field></block></value></block></value><value name=\"ADD8\"><block type=\"text\"><field name=\"TEXT\">\",block:\"</field></block></value><value name=\"ADD9\"><block type=\"entity_nbt_text_get\"><value name=\"entity\"><block type=\"entity_from_deps\"></block></value><value name=\"tagName\"><block type=\"text\"><field name=\"TEXT\">block</field></block></value></block></value><value name=\"ADD10\"><block type=\"text\"><field name=\"TEXT\">\",set_function:\"</field></block></value><value name=\"ADD11\"><block type=\"entity_nbt_text_get\"><value name=\"entity\"><block type=\"entity_from_deps\"></block></value><value name=\"tagName\"><block type=\"text\"><field name=\"TEXT\">set_function</field></block></value></block></value><value name=\"ADD12\"><block type=\"text\"><field name=\"TEXT\">\"}}</field></block></value></block></value></block></value><value name=\"x\"><block type=\"coord_x\"></block></value><value name=\"y\"><block type=\"coord_y\"></block></value><value name=\"z\"><block type=\"coord_z\"></block></value></block></statement><statement name=\"ELSE\"><block type=\"execute_command\"><value name=\"command\"><block type=\"text_join\"><mutation items=\"9\"></mutation><value name=\"ADD0\"><block type=\"text\"><field name=\"TEXT\">execute at @e[name=THT-tree_part_create_</field></block></value><value name=\"ADD1\"><block type=\"entity_nbt_text_get\"><value name=\"entity\"><block type=\"entity_from_deps\"></block></value><value name=\"tagName\"><block type=\"text\"><field name=\"TEXT\">tree_id</field></block></value></block></value><value name=\"ADD2\"><block type=\"text\"><field name=\"TEXT\">] positioned ^ ^ ^</field></block></value><value name=\"ADD3\"><block type=\"entity_nbt_num_get\"><value name=\"entity\"><block type=\"entity_from_deps\"></block></value><value name=\"tagName\"><block type=\"text\"><field name=\"TEXT\">part_create2</field></block></value></block></value><value name=\"ADD4\"><block type=\"text_join\"><mutation items=\"2\"></mutation><value name=\"ADD0\"><block type=\"text\"><field name=\"TEXT\"> unless block ~ ~ ~ </field></block></value><value name=\"ADD1\"><block type=\"entity_nbt_text_get\"><value name=\"entity\"><block type=\"entity_from_deps\"></block></value><value name=\"tagName\"><block type=\"text\"><field name=\"TEXT\">block</field></block></value></block></value></block></value><value name=\"ADD5\"><block type=\"entity_nbt_text_get\"><value name=\"entity\"><block type=\"entity_from_deps\"></block></value><value name=\"tagName\"><block type=\"text\"><field name=\"TEXT\">setblock_unless</field></block></value></block></value><value name=\"ADD6\"><block type=\"variables_get_string\"><mutation xmlns=\"http://www.w3.org/1999/xhtml\" is_player_var=\"false\" has_entity=\"false\"></mutation><field name=\"VAR\">local:block_keep</field></block></value><value name=\"ADD7\"><block type=\"text\"><field name=\"TEXT\"> run setblock ~ ~ ~ </field></block></value><value name=\"ADD8\"><block type=\"entity_nbt_text_get\"><value name=\"entity\"><block type=\"entity_from_deps\"></block></value><value name=\"tagName\"><block type=\"text\"><field name=\"TEXT\">block</field></block></value></block></value></block></value><value name=\"x\"><block type=\"coord_x\"></block></value><value name=\"y\"><block type=\"coord_y\"></block></value><value name=\"z\"><block type=\"coord_z\"></block></value><next><block type=\"controls_if\"><value name=\"IF0\"><block type=\"logic_negate\"><value name=\"BOOL\"><block type=\"text_binary_ops\"><value name=\"A\"><block type=\"entity_nbt_text_get\"><value name=\"entity\"><block type=\"entity_from_deps\"></block></value><value name=\"tagName\"><block type=\"text\"><field name=\"TEXT\">set_function</field></block></value></block></value><value name=\"B\"><block type=\"text\"><field name=\"TEXT\"></field></block></value></block></value></block></value><statement name=\"DO0\"><block type=\"execute_command\"><value name=\"command\"><block type=\"text_join\"><mutation items=\"6\"></mutation><value name=\"ADD0\"><block type=\"text\"><field name=\"TEXT\">execute at @e[name=THT-tree_part_create_</field></block></value><value name=\"ADD1\"><block type=\"entity_nbt_text_get\"><value name=\"entity\"><block type=\"entity_from_deps\"></block></value><value name=\"tagName\"><block type=\"text\"><field name=\"TEXT\">tree_id</field></block></value></block></value><value name=\"ADD2\"><block type=\"text\"><field name=\"TEXT\">] positioned ^ ^ ^</field></block></value><value name=\"ADD3\"><block type=\"entity_nbt_num_get\"><value name=\"entity\"><block type=\"entity_from_deps\"></block></value><value name=\"tagName\"><block type=\"text\"><field name=\"TEXT\">part_create2</field></block></value></block></value><value name=\"ADD4\"><block type=\"text\"><field name=\"TEXT\"> run </field></block></value><value name=\"ADD5\"><block type=\"entity_nbt_text_get\"><value name=\"entity\"><block type=\"entity_from_deps\"></block></value><value name=\"tagName\"><block type=\"text\"><field name=\"TEXT\">set_function</field></block></value></block></value></block></value><value name=\"x\"><block type=\"coord_x\"></block></value><value name=\"y\"><block type=\"coord_y\"></block></value><value name=\"z\"><block type=\"coord_z\"></block></value></block></statement></block></next></block></statement></block></next></block></statement><next><block type=\"variables_set_logic\"><mutation xmlns=\"http://www.w3.org/1999/xhtml\" is_player_var=\"false\" has_entity=\"false\"></mutation><field name=\"VAR\">local:square_true</field><value name=\"VAL\"><block type=\"logic_boolean\"><field name=\"BOOL\">FALSE</field></block></value></block></next></block></statement></block></next></block></statement></block></statement><next><block type=\"controls_if\"><value name=\"IF0\"><block type=\"logic_binary_ops\"><field name=\"OP\">EQ</field><value name=\"A\"><block type=\"variables_get_logic\"><mutation xmlns=\"http://www.w3.org/1999/xhtml\" is_player_var=\"false\" has_entity=\"false\"></mutation><field name=\"VAR\">local:square_true</field></block></value><value name=\"B\"><block type=\"logic_boolean\"><field name=\"BOOL\">TRUE</field></block></value></block></value><statement name=\"DO0\"><block type=\"controls_if\" collapsed=\"true\"><mutation else=\"1\"></mutation><value name=\"IF0\"><block type=\"logic_binary_ops\"><field name=\"OP\">EQ</field><value name=\"A\"><block type=\"variables_get_logic\"><mutation xmlns=\"http://www.w3.org/1999/xhtml\" is_player_var=\"false\" has_entity=\"false\"></mutation><field name=\"VAR\">global:auto_gen</field></block></value><value name=\"B\"><block type=\"logic_boolean\"><field name=\"BOOL\">TRUE</field></block></value></block></value><statement name=\"DO0\"><block type=\"execute_command\"><value name=\"command\"><block type=\"text_join\"><mutation items=\"7\"></mutation><value name=\"ADD0\"><block type=\"text\"><field name=\"TEXT\">execute at @e[name=THT-tree_</field></block></value><value name=\"ADD1\"><block type=\"text_join\" inline=\"false\" collapsed=\"true\"><mutation items=\"3\"></mutation><value name=\"ADD0\"><block type=\"entity_nbt_text_get\"><value name=\"entity\"><block type=\"entity_from_deps\"></block></value><value name=\"tagName\"><block type=\"text\"><field name=\"TEXT\">type</field></block></value></block></value><value name=\"ADD1\"><block type=\"text\"><field name=\"TEXT\">_</field></block></value><value name=\"ADD2\"><block type=\"entity_nbt_text_get\"><value name=\"entity\"><block type=\"entity_from_deps\"></block></value><value name=\"tagName\"><block type=\"text\"><field name=\"TEXT\">tree_id</field></block></value></block></value></block></value><value name=\"ADD2\"><block type=\"text\"><field name=\"TEXT\">] run fill </field></block></value><value name=\"ADD3\"><block type=\"text_replace\"><value name=\"what\"><block type=\"text\"><field name=\"TEXT\">x</field></block></value><value name=\"with\"><block type=\"text_join\"><mutation items=\"1\"></mutation><value name=\"ADD0\"><block type=\"math_dual_ops\"><field name=\"OP\">MULTIPLY</field><value name=\"A\"><block type=\"entity_nbt_num_get\"><value name=\"entity\"><block type=\"entity_from_deps\"></block></value><value name=\"tagName\"><block type=\"text\"><field name=\"TEXT\">part_create</field></block></value></block></value><value name=\"B\"><block type=\"math_number\"><field name=\"NUM\">0.5</field></block></value></block></value></block></value><value name=\"text\"><block type=\"text\"><field name=\"TEXT\">~x ~x ~x ~-x ~-x ~-x</field></block></value></block></value><value name=\"ADD4\"><block type=\"text\"><field name=\"TEXT\"> tht:block_placer_</field></block></value><value name=\"ADD5\"><block type=\"text_join\" collapsed=\"true\"><mutation items=\"13\"></mutation><value name=\"ADD0\"><block type=\"entity_nbt_text_get\"><value name=\"entity\"><block type=\"entity_from_deps\"></block></value><value name=\"tagName\"><block type=\"text\"><field name=\"TEXT\">block_placer</field></block></value></block></value><value name=\"ADD1\"><block type=\"text\"><field name=\"TEXT\">{ForgeData:{</field></block></value><value name=\"ADD2\"><block type=\"text\"><field name=\"TEXT\">file_name:\"</field></block></value><value name=\"ADD3\"><block type=\"entity_nbt_text_get\"><value name=\"entity\"><block type=\"entity_from_deps\"></block></value><value name=\"tagName\"><block type=\"text\"><field name=\"TEXT\">file_name</field></block></value></block></value><value name=\"ADD4\"><block type=\"text\"><field name=\"TEXT\">\"</field></block></value><value name=\"ADD5\"><block type=\"text_join\" collapsed=\"true\"><mutation items=\"6\"></mutation><value name=\"ADD0\"><block type=\"text\"><field name=\"TEXT\">,RT_posX:</field></block></value><value name=\"ADD1\"><block type=\"entity_pos_x\"><value name=\"entity\"><block type=\"entity_from_deps\"></block></value></block></value><value name=\"ADD2\"><block type=\"text\"><field name=\"TEXT\">,RT_posY:</field></block></value><value name=\"ADD3\"><block type=\"entity_pos_y\"><value name=\"entity\"><block type=\"entity_from_deps\"></block></value></block></value><value name=\"ADD4\"><block type=\"text\"><field name=\"TEXT\">,RT_posZ:</field></block></value><value name=\"ADD5\"><block type=\"entity_pos_z\"><value name=\"entity\"><block type=\"entity_from_deps\"></block></value></block></value></block></value><value name=\"ADD6\"><block type=\"text\"><field name=\"TEXT\">,type_short:\"</field></block></value><value name=\"ADD7\"><block type=\"entity_nbt_text_get\"><value name=\"entity\"><block type=\"entity_from_deps\"></block></value><value name=\"tagName\"><block type=\"text\"><field name=\"TEXT\">type_short</field></block></value></block></value><value name=\"ADD8\"><block type=\"text\"><field name=\"TEXT\">\",block:\"</field></block></value><value name=\"ADD9\"><block type=\"entity_nbt_text_get\"><value name=\"entity\"><block type=\"entity_from_deps\"></block></value><value name=\"tagName\"><block type=\"text\"><field name=\"TEXT\">block</field></block></value></block></value><value name=\"ADD10\"><block type=\"text\"><field name=\"TEXT\">\",set_function:\"</field></block></value><value name=\"ADD11\"><block type=\"entity_nbt_text_get\"><value name=\"entity\"><block type=\"entity_from_deps\"></block></value><value name=\"tagName\"><block type=\"text\"><field name=\"TEXT\">set_function</field></block></value></block></value><value name=\"ADD12\"><block type=\"text\"><field name=\"TEXT\">\"}}</field></block></value></block></value><value name=\"ADD6\"><block type=\"variables_get_string\"><mutation xmlns=\"http://www.w3.org/1999/xhtml\" is_player_var=\"false\" has_entity=\"false\"></mutation><field name=\"VAR\">local:block_keep</field></block></value></block></value><value name=\"x\"><block type=\"coord_x\"></block></value><value name=\"y\"><block type=\"coord_y\"></block></value><value name=\"z\"><block type=\"coord_z\"></block></value></block></statement><statement name=\"ELSE\"><block type=\"execute_command\"><value name=\"command\"><block type=\"text_join\"><mutation items=\"7\"></mutation><value name=\"ADD0\"><block type=\"text\"><field name=\"TEXT\">execute at @e[name=THT-tree_</field></block></value><value name=\"ADD1\"><block type=\"text_join\" inline=\"false\" collapsed=\"true\"><mutation items=\"3\"></mutation><value name=\"ADD0\"><block type=\"entity_nbt_text_get\"><value name=\"entity\"><block type=\"entity_from_deps\"></block></value><value name=\"tagName\"><block type=\"text\"><field name=\"TEXT\">type</field></block></value></block></value><value name=\"ADD1\"><block type=\"text\"><field name=\"TEXT\">_</field></block></value><value name=\"ADD2\"><block type=\"entity_nbt_text_get\"><value name=\"entity\"><block type=\"entity_from_deps\"></block></value><value name=\"tagName\"><block type=\"text\"><field name=\"TEXT\">tree_id</field></block></value></block></value></block></value><value name=\"ADD2\"><block type=\"text\"><field name=\"TEXT\">] run fill </field></block></value><value name=\"ADD3\"><block type=\"text_replace\"><value name=\"what\"><block type=\"text\"><field name=\"TEXT\">x</field></block></value><value name=\"with\"><block type=\"text_join\"><mutation items=\"1\"></mutation><value name=\"ADD0\"><block type=\"math_dual_ops\"><field name=\"OP\">MULTIPLY</field><value name=\"A\"><block type=\"entity_nbt_num_get\"><value name=\"entity\"><block type=\"entity_from_deps\"></block></value><value name=\"tagName\"><block type=\"text\"><field name=\"TEXT\">part_create</field></block></value></block></value><value name=\"B\"><block type=\"math_number\"><field name=\"NUM\">0.5</field></block></value></block></value></block></value><value name=\"text\"><block type=\"text\"><field name=\"TEXT\">~x ~x ~x ~-x ~-x ~-x</field></block></value></block></value><value name=\"ADD4\"><block type=\"text\"><field name=\"TEXT\"> </field></block></value><value name=\"ADD5\"><block type=\"entity_nbt_text_get\"><value name=\"entity\"><block type=\"entity_from_deps\"></block></value><value name=\"tagName\"><block type=\"text\"><field name=\"TEXT\">block</field></block></value></block></value><value name=\"ADD6\"><block type=\"variables_get_string\"><mutation xmlns=\"http://www.w3.org/1999/xhtml\" is_player_var=\"false\" has_entity=\"false\"></mutation><field name=\"VAR\">local:block_keep</field></block></value></block></value><value name=\"x\"><block type=\"coord_x\"></block></value><value name=\"y\"><block type=\"coord_y\"></block></value><value name=\"z\"><block type=\"coord_z\"></block></value></block></statement><next><block type=\"entity_nbt_num_set\"><value name=\"entity\"><block type=\"entity_from_deps\"></block></value><value name=\"tagName\"><block type=\"text\"><field name=\"TEXT\">part_create2</field></block></value><value name=\"tagValue\"><block type=\"math_dual_ops\"><field name=\"OP\">ADD</field><value name=\"A\"><block type=\"entity_nbt_num_get\"><value name=\"entity\"><block type=\"entity_from_deps\"></block></value><value name=\"tagName\"><block type=\"text\"><field name=\"TEXT\">part_create</field></block></value></block></value><value name=\"B\"><block type=\"math_number\"><field name=\"NUM\">1</field></block></value></block></value></block></next></block></statement><next><block type=\"entity_nbt_num_set\"><value name=\"entity\"><block type=\"entity_from_deps\"></block></value><value name=\"tagName\"><block type=\"text\"><field name=\"TEXT\">part_create4</field></block></value><value name=\"tagValue\"><block type=\"math_dual_ops\" inline=\"false\" collapsed=\"true\"><field name=\"OP\">MINUS</field><value name=\"A\"><block type=\"entity_nbt_num_get\"><value name=\"entity\"><block type=\"entity_from_deps\"></block></value><value name=\"tagName\"><block type=\"text\"><field name=\"TEXT\">part_create4</field></block></value></block></value><value name=\"B\"><block type=\"math_dual_ops\"><field name=\"OP\">DIVIDE</field><value name=\"A\"><block type=\"math_number\"><field name=\"NUM\">360</field></block></value><value name=\"B\"><block type=\"math_dual_ops\"><field name=\"OP\">MULTIPLY</field><value name=\"A\"><block type=\"math_number\"><field name=\"NUM\">2</field></block></value><value name=\"B\"><block type=\"math_dual_ops\"><field name=\"OP\">MULTIPLY</field><value name=\"A\"><block type=\"math_dual_ops\" collapsed=\"true\"><field name=\"OP\">DIVIDE</field><value name=\"A\"><block type=\"math_number\"><field name=\"NUM\">22</field></block></value><value name=\"B\"><block type=\"math_number\"><field name=\"NUM\">7</field></block></value></block></value><value name=\"B\"><block type=\"entity_nbt_num_get\"><value name=\"entity\"><block type=\"entity_from_deps\"></block></value><value name=\"tagName\"><block type=\"text\"><field name=\"TEXT\">part_create2</field></block></value></block></value></block></value></block></value></block></value></block></value></block></next></block></next></block></statement><next><block type=\"controls_if\" collapsed=\"true\"><value name=\"IF0\"><block type=\"math_binary_ops\"><field name=\"OP\">LTE</field><value name=\"A\"><block type=\"entity_nbt_num_get\"><value name=\"entity\"><block type=\"entity_from_deps\"></block></value><value name=\"tagName\"><block type=\"text\"><field name=\"TEXT\">part_create4</field></block></value></block></value><value name=\"B\"><block type=\"math_number\"><field name=\"NUM\">-90</field></block></value></block></value><statement name=\"DO0\"><block type=\"entity_nbt_num_set\"><value name=\"entity\"><block type=\"entity_from_deps\"></block></value><value name=\"tagName\"><block type=\"text\"><field name=\"TEXT\">part_create4</field></block></value><value name=\"tagValue\"><block type=\"math_number\"><field name=\"NUM\">90</field></block></value><next><block type=\"entity_nbt_num_set\"><value name=\"entity\"><block type=\"entity_from_deps\"></block></value><value name=\"tagName\"><block type=\"text\"><field name=\"TEXT\">part_create3</field></block></value><value name=\"tagValue\"><block type=\"math_dual_ops\" inline=\"false\" collapsed=\"true\"><field name=\"OP\">ADD</field><value name=\"A\"><block type=\"entity_nbt_num_get\"><value name=\"entity\"><block type=\"entity_from_deps\"></block></value><value name=\"tagName\"><block type=\"text\"><field name=\"TEXT\">part_create3</field></block></value></block></value><value name=\"B\"><block type=\"math_dual_ops\"><field name=\"OP\">DIVIDE</field><value name=\"A\"><block type=\"math_number\"><field name=\"NUM\">360</field></block></value><value name=\"B\"><block type=\"math_dual_ops\"><field name=\"OP\">MULTIPLY</field><value name=\"A\"><block type=\"math_number\"><field name=\"NUM\">2</field></block></value><value name=\"B\"><block type=\"math_dual_ops\"><field name=\"OP\">MULTIPLY</field><value name=\"A\"><block type=\"math_dual_ops\" collapsed=\"true\"><field name=\"OP\">DIVIDE</field><value name=\"A\"><block type=\"math_number\"><field name=\"NUM\">22</field></block></value><value name=\"B\"><block type=\"math_number\"><field name=\"NUM\">7</field></block></value></block></value><value name=\"B\"><block type=\"entity_nbt_num_get\"><value name=\"entity\"><block type=\"entity_from_deps\"></block></value><value name=\"tagName\"><block type=\"text\"><field name=\"TEXT\">part_create2</field></block></value></block></value></block></value></block></value></block></value></block></value></block></next></block></statement></block></next></block></statement><next><block type=\"controls_if\"><value name=\"IF0\"><block type=\"math_binary_ops\"><field name=\"OP\">GTE</field><value name=\"A\"><block type=\"entity_nbt_num_get\"><value name=\"entity\"><block type=\"entity_from_deps\"></block></value><value name=\"tagName\"><block type=\"text\"><field name=\"TEXT\">part_create3</field></block></value></block></value><value name=\"B\"><block type=\"math_number\"><field name=\"NUM\">360</field></block></value></block></value><statement name=\"DO0\"><block type=\"entity_nbt_num_set\"><value name=\"entity\"><block type=\"entity_from_deps\"></block></value><value name=\"tagName\"><block type=\"text\"><field name=\"TEXT\">part_create3</field></block></value><value name=\"tagValue\"><block type=\"math_number\"><field name=\"NUM\">0</field></block></value><next><block type=\"entity_nbt_num_set\"><value name=\"entity\"><block type=\"entity_from_deps\"></block></value><value name=\"tagName\"><block type=\"text\"><field name=\"TEXT\">part_create4</field></block></value><value name=\"tagValue\"><block type=\"math_number\"><field name=\"NUM\">90</field></block></value><next><block type=\"controls_if\"><mutation else=\"1\"></mutation><value name=\"IF0\"><block type=\"math_binary_ops\"><field name=\"OP\">NEQ</field><value name=\"A\"><block type=\"entity_nbt_num_get\"><value name=\"entity\"><block type=\"entity_from_deps\"></block></value><value name=\"tagName\"><block type=\"text\"><field name=\"TEXT\">part_create2</field></block></value></block></value><value name=\"B\"><block type=\"entity_nbt_num_get\"><value name=\"entity\"><block type=\"entity_from_deps\"></block></value><value name=\"tagName\"><block type=\"text\"><field name=\"TEXT\">part_create</field></block></value></block></value></block></value><statement name=\"DO0\"><block type=\"entity_nbt_num_set\"><value name=\"entity\"><block type=\"entity_from_deps\"></block></value><value name=\"tagName\"><block type=\"text\"><field name=\"TEXT\">part_create2</field></block></value><value name=\"tagValue\"><block type=\"math_dual_ops\"><field name=\"OP\">ADD</field><value name=\"A\"><block type=\"entity_nbt_num_get\"><value name=\"entity\"><block type=\"entity_from_deps\"></block></value><value name=\"tagName\"><block type=\"text\"><field name=\"TEXT\">part_create2</field></block></value></block></value><value name=\"B\"><block type=\"math_number\"><field name=\"NUM\">0.5</field></block></value></block></value><next><block type=\"controls_if\"><value name=\"IF0\"><block type=\"math_binary_ops\"><field name=\"OP\">GT</field><value name=\"A\"><block type=\"entity_nbt_num_get\"><value name=\"entity\"><block type=\"entity_from_deps\"></block></value><value name=\"tagName\"><block type=\"text\"><field name=\"TEXT\">part_create2</field></block></value></block></value><value name=\"B\"><block type=\"entity_nbt_num_get\"><value name=\"entity\"><block type=\"entity_from_deps\"></block></value><value name=\"tagName\"><block type=\"text\"><field name=\"TEXT\">part_create</field></block></value></block></value></block></value><statement name=\"DO0\"><block type=\"entity_nbt_num_set\"><value name=\"entity\"><block type=\"entity_from_deps\"></block></value><value name=\"tagName\"><block type=\"text\"><field name=\"TEXT\">part_create2</field></block></value><value name=\"tagValue\"><block type=\"entity_nbt_num_get\"><value name=\"entity\"><block type=\"entity_from_deps\"></block></value><value name=\"tagName\"><block type=\"text\"><field name=\"TEXT\">part_create</field></block></value></block></value></block></statement></block></next></block></statement><statement name=\"ELSE\"><block type=\"execute_command\"><value name=\"command\"><block type=\"text_join\"><mutation items=\"3\"></mutation><value name=\"ADD0\"><block type=\"text\"><field name=\"TEXT\">kill @e[name=THT-tree_part_create_</field></block></value><value name=\"ADD1\"><block type=\"entity_nbt_text_get\"><value name=\"entity\"><block type=\"entity_from_deps\"></block></value><value name=\"tagName\"><block type=\"text\"><field name=\"TEXT\">tree_id</field></block></value></block></value><value name=\"ADD2\"><block type=\"text\"><field name=\"TEXT\">]</field></block></value></block></value><value name=\"x\"><block type=\"coord_x\"></block></value><value name=\"y\"><block type=\"coord_y\"></block></value><value name=\"z\"><block type=\"coord_z\"></block></value><next><block type=\"entity_nbt_logic_set\"><value name=\"entity\"><block type=\"entity_from_deps\"></block></value><value name=\"tagName\"><block type=\"text\"><field name=\"TEXT\">part_create_true</field></block></value><value name=\"tagValue\"><block type=\"logic_boolean\"><field name=\"BOOL\">FALSE</field></block></value><next><block type=\"entity_nbt_text_set\"><value name=\"entity\"><block type=\"entity_from_deps\"></block></value><value name=\"tagName\"><block type=\"text\"><field name=\"TEXT\">step</field></block></value><value name=\"tagValue\"><block type=\"text\"><field name=\"TEXT\">create</field></block></value><next><block type=\"controls_flow_statements\"><field name=\"FLOW\">BREAK</field></block></next></block></next></block></next></block></statement></block></next></block></next></block></statement><next><block type=\"execute_command\" collapsed=\"true\"><value name=\"command\"><block type=\"text_join\"><mutation items=\"5\"></mutation><value name=\"ADD0\"><block type=\"text\"><field name=\"TEXT\">execute as @e[name=THT-tree_part_create_</field></block></value><value name=\"ADD1\"><block type=\"entity_nbt_text_get\"><value name=\"entity\"><block type=\"entity_from_deps\"></block></value><value name=\"tagName\"><block type=\"text\"><field name=\"TEXT\">tree_id</field></block></value></block></value><value name=\"ADD2\"><block type=\"text\"><field name=\"TEXT\">] at @s run tp @s ~ ~ ~ </field></block></value><value name=\"ADD3\"><block type=\"entity_nbt_num_get\"><value name=\"entity\"><block type=\"entity_from_deps\"></block></value><value name=\"tagName\"><block type=\"text\"><field name=\"TEXT\">part_create3</field></block></value></block></value><value name=\"ADD4\"><block type=\"text\"><field name=\"TEXT\"> ~</field></block></value></block></value><value name=\"x\"><block type=\"coord_x\"></block></value><value name=\"y\"><block type=\"coord_y\"></block></value><value name=\"z\"><block type=\"coord_z\"></block></value><next><block type=\"execute_command\" collapsed=\"true\"><value name=\"command\"><block type=\"text_join\"><mutation items=\"4\"></mutation><value name=\"ADD0\"><block type=\"text\"><field name=\"TEXT\">execute as @e[name=THT-tree_part_create_</field></block></value><value name=\"ADD1\"><block type=\"entity_nbt_text_get\"><value name=\"entity\"><block type=\"entity_from_deps\"></block></value><value name=\"tagName\"><block type=\"text\"><field name=\"TEXT\">tree_id</field></block></value></block></value><value name=\"ADD2\"><block type=\"text\"><field name=\"TEXT\">] at @s run tp @s ~ ~ ~ ~ </field></block></value><value name=\"ADD3\"><block type=\"entity_nbt_num_get\"><value name=\"entity\"><block type=\"entity_from_deps\"></block></value><value name=\"tagName\"><block type=\"text\"><field name=\"TEXT\">part_create4</field></block></value></block></value></block></value><value name=\"x\"><block type=\"coord_x\"></block></value><value name=\"y\"><block type=\"coord_y\"></block></value><value name=\"z\"><block type=\"coord_z\"></block></value><next><block type=\"controls_flow_statements\"><field name=\"FLOW\">BREAK</field></block></next></block></next></block></next></block></next></block></next></block></statement></block></next></block></next></block></xml>"
  }
}