{
  "_fv": 66,
  "_type": "block",
  "definition": {
    "texture": "tree_rust",
    "textureTop": "",
    "textureLeft": "",
    "textureFront": "",
    "textureRight": "",
    "textureBack": "",
    "renderType": 12,
    "customModelName": "Cross model",
    "rotationMode": 0,
    "enablePitch": false,
    "emissiveRendering": false,
    "displayFluidOverlay": false,
    "itemTexture": "tree_rust",
    "particleTexture": "",
    "tintType": "No tint",
    "isItemTinted": false,
    "hasTransparency": true,
    "connectedSides": false,
    "transparencyType": "CUTOUT",
    "disableOffset": false,
    "boundingBoxes": [
      {
        "mx": 2.0,
        "my": 0.0,
        "mz": 2.0,
        "Mx": 14.0,
        "My": 16.0,
        "Mz": 14.0,
        "subtract": false
      }
    ],
    "name": "Rust",
    "specialInformation": {
      "fixedValue": [
        "--------------------------------------------------",
        "Size : Realistic",
        "Blocks : Oak Wood / Stripped Oak Wood / Oak Leaves",
        "Special : None",
        "--------------------------------------------------",
        "This is random tree sapling, it may take long time to generate!",
        "--------------------------------------------------"
      ]
    },
    "hardness": 0.0,
    "resistance": 10.0,
    "hasGravity": false,
    "isWaterloggable": false,
    "creativeTabs": [
      {
        "value": "CUSTOM:ThtTab"
      }
    ],
    "destroyTool": "Not specified",
    "customDrop": {
      "value": ""
    },
    "dropAmount": 1,
    "useLootTableForDrops": false,
    "requiresCorrectTool": false,
    "enchantPowerBonus": 0.0,
    "plantsGrowOn": false,
    "canRedstoneConnect": false,
    "lightOpacity": 0,
    "material": {
      "value": "ROCK"
    },
    "tickRate": 20,
    "tickRandomly": false,
    "isReplaceable": false,
    "canProvidePower": false,
    "emittedRedstonePower": {
      "fixedValue": 15.0
    },
    "colorOnMap": "DEFAULT",
    "creativePickItem": {
      "value": ""
    },
    "offsetType": "NONE",
    "aiPathNodeType": "DEFAULT",
    "flammability": 0,
    "fireSpreadSpeed": 0,
    "isLadder": false,
    "slipperiness": 0.6,
    "speedFactor": 1.0,
    "jumpFactor": 1.0,
    "reactionToPushing": "NORMAL",
    "isNotColidable": true,
    "isCustomSoundType": false,
    "soundOnStep": {
      "value": "CLOTH"
    },
    "breakSound": {
      "value": ""
    },
    "fallSound": {
      "value": ""
    },
    "hitSound": {
      "value": ""
    },
    "placeSound": {
      "value": ""
    },
    "stepSound": {
      "value": ""
    },
    "luminance": 0,
    "unbreakable": false,
    "vanillaToolTier": "STONE",
    "isBonemealable": false,
    "hasInventory": true,
    "guiBoundTo": "<NONE>",
    "openGUIOnRightClick": false,
    "inventorySize": 9,
    "inventoryStackSize": 64,
    "inventoryDropWhenDestroyed": true,
    "inventoryComparatorPower": true,
    "inventoryOutSlotIDs": [],
    "inventoryInSlotIDs": [],
    "hasEnergyStorage": false,
    "energyInitial": 0,
    "energyCapacity": 400000,
    "energyMaxReceive": 200,
    "energyMaxExtract": 200,
    "isFluidTank": false,
    "fluidCapacity": 8000,
    "fluidRestrictions": [],
    "onRightClicked": {
      "name": "SaplingBlockRightClick"
    },
    "onTickUpdate": {
      "name": "SaplingBlockTick"
    },
    "generateFeature": false,
    "restrictionBiomes": [],
    "blocksToReplace": [
      {
        "value": "Blocks.GRASS"
      }
    ],
    "generationShape": "UNIFORM",
    "frequencyPerChunks": 10,
    "frequencyOnChunk": 1,
    "minGenerateHeight": 0,
    "maxGenerateHeight": 100
  }
}