{
  "_fv": 73,
  "_type": "procedure",
  "definition": {
    "procedurexml": "<xml xmlns=\"https://developers.google.com/blockly/xml\"><variables><variable type=\"File\" id=\"file\">file</variable><variable type=\"Number\" id=\"loop\">loop</variable><variable type=\"Number\" id=\"loop_next\">loop_next</variable><variable type=\"String\" id=\"keep\">keep</variable><variable type=\"String\" id=\"type\">type</variable><variable type=\"String\" id=\"type_short\">type_short</variable><variable type=\"String\" id=\"file_write\">file_write</variable></variables><block type=\"event_trigger\" deletable=\"false\" x=\"126\" y=\"148\"><field name=\"trigger\">no_ext_trigger</field><next><block type=\"entity_nbt_text_set\"><value name=\"entity\"><block type=\"entity_from_deps\"></block></value><value name=\"tagName\"><block type=\"text\"><field name=\"TEXT\">file_name</field></block></value><value name=\"tagValue\"><block type=\"text_join\"><mutation items=\"4\"></mutation><value name=\"ADD0\"><block type=\"text_replace\"><value name=\"what\"><block type=\"text\"><field name=\"TEXT\"> </field></block></value><value name=\"with\"><block type=\"text\"><field name=\"TEXT\">_</field></block></value><value name=\"text\"><block type=\"text_lowercase\"><value name=\"text\"><block type=\"entity_nbt_text_get\"><value name=\"entity\"><block type=\"entity_from_deps\"></block></value><value name=\"tagName\"><block type=\"text\"><field name=\"TEXT\">name</field></block></value></block></value></block></value></block></value><value name=\"ADD1\"><block type=\"text\"><field name=\"TEXT\">-</field></block></value><value name=\"ADD2\"><block type=\"time_to_formatted_string\"><value name=\"format\"><block type=\"text\"><field name=\"TEXT\">yyyyMMdd-HHmm-ss</field></block></value></block></value><value name=\"ADD3\"><block type=\"text\"><field name=\"TEXT\"> (generating).txt</field></block></value></block></value><next><block type=\"controls_if\"><value name=\"IF0\"><block type=\"logic_binary_ops\"><field name=\"OP\">EQ</field><value name=\"A\"><block type=\"variables_get_logic\"><mutation xmlns=\"http://www.w3.org/1999/xhtml\" is_player_var=\"false\" has_entity=\"false\"></mutation><field name=\"VAR\">global:auto_gen_chat_messages</field></block></value><value name=\"B\"><block type=\"logic_boolean\"><field name=\"BOOL\">TRUE</field></block></value></block></value><statement name=\"DO0\"><block type=\"execute_command\"><value name=\"command\"><block type=\"text_join\" inline=\"true\"><mutation items=\"3\"></mutation><value name=\"ADD0\"><block type=\"text\"><field name=\"TEXT\">tellraw @a [\"\",{\"text\":\"THT : Generating \",\"color\":\"aqua\"},{\"text\":\"</field></block></value><value name=\"ADD1\"><block type=\"text_replace\"><value name=\"what\"><block type=\"text\"><field name=\"TEXT\"> (generating)</field></block></value><value name=\"with\"><block type=\"text\"><field name=\"TEXT\"></field></block></value><value name=\"text\"><block type=\"entity_nbt_text_get\"><value name=\"entity\"><block type=\"entity_from_deps\"></block></value><value name=\"tagName\"><block type=\"text\"><field name=\"TEXT\">file_name</field></block></value></block></value></block></value><value name=\"ADD2\"><block type=\"text\"><field name=\"TEXT\">\",\"color\":\"white\"}]</field></block></value></block></value><value name=\"x\"><block type=\"math_number\"><field name=\"NUM\">0</field></block></value><value name=\"y\"><block type=\"math_number\"><field name=\"NUM\">0</field></block></value><value name=\"z\"><block type=\"math_number\"><field name=\"NUM\">0</field></block></value></block></statement><next><block type=\"controls_if\"><value name=\"IF0\"><block type=\"logic_boolean\"><field name=\"BOOL\">TRUE</field></block></value><statement name=\"DO0\"><block type=\"variables_set_file\"><mutation xmlns=\"http://www.w3.org/1999/xhtml\" is_player_var=\"false\" has_entity=\"false\"></mutation><field name=\"VAR\">local:file</field><value name=\"VAL\"><block type=\"file_variable\"><mutation xmlns=\"http://www.w3.org/1999/xhtml\" is_player_var=\"false\" has_entity=\"false\"></mutation><field name=\"VAR\">local:file</field><value name=\"name\"><block type=\"text_join\" inline=\"true\"><mutation items=\"2\"></mutation><value name=\"ADD0\"><block type=\"entity_nbt_text_get\"><value name=\"entity\"><block type=\"entity_from_deps\"></block></value><value name=\"tagName\"><block type=\"text\"><field name=\"TEXT\">name</field></block></value></block></value><value name=\"ADD1\"><block type=\"text\"><field name=\"TEXT\">_settings.txt</field></block></value></block></value><value name=\"location\"><block type=\"text_join\" inline=\"false\"><mutation items=\"2\"></mutation><value name=\"ADD0\"><block type=\"get_game_directory\"></block></value><value name=\"ADD1\"><block type=\"text\"><field name=\"TEXT\">/config/tanshugetrees/generated</field></block></value></block></value></block></value><next><block type=\"controls_if\"><value name=\"IF0\"><block type=\"logic_negate\"><value name=\"BOOL\"><block type=\"file_exists\"><mutation xmlns=\"http://www.w3.org/1999/xhtml\" is_player_var=\"false\" has_entity=\"false\"></mutation><field name=\"VAR\">local:file</field></block></value></block></value><statement name=\"DO0\"><block type=\"create_file\"><mutation xmlns=\"http://www.w3.org/1999/xhtml\" is_player_var=\"false\" has_entity=\"false\"></mutation><field name=\"VAR\">local:file</field></block></statement><next><block type=\"controls_if\"><value name=\"IF0\"><block type=\"logic_boolean\"><field name=\"BOOL\">TRUE</field></block></value><statement name=\"DO0\"><block type=\"java_code\"><field name=\"CODE\">try {&amp;#10;FileWriter filewriter = new FileWriter(file, false);&amp;#10;BufferedWriter filebw = new BufferedWriter(filewriter);</field><next><block type=\"controls_if\"><value name=\"IF0\"><block type=\"logic_boolean\"><field name=\"BOOL\">TRUE</field></block></value><statement name=\"DO0\"><block type=\"controls_if\"><value name=\"IF0\"><block type=\"logic_boolean\"><field name=\"BOOL\">TRUE</field></block></value><statement name=\"DO0\"><block type=\"write_line\"><mutation xmlns=\"http://www.w3.org/1999/xhtml\" is_player_var=\"false\" has_entity=\"false\"></mutation><field name=\"VAR\">local:file</field><value name=\"text\"><block type=\"text_join\" inline=\"true\"><mutation items=\"2\"></mutation><value name=\"ADD0\"><block type=\"text\"><field name=\"TEXT\">tree_type = </field></block></value><value name=\"ADD1\"><block type=\"entity_nbt_text_get\"><value name=\"entity\"><block type=\"entity_from_deps\"></block></value><value name=\"tagName\"><block type=\"text\"><field name=\"TEXT\">tree_type</field></block></value></block></value></block></value><value name=\"newLine\"><block type=\"logic_boolean\"><field name=\"BOOL\">TRUE</field></block></value><next><block type=\"write_line\"><mutation xmlns=\"http://www.w3.org/1999/xhtml\" is_player_var=\"false\" has_entity=\"false\"></mutation><field name=\"VAR\">local:file</field><value name=\"text\"><block type=\"text_join\" inline=\"true\"><mutation items=\"2\"></mutation><value name=\"ADD0\"><block type=\"text\"><field name=\"TEXT\">start_height = </field></block></value><value name=\"ADD1\"><block type=\"text_replace\"><value name=\"what\"><block type=\"text\"><field name=\"TEXT\">.0</field></block></value><value name=\"with\"><block type=\"text\"><field name=\"TEXT\"></field></block></value><value name=\"text\"><block type=\"text_join\"><mutation items=\"1\"></mutation><value name=\"ADD0\"><block type=\"entity_nbt_num_get\"><value name=\"entity\"><block type=\"entity_from_deps\"></block></value><value name=\"tagName\"><block type=\"text\"><field name=\"TEXT\">start_height</field></block></value></block></value></block></value></block></value></block></value><value name=\"newLine\"><block type=\"logic_boolean\"><field name=\"BOOL\">TRUE</field></block></value><next><block type=\"write_line\"><mutation xmlns=\"http://www.w3.org/1999/xhtml\" is_player_var=\"false\" has_entity=\"false\"></mutation><field name=\"VAR\">local:file</field><value name=\"text\"><block type=\"text_join\" inline=\"true\"><mutation items=\"2\"></mutation><value name=\"ADD0\"><block type=\"text\"><field name=\"TEXT\">rt_dynamic = </field></block></value><value name=\"ADD1\"><block type=\"entity_nbt_logic_get\"><value name=\"entity\"><block type=\"entity_from_deps\"></block></value><value name=\"tagName\"><block type=\"text\"><field name=\"TEXT\">rt_dynamic</field></block></value></block></value></block></value><value name=\"newLine\"><block type=\"logic_boolean\"><field name=\"BOOL\">TRUE</field></block></value><next><block type=\"write_line\"><mutation xmlns=\"http://www.w3.org/1999/xhtml\" is_player_var=\"false\" has_entity=\"false\"></mutation><field name=\"VAR\">local:file</field><value name=\"text\"><block type=\"text_join\" inline=\"true\"><mutation items=\"2\"></mutation><value name=\"ADD0\"><block type=\"text\"><field name=\"TEXT\">can_disable_roots = </field></block></value><value name=\"ADD1\"><block type=\"entity_nbt_logic_get\"><value name=\"entity\"><block type=\"entity_from_deps\"></block></value><value name=\"tagName\"><block type=\"text\"><field name=\"TEXT\">can_disable_roots</field></block></value></block></value></block></value><value name=\"newLine\"><block type=\"logic_boolean\"><field name=\"BOOL\">TRUE</field></block></value></block></next></block></next></block></next></block></statement><next><block type=\"write_line\"><mutation xmlns=\"http://www.w3.org/1999/xhtml\" is_player_var=\"false\" has_entity=\"false\"></mutation><field name=\"VAR\">local:file</field><value name=\"text\"><block type=\"text\"><field name=\"TEXT\"></field></block></value><value name=\"newLine\"><block type=\"logic_boolean\"><field name=\"BOOL\">TRUE</field></block></value><next><block type=\"controls_if\"><value name=\"IF0\"><block type=\"logic_boolean\"><field name=\"BOOL\">TRUE</field></block></value><statement name=\"DO0\"><block type=\"variables_set_number\"><mutation xmlns=\"http://www.w3.org/1999/xhtml\" is_player_var=\"false\" has_entity=\"false\"></mutation><field name=\"VAR\">local:loop</field><value name=\"VAL\"><block type=\"math_number\"><field name=\"NUM\">1</field></block></value><next><block type=\"controls_repeat_ext\" collapsed=\"true\"><value name=\"TIMES\"><block type=\"math_number\"><field name=\"NUM\">100</field></block></value><statement name=\"DO\"><block type=\"variables_set_number\"><mutation xmlns=\"http://www.w3.org/1999/xhtml\" is_player_var=\"false\" has_entity=\"false\"></mutation><field name=\"VAR\">local:loop_next</field><value name=\"VAL\"><block type=\"math_number\"><field name=\"NUM\">1</field></block></value><next><block type=\"controls_if\"><value name=\"IF0\"><block type=\"logic_boolean\"><field name=\"BOOL\">TRUE</field></block></value><statement name=\"DO0\"><block type=\"controls_if\" collapsed=\"true\"><value name=\"IF0\"><block type=\"logic_boolean\"><field name=\"BOOL\">TRUE</field></block></value><statement name=\"DO0\"><block type=\"controls_if\"><value name=\"IF0\"><block type=\"logic_boolean\"><field name=\"BOOL\">TRUE</field></block></value><statement name=\"DO0\"><block type=\"controls_if\"><value name=\"IF0\"><block type=\"math_binary_ops\" collapsed=\"true\"><field name=\"OP\">EQ</field><value name=\"A\"><block type=\"variables_get_number\"><mutation xmlns=\"http://www.w3.org/1999/xhtml\" is_player_var=\"false\" has_entity=\"false\"></mutation><field name=\"VAR\">local:loop</field></block></value><value name=\"B\"><block type=\"variables_get_number\"><mutation xmlns=\"http://www.w3.org/1999/xhtml\" is_player_var=\"false\" has_entity=\"false\"></mutation><field name=\"VAR\">local:loop_next</field></block></value></block></value><statement name=\"DO0\"><block type=\"variables_set_string\"><mutation xmlns=\"http://www.w3.org/1999/xhtml\" is_player_var=\"false\" has_entity=\"false\"></mutation><field name=\"VAR\">local:type</field><value name=\"VAL\"><block type=\"text\"><field name=\"TEXT\">taproot</field></block></value><next><block type=\"variables_set_string\"><mutation xmlns=\"http://www.w3.org/1999/xhtml\" is_player_var=\"false\" has_entity=\"false\"></mutation><field name=\"VAR\">local:type_short</field><value name=\"VAL\"><block type=\"text\"><field name=\"TEXT\">ta</field></block></value></block></next></block></statement><next><block type=\"variables_set_number\" collapsed=\"true\"><mutation xmlns=\"http://www.w3.org/1999/xhtml\" is_player_var=\"false\" has_entity=\"false\"></mutation><field name=\"VAR\">local:loop_next</field><value name=\"VAL\"><block type=\"math_dual_ops\"><field name=\"OP\">ADD</field><value name=\"A\"><block type=\"variables_get_number\"><mutation xmlns=\"http://www.w3.org/1999/xhtml\" is_player_var=\"false\" has_entity=\"false\"></mutation><field name=\"VAR\">local:loop_next</field></block></value><value name=\"B\"><block type=\"math_number\"><field name=\"NUM\">1</field></block></value></block></value></block></next></block></statement><next><block type=\"controls_if\"><value name=\"IF0\"><block type=\"logic_boolean\"><field name=\"BOOL\">TRUE</field></block></value><statement name=\"DO0\"><block type=\"controls_if\"><value name=\"IF0\"><block type=\"math_binary_ops\" collapsed=\"true\"><field name=\"OP\">EQ</field><value name=\"A\"><block type=\"variables_get_number\"><mutation xmlns=\"http://www.w3.org/1999/xhtml\" is_player_var=\"false\" has_entity=\"false\"></mutation><field name=\"VAR\">local:loop</field></block></value><value name=\"B\"><block type=\"variables_get_number\"><mutation xmlns=\"http://www.w3.org/1999/xhtml\" is_player_var=\"false\" has_entity=\"false\"></mutation><field name=\"VAR\">local:loop_next</field></block></value></block></value><statement name=\"DO0\"><block type=\"variables_set_string\"><mutation xmlns=\"http://www.w3.org/1999/xhtml\" is_player_var=\"false\" has_entity=\"false\"></mutation><field name=\"VAR\">local:type</field><value name=\"VAL\"><block type=\"text\"><field name=\"TEXT\">secondary_root</field></block></value><next><block type=\"variables_set_string\"><mutation xmlns=\"http://www.w3.org/1999/xhtml\" is_player_var=\"false\" has_entity=\"false\"></mutation><field name=\"VAR\">local:type_short</field><value name=\"VAL\"><block type=\"text\"><field name=\"TEXT\">se</field></block></value></block></next></block></statement><next><block type=\"variables_set_number\" collapsed=\"true\"><mutation xmlns=\"http://www.w3.org/1999/xhtml\" is_player_var=\"false\" has_entity=\"false\"></mutation><field name=\"VAR\">local:loop_next</field><value name=\"VAL\"><block type=\"math_dual_ops\"><field name=\"OP\">ADD</field><value name=\"A\"><block type=\"variables_get_number\"><mutation xmlns=\"http://www.w3.org/1999/xhtml\" is_player_var=\"false\" has_entity=\"false\"></mutation><field name=\"VAR\">local:loop_next</field></block></value><value name=\"B\"><block type=\"math_number\"><field name=\"NUM\">1</field></block></value></block></value></block></next></block></statement><next><block type=\"controls_if\"><value name=\"IF0\"><block type=\"logic_boolean\"><field name=\"BOOL\">TRUE</field></block></value><statement name=\"DO0\"><block type=\"controls_if\"><value name=\"IF0\"><block type=\"math_binary_ops\" collapsed=\"true\"><field name=\"OP\">EQ</field><value name=\"A\"><block type=\"variables_get_number\"><mutation xmlns=\"http://www.w3.org/1999/xhtml\" is_player_var=\"false\" has_entity=\"false\"></mutation><field name=\"VAR\">local:loop</field></block></value><value name=\"B\"><block type=\"variables_get_number\"><mutation xmlns=\"http://www.w3.org/1999/xhtml\" is_player_var=\"false\" has_entity=\"false\"></mutation><field name=\"VAR\">local:loop_next</field></block></value></block></value><statement name=\"DO0\"><block type=\"variables_set_string\"><mutation xmlns=\"http://www.w3.org/1999/xhtml\" is_player_var=\"false\" has_entity=\"false\"></mutation><field name=\"VAR\">local:type</field><value name=\"VAL\"><block type=\"text\"><field name=\"TEXT\">tertiary_root</field></block></value><next><block type=\"variables_set_string\"><mutation xmlns=\"http://www.w3.org/1999/xhtml\" is_player_var=\"false\" has_entity=\"false\"></mutation><field name=\"VAR\">local:type_short</field><value name=\"VAL\"><block type=\"text\"><field name=\"TEXT\">te</field></block></value></block></next></block></statement><next><block type=\"variables_set_number\" collapsed=\"true\"><mutation xmlns=\"http://www.w3.org/1999/xhtml\" is_player_var=\"false\" has_entity=\"false\"></mutation><field name=\"VAR\">local:loop_next</field><value name=\"VAL\"><block type=\"math_dual_ops\"><field name=\"OP\">ADD</field><value name=\"A\"><block type=\"variables_get_number\"><mutation xmlns=\"http://www.w3.org/1999/xhtml\" is_player_var=\"false\" has_entity=\"false\"></mutation><field name=\"VAR\">local:loop_next</field></block></value><value name=\"B\"><block type=\"math_number\"><field name=\"NUM\">1</field></block></value></block></value></block></next></block></statement><next><block type=\"controls_if\"><value name=\"IF0\"><block type=\"logic_boolean\"><field name=\"BOOL\">TRUE</field></block></value><statement name=\"DO0\"><block type=\"controls_if\"><value name=\"IF0\"><block type=\"math_binary_ops\" collapsed=\"true\"><field name=\"OP\">EQ</field><value name=\"A\"><block type=\"variables_get_number\"><mutation xmlns=\"http://www.w3.org/1999/xhtml\" is_player_var=\"false\" has_entity=\"false\"></mutation><field name=\"VAR\">local:loop</field></block></value><value name=\"B\"><block type=\"variables_get_number\"><mutation xmlns=\"http://www.w3.org/1999/xhtml\" is_player_var=\"false\" has_entity=\"false\"></mutation><field name=\"VAR\">local:loop_next</field></block></value></block></value><statement name=\"DO0\"><block type=\"variables_set_string\"><mutation xmlns=\"http://www.w3.org/1999/xhtml\" is_player_var=\"false\" has_entity=\"false\"></mutation><field name=\"VAR\">local:type</field><value name=\"VAL\"><block type=\"text\"><field name=\"TEXT\">fine_root</field></block></value><next><block type=\"variables_set_string\"><mutation xmlns=\"http://www.w3.org/1999/xhtml\" is_player_var=\"false\" has_entity=\"false\"></mutation><field name=\"VAR\">local:type_short</field><value name=\"VAL\"><block type=\"text\"><field name=\"TEXT\">fi</field></block></value></block></next></block></statement><next><block type=\"variables_set_number\" collapsed=\"true\"><mutation xmlns=\"http://www.w3.org/1999/xhtml\" is_player_var=\"false\" has_entity=\"false\"></mutation><field name=\"VAR\">local:loop_next</field><value name=\"VAL\"><block type=\"math_dual_ops\"><field name=\"OP\">ADD</field><value name=\"A\"><block type=\"variables_get_number\"><mutation xmlns=\"http://www.w3.org/1999/xhtml\" is_player_var=\"false\" has_entity=\"false\"></mutation><field name=\"VAR\">local:loop_next</field></block></value><value name=\"B\"><block type=\"math_number\"><field name=\"NUM\">1</field></block></value></block></value></block></next></block></statement></block></next></block></next></block></next></block></statement><next><block type=\"controls_if\" collapsed=\"true\"><value name=\"IF0\"><block type=\"logic_boolean\"><field name=\"BOOL\">TRUE</field></block></value><statement name=\"DO0\"><block type=\"controls_if\"><value name=\"IF0\"><block type=\"logic_boolean\"><field name=\"BOOL\">TRUE</field></block></value><statement name=\"DO0\"><block type=\"controls_if\"><value name=\"IF0\"><block type=\"math_binary_ops\" collapsed=\"true\"><field name=\"OP\">EQ</field><value name=\"A\"><block type=\"variables_get_number\"><mutation xmlns=\"http://www.w3.org/1999/xhtml\" is_player_var=\"false\" has_entity=\"false\"></mutation><field name=\"VAR\">local:loop</field></block></value><value name=\"B\"><block type=\"variables_get_number\"><mutation xmlns=\"http://www.w3.org/1999/xhtml\" is_player_var=\"false\" has_entity=\"false\"></mutation><field name=\"VAR\">local:loop_next</field></block></value></block></value><statement name=\"DO0\"><block type=\"variables_set_string\"><mutation xmlns=\"http://www.w3.org/1999/xhtml\" is_player_var=\"false\" has_entity=\"false\"></mutation><field name=\"VAR\">local:type</field><value name=\"VAL\"><block type=\"text\"><field name=\"TEXT\">trunk</field></block></value><next><block type=\"variables_set_string\"><mutation xmlns=\"http://www.w3.org/1999/xhtml\" is_player_var=\"false\" has_entity=\"false\"></mutation><field name=\"VAR\">local:type_short</field><value name=\"VAL\"><block type=\"text\"><field name=\"TEXT\">tr</field></block></value></block></next></block></statement><next><block type=\"variables_set_number\" collapsed=\"true\"><mutation xmlns=\"http://www.w3.org/1999/xhtml\" is_player_var=\"false\" has_entity=\"false\"></mutation><field name=\"VAR\">local:loop_next</field><value name=\"VAL\"><block type=\"math_dual_ops\"><field name=\"OP\">ADD</field><value name=\"A\"><block type=\"variables_get_number\"><mutation xmlns=\"http://www.w3.org/1999/xhtml\" is_player_var=\"false\" has_entity=\"false\"></mutation><field name=\"VAR\">local:loop_next</field></block></value><value name=\"B\"><block type=\"math_number\"><field name=\"NUM\">1</field></block></value></block></value></block></next></block></statement><next><block type=\"controls_if\"><value name=\"IF0\"><block type=\"logic_boolean\"><field name=\"BOOL\">TRUE</field></block></value><statement name=\"DO0\"><block type=\"controls_if\"><value name=\"IF0\"><block type=\"math_binary_ops\" collapsed=\"true\"><field name=\"OP\">EQ</field><value name=\"A\"><block type=\"variables_get_number\"><mutation xmlns=\"http://www.w3.org/1999/xhtml\" is_player_var=\"false\" has_entity=\"false\"></mutation><field name=\"VAR\">local:loop</field></block></value><value name=\"B\"><block type=\"variables_get_number\"><mutation xmlns=\"http://www.w3.org/1999/xhtml\" is_player_var=\"false\" has_entity=\"false\"></mutation><field name=\"VAR\">local:loop_next</field></block></value></block></value><statement name=\"DO0\"><block type=\"variables_set_string\"><mutation xmlns=\"http://www.w3.org/1999/xhtml\" is_player_var=\"false\" has_entity=\"false\"></mutation><field name=\"VAR\">local:type</field><value name=\"VAL\"><block type=\"text\"><field name=\"TEXT\">branch</field></block></value><next><block type=\"variables_set_string\"><mutation xmlns=\"http://www.w3.org/1999/xhtml\" is_player_var=\"false\" has_entity=\"false\"></mutation><field name=\"VAR\">local:type_short</field><value name=\"VAL\"><block type=\"text\"><field name=\"TEXT\">br</field></block></value></block></next></block></statement><next><block type=\"variables_set_number\" collapsed=\"true\"><mutation xmlns=\"http://www.w3.org/1999/xhtml\" is_player_var=\"false\" has_entity=\"false\"></mutation><field name=\"VAR\">local:loop_next</field><value name=\"VAL\"><block type=\"math_dual_ops\"><field name=\"OP\">ADD</field><value name=\"A\"><block type=\"variables_get_number\"><mutation xmlns=\"http://www.w3.org/1999/xhtml\" is_player_var=\"false\" has_entity=\"false\"></mutation><field name=\"VAR\">local:loop_next</field></block></value><value name=\"B\"><block type=\"math_number\"><field name=\"NUM\">1</field></block></value></block></value></block></next></block></statement><next><block type=\"controls_if\"><value name=\"IF0\"><block type=\"logic_boolean\"><field name=\"BOOL\">TRUE</field></block></value><statement name=\"DO0\"><block type=\"controls_if\"><value name=\"IF0\"><block type=\"math_binary_ops\" collapsed=\"true\"><field name=\"OP\">EQ</field><value name=\"A\"><block type=\"variables_get_number\"><mutation xmlns=\"http://www.w3.org/1999/xhtml\" is_player_var=\"false\" has_entity=\"false\"></mutation><field name=\"VAR\">local:loop</field></block></value><value name=\"B\"><block type=\"variables_get_number\"><mutation xmlns=\"http://www.w3.org/1999/xhtml\" is_player_var=\"false\" has_entity=\"false\"></mutation><field name=\"VAR\">local:loop_next</field></block></value></block></value><statement name=\"DO0\"><block type=\"variables_set_string\"><mutation xmlns=\"http://www.w3.org/1999/xhtml\" is_player_var=\"false\" has_entity=\"false\"></mutation><field name=\"VAR\">local:type</field><value name=\"VAL\"><block type=\"text\"><field name=\"TEXT\">twig</field></block></value><next><block type=\"variables_set_string\"><mutation xmlns=\"http://www.w3.org/1999/xhtml\" is_player_var=\"false\" has_entity=\"false\"></mutation><field name=\"VAR\">local:type_short</field><value name=\"VAL\"><block type=\"text\"><field name=\"TEXT\">tw</field></block></value></block></next></block></statement><next><block type=\"variables_set_number\" collapsed=\"true\"><mutation xmlns=\"http://www.w3.org/1999/xhtml\" is_player_var=\"false\" has_entity=\"false\"></mutation><field name=\"VAR\">local:loop_next</field><value name=\"VAL\"><block type=\"math_dual_ops\"><field name=\"OP\">ADD</field><value name=\"A\"><block type=\"variables_get_number\"><mutation xmlns=\"http://www.w3.org/1999/xhtml\" is_player_var=\"false\" has_entity=\"false\"></mutation><field name=\"VAR\">local:loop_next</field></block></value><value name=\"B\"><block type=\"math_number\"><field name=\"NUM\">1</field></block></value></block></value></block></next></block></statement><next><block type=\"controls_if\"><value name=\"IF0\"><block type=\"logic_boolean\"><field name=\"BOOL\">TRUE</field></block></value><statement name=\"DO0\"><block type=\"controls_if\"><value name=\"IF0\"><block type=\"math_binary_ops\" collapsed=\"true\"><field name=\"OP\">EQ</field><value name=\"A\"><block type=\"variables_get_number\"><mutation xmlns=\"http://www.w3.org/1999/xhtml\" is_player_var=\"false\" has_entity=\"false\"></mutation><field name=\"VAR\">local:loop</field></block></value><value name=\"B\"><block type=\"variables_get_number\"><mutation xmlns=\"http://www.w3.org/1999/xhtml\" is_player_var=\"false\" has_entity=\"false\"></mutation><field name=\"VAR\">local:loop_next</field></block></value></block></value><statement name=\"DO0\"><block type=\"variables_set_string\"><mutation xmlns=\"http://www.w3.org/1999/xhtml\" is_player_var=\"false\" has_entity=\"false\"></mutation><field name=\"VAR\">local:type</field><value name=\"VAL\"><block type=\"text\"><field name=\"TEXT\">leaves_twig</field></block></value><next><block type=\"variables_set_string\"><mutation xmlns=\"http://www.w3.org/1999/xhtml\" is_player_var=\"false\" has_entity=\"false\"></mutation><field name=\"VAR\">local:type_short</field><value name=\"VAL\"><block type=\"text\"><field name=\"TEXT\">lt</field></block></value></block></next></block></statement><next><block type=\"variables_set_number\" collapsed=\"true\"><mutation xmlns=\"http://www.w3.org/1999/xhtml\" is_player_var=\"false\" has_entity=\"false\"></mutation><field name=\"VAR\">local:loop_next</field><value name=\"VAL\"><block type=\"math_dual_ops\"><field name=\"OP\">ADD</field><value name=\"A\"><block type=\"variables_get_number\"><mutation xmlns=\"http://www.w3.org/1999/xhtml\" is_player_var=\"false\" has_entity=\"false\"></mutation><field name=\"VAR\">local:loop_next</field></block></value><value name=\"B\"><block type=\"math_number\"><field name=\"NUM\">1</field></block></value></block></value></block></next></block></statement><next><block type=\"controls_if\"><value name=\"IF0\"><block type=\"logic_boolean\"><field name=\"BOOL\">TRUE</field></block></value><statement name=\"DO0\"><block type=\"controls_if\"><value name=\"IF0\"><block type=\"math_binary_ops\" collapsed=\"true\"><field name=\"OP\">EQ</field><value name=\"A\"><block type=\"variables_get_number\"><mutation xmlns=\"http://www.w3.org/1999/xhtml\" is_player_var=\"false\" has_entity=\"false\"></mutation><field name=\"VAR\">local:loop</field></block></value><value name=\"B\"><block type=\"variables_get_number\"><mutation xmlns=\"http://www.w3.org/1999/xhtml\" is_player_var=\"false\" has_entity=\"false\"></mutation><field name=\"VAR\">local:loop_next</field></block></value></block></value><statement name=\"DO0\"><block type=\"variables_set_string\"><mutation xmlns=\"http://www.w3.org/1999/xhtml\" is_player_var=\"false\" has_entity=\"false\"></mutation><field name=\"VAR\">local:type</field><value name=\"VAL\"><block type=\"text\"><field name=\"TEXT\">leaves</field></block></value><next><block type=\"variables_set_string\"><mutation xmlns=\"http://www.w3.org/1999/xhtml\" is_player_var=\"false\" has_entity=\"false\"></mutation><field name=\"VAR\">local:type_short</field><value name=\"VAL\"><block type=\"text\"><field name=\"TEXT\">le</field></block></value></block></next></block></statement><next><block type=\"variables_set_number\" collapsed=\"true\"><mutation xmlns=\"http://www.w3.org/1999/xhtml\" is_player_var=\"false\" has_entity=\"false\"></mutation><field name=\"VAR\">local:loop_next</field><value name=\"VAL\"><block type=\"math_dual_ops\"><field name=\"OP\">ADD</field><value name=\"A\"><block type=\"variables_get_number\"><mutation xmlns=\"http://www.w3.org/1999/xhtml\" is_player_var=\"false\" has_entity=\"false\"></mutation><field name=\"VAR\">local:loop_next</field></block></value><value name=\"B\"><block type=\"math_number\"><field name=\"NUM\">1</field></block></value></block></value></block></next></block></statement></block></next></block></next></block></next></block></next></block></statement></block></next></block></statement><next><block type=\"controls_if\"><mutation else=\"1\"></mutation><value name=\"IF0\"><block type=\"math_binary_ops\"><field name=\"OP\">NEQ</field><value name=\"A\"><block type=\"variables_get_number\"><mutation xmlns=\"http://www.w3.org/1999/xhtml\" is_player_var=\"false\" has_entity=\"false\"></mutation><field name=\"VAR\">local:loop</field></block></value><value name=\"B\"><block type=\"variables_get_number\"><mutation xmlns=\"http://www.w3.org/1999/xhtml\" is_player_var=\"false\" has_entity=\"false\"></mutation><field name=\"VAR\">local:loop_next</field></block></value></block></value><statement name=\"DO0\"><block type=\"variables_set_number\"><mutation xmlns=\"http://www.w3.org/1999/xhtml\" is_player_var=\"false\" has_entity=\"false\"></mutation><field name=\"VAR\">local:loop</field><value name=\"VAL\"><block type=\"math_dual_ops\"><field name=\"OP\">ADD</field><value name=\"A\"><block type=\"variables_get_number\"><mutation xmlns=\"http://www.w3.org/1999/xhtml\" is_player_var=\"false\" has_entity=\"false\"></mutation><field name=\"VAR\">local:loop</field></block></value><value name=\"B\"><block type=\"math_number\"><field name=\"NUM\">1</field></block></value></block></value><next><block type=\"controls_if\"><mutation else=\"1\"></mutation><value name=\"IF0\"><block type=\"logic_negate\"><value name=\"BOOL\"><block type=\"text_binary_ops\"><value name=\"A\"><block type=\"variables_get_string\"><mutation xmlns=\"http://www.w3.org/1999/xhtml\" is_player_var=\"false\" has_entity=\"false\"></mutation><field name=\"VAR\">local:type</field></block></value><value name=\"B\"><block type=\"text\"><field name=\"TEXT\">leaves</field></block></value></block></value></block></value><statement name=\"DO0\"><block type=\"controls_if\"><value name=\"IF0\"><block type=\"logic_boolean\"><field name=\"BOOL\">TRUE</field></block></value><statement name=\"DO0\"><block type=\"controls_if\"><value name=\"IF0\"><block type=\"logic_boolean\"><field name=\"BOOL\">TRUE</field></block></value><statement name=\"DO0\"><block type=\"entity_nbt_text_set\"><value name=\"entity\"><block type=\"entity_from_deps\"></block></value><value name=\"tagName\"><block type=\"text_join\" inline=\"true\"><mutation items=\"2\"></mutation><value name=\"ADD0\"><block type=\"variables_get_string\"><mutation xmlns=\"http://www.w3.org/1999/xhtml\" is_player_var=\"false\" has_entity=\"false\"></mutation><field name=\"VAR\">local:type</field></block></value><value name=\"ADD1\"><block type=\"text\"><field name=\"TEXT\">_outer_short</field></block></value></block></value><value name=\"tagValue\"><block type=\"text_join\" inline=\"true\"><mutation items=\"2\"></mutation><value name=\"ADD0\"><block type=\"variables_get_string\"><mutation xmlns=\"http://www.w3.org/1999/xhtml\" is_player_var=\"false\" has_entity=\"false\"></mutation><field name=\"VAR\">local:type_short</field></block></value><value name=\"ADD1\"><block type=\"text\"><field name=\"TEXT\">o</field></block></value></block></value><next><block type=\"variables_set_string\"><mutation xmlns=\"http://www.w3.org/1999/xhtml\" is_player_var=\"false\" has_entity=\"false\"></mutation><field name=\"VAR\">local:file_write</field><value name=\"VAL\"><block type=\"text_join\" inline=\"false\"><mutation items=\"3\"></mutation><value name=\"ADD0\"><block type=\"text_join\" inline=\"true\"><mutation items=\"2\"></mutation><value name=\"ADD0\"><block type=\"text\"><field name=\"TEXT\">Block </field></block></value><value name=\"ADD1\"><block type=\"entity_nbt_text_get\"><value name=\"entity\"><block type=\"entity_from_deps\"></block></value><value name=\"tagName\"><block type=\"text_join\" inline=\"true\"><mutation items=\"2\"></mutation><value name=\"ADD0\"><block type=\"variables_get_string\"><mutation xmlns=\"http://www.w3.org/1999/xhtml\" is_player_var=\"false\" has_entity=\"false\"></mutation><field name=\"VAR\">local:type</field></block></value><value name=\"ADD1\"><block type=\"text\"><field name=\"TEXT\">_outer_short</field></block></value></block></value></block></value></block></value><value name=\"ADD1\"><block type=\"text\"><field name=\"TEXT\"> = </field></block></value><value name=\"ADD2\"><block type=\"entity_nbt_text_get\"><value name=\"entity\"><block type=\"entity_from_deps\"></block></value><value name=\"tagName\"><block type=\"text_join\" inline=\"true\"><mutation items=\"2\"></mutation><value name=\"ADD0\"><block type=\"variables_get_string\"><mutation xmlns=\"http://www.w3.org/1999/xhtml\" is_player_var=\"false\" has_entity=\"false\"></mutation><field name=\"VAR\">local:type</field></block></value><value name=\"ADD1\"><block type=\"text\"><field name=\"TEXT\">_inner</field></block></value></block></value></block></value></block></value><next><block type=\"controls_if\" collapsed=\"true\"><mutation else=\"1\"></mutation><value name=\"IF0\"><block type=\"logic_binary_ops\" inline=\"false\"><field name=\"OP\">AND</field><value name=\"A\"><block type=\"logic_binary_ops\"><field name=\"OP\">EQ</field><value name=\"A\"><block type=\"entity_nbt_logic_get\"><value name=\"entity\"><block type=\"entity_from_deps\"></block></value><value name=\"tagName\"><block type=\"text_join\" inline=\"true\"><mutation items=\"2\"></mutation><value name=\"ADD0\"><block type=\"variables_get_string\"><mutation xmlns=\"http://www.w3.org/1999/xhtml\" is_player_var=\"false\" has_entity=\"false\"></mutation><field name=\"VAR\">local:type</field></block></value><value name=\"ADD1\"><block type=\"text\"><field name=\"TEXT\">_replace</field></block></value></block></value></block></value><value name=\"B\"><block type=\"logic_boolean\"><field name=\"BOOL\">FALSE</field></block></value></block></value><value name=\"B\"><block type=\"logic_negate\"><value name=\"BOOL\"><block type=\"text_ends_with\"><value name=\"text\"><block type=\"variables_get_string\"><mutation xmlns=\"http://www.w3.org/1999/xhtml\" is_player_var=\"false\" has_entity=\"false\"></mutation><field name=\"VAR\">local:file_write</field></block></value><value name=\"ends\"><block type=\"text\"><field name=\"TEXT\">= </field></block></value></block></value></block></value></block></value><statement name=\"DO0\"><block type=\"write_line\"><mutation xmlns=\"http://www.w3.org/1999/xhtml\" is_player_var=\"false\" has_entity=\"false\"></mutation><field name=\"VAR\">local:file</field><value name=\"text\"><block type=\"text_join\" inline=\"true\"><mutation items=\"2\"></mutation><value name=\"ADD0\"><block type=\"variables_get_string\"><mutation xmlns=\"http://www.w3.org/1999/xhtml\" is_player_var=\"false\" has_entity=\"false\"></mutation><field name=\"VAR\">local:file_write</field></block></value><value name=\"ADD1\"><block type=\"text\"><field name=\"TEXT\"> replace #tanshugetrees:passable_blocks</field></block></value></block></value><value name=\"newLine\"><block type=\"logic_boolean\"><field name=\"BOOL\">TRUE</field></block></value></block></statement><statement name=\"ELSE\"><block type=\"write_line\"><mutation xmlns=\"http://www.w3.org/1999/xhtml\" is_player_var=\"false\" has_entity=\"false\"></mutation><field name=\"VAR\">local:file</field><value name=\"text\"><block type=\"variables_get_string\"><mutation xmlns=\"http://www.w3.org/1999/xhtml\" is_player_var=\"false\" has_entity=\"false\"></mutation><field name=\"VAR\">local:file_write</field></block></value><value name=\"newLine\"><block type=\"logic_boolean\"><field name=\"BOOL\">TRUE</field></block></value></block></statement></block></next></block></next></block></statement><next><block type=\"controls_if\"><value name=\"IF0\"><block type=\"logic_boolean\"><field name=\"BOOL\">TRUE</field></block></value><statement name=\"DO0\"><block type=\"entity_nbt_text_set\"><value name=\"entity\"><block type=\"entity_from_deps\"></block></value><value name=\"tagName\"><block type=\"text_join\" inline=\"true\"><mutation items=\"2\"></mutation><value name=\"ADD0\"><block type=\"variables_get_string\"><mutation xmlns=\"http://www.w3.org/1999/xhtml\" is_player_var=\"false\" has_entity=\"false\"></mutation><field name=\"VAR\">local:type</field></block></value><value name=\"ADD1\"><block type=\"text\"><field name=\"TEXT\">_inner_short</field></block></value></block></value><value name=\"tagValue\"><block type=\"text_join\" inline=\"true\"><mutation items=\"2\"></mutation><value name=\"ADD0\"><block type=\"variables_get_string\"><mutation xmlns=\"http://www.w3.org/1999/xhtml\" is_player_var=\"false\" has_entity=\"false\"></mutation><field name=\"VAR\">local:type_short</field></block></value><value name=\"ADD1\"><block type=\"text\"><field name=\"TEXT\">i</field></block></value></block></value><next><block type=\"variables_set_string\"><mutation xmlns=\"http://www.w3.org/1999/xhtml\" is_player_var=\"false\" has_entity=\"false\"></mutation><field name=\"VAR\">local:file_write</field><value name=\"VAL\"><block type=\"text_join\" inline=\"false\"><mutation items=\"3\"></mutation><value name=\"ADD0\"><block type=\"text_join\" inline=\"true\"><mutation items=\"2\"></mutation><value name=\"ADD0\"><block type=\"text\"><field name=\"TEXT\">Block </field></block></value><value name=\"ADD1\"><block type=\"entity_nbt_text_get\"><value name=\"entity\"><block type=\"entity_from_deps\"></block></value><value name=\"tagName\"><block type=\"text_join\" inline=\"true\"><mutation items=\"2\"></mutation><value name=\"ADD0\"><block type=\"variables_get_string\"><mutation xmlns=\"http://www.w3.org/1999/xhtml\" is_player_var=\"false\" has_entity=\"false\"></mutation><field name=\"VAR\">local:type</field></block></value><value name=\"ADD1\"><block type=\"text\"><field name=\"TEXT\">_inner_short</field></block></value></block></value></block></value></block></value><value name=\"ADD1\"><block type=\"text\"><field name=\"TEXT\"> = </field></block></value><value name=\"ADD2\"><block type=\"entity_nbt_text_get\"><value name=\"entity\"><block type=\"entity_from_deps\"></block></value><value name=\"tagName\"><block type=\"text_join\" inline=\"true\"><mutation items=\"2\"></mutation><value name=\"ADD0\"><block type=\"variables_get_string\"><mutation xmlns=\"http://www.w3.org/1999/xhtml\" is_player_var=\"false\" has_entity=\"false\"></mutation><field name=\"VAR\">local:type</field></block></value><value name=\"ADD1\"><block type=\"text\"><field name=\"TEXT\">_inner</field></block></value></block></value></block></value></block></value><next><block type=\"controls_if\" collapsed=\"true\"><mutation else=\"1\"></mutation><value name=\"IF0\"><block type=\"logic_binary_ops\" inline=\"false\"><field name=\"OP\">AND</field><value name=\"A\"><block type=\"logic_binary_ops\"><field name=\"OP\">EQ</field><value name=\"A\"><block type=\"entity_nbt_logic_get\"><value name=\"entity\"><block type=\"entity_from_deps\"></block></value><value name=\"tagName\"><block type=\"text_join\" inline=\"true\"><mutation items=\"2\"></mutation><value name=\"ADD0\"><block type=\"variables_get_string\"><mutation xmlns=\"http://www.w3.org/1999/xhtml\" is_player_var=\"false\" has_entity=\"false\"></mutation><field name=\"VAR\">local:type</field></block></value><value name=\"ADD1\"><block type=\"text\"><field name=\"TEXT\">_replace</field></block></value></block></value></block></value><value name=\"B\"><block type=\"logic_boolean\"><field name=\"BOOL\">FALSE</field></block></value></block></value><value name=\"B\"><block type=\"logic_negate\"><value name=\"BOOL\"><block type=\"text_ends_with\"><value name=\"text\"><block type=\"variables_get_string\"><mutation xmlns=\"http://www.w3.org/1999/xhtml\" is_player_var=\"false\" has_entity=\"false\"></mutation><field name=\"VAR\">local:file_write</field></block></value><value name=\"ends\"><block type=\"text\"><field name=\"TEXT\">= </field></block></value></block></value></block></value></block></value><statement name=\"DO0\"><block type=\"write_line\"><mutation xmlns=\"http://www.w3.org/1999/xhtml\" is_player_var=\"false\" has_entity=\"false\"></mutation><field name=\"VAR\">local:file</field><value name=\"text\"><block type=\"text_join\" inline=\"true\"><mutation items=\"2\"></mutation><value name=\"ADD0\"><block type=\"variables_get_string\"><mutation xmlns=\"http://www.w3.org/1999/xhtml\" is_player_var=\"false\" has_entity=\"false\"></mutation><field name=\"VAR\">local:file_write</field></block></value><value name=\"ADD1\"><block type=\"text\"><field name=\"TEXT\"> replace #tanshugetrees:passable_blocks</field></block></value></block></value><value name=\"newLine\"><block type=\"logic_boolean\"><field name=\"BOOL\">TRUE</field></block></value></block></statement><statement name=\"ELSE\"><block type=\"write_line\"><mutation xmlns=\"http://www.w3.org/1999/xhtml\" is_player_var=\"false\" has_entity=\"false\"></mutation><field name=\"VAR\">local:file</field><value name=\"text\"><block type=\"variables_get_string\"><mutation xmlns=\"http://www.w3.org/1999/xhtml\" is_player_var=\"false\" has_entity=\"false\"></mutation><field name=\"VAR\">local:file_write</field></block></value><value name=\"newLine\"><block type=\"logic_boolean\"><field name=\"BOOL\">TRUE</field></block></value></block></statement></block></next></block></next></block></statement><next><block type=\"controls_if\"><value name=\"IF0\"><block type=\"logic_boolean\"><field name=\"BOOL\">TRUE</field></block></value><statement name=\"DO0\"><block type=\"entity_nbt_text_set\"><value name=\"entity\"><block type=\"entity_from_deps\"></block></value><value name=\"tagName\"><block type=\"text_join\" inline=\"true\"><mutation items=\"2\"></mutation><value name=\"ADD0\"><block type=\"variables_get_string\"><mutation xmlns=\"http://www.w3.org/1999/xhtml\" is_player_var=\"false\" has_entity=\"false\"></mutation><field name=\"VAR\">local:type</field></block></value><value name=\"ADD1\"><block type=\"text\"><field name=\"TEXT\">_core_short</field></block></value></block></value><value name=\"tagValue\"><block type=\"text_join\" inline=\"true\"><mutation items=\"2\"></mutation><value name=\"ADD0\"><block type=\"variables_get_string\"><mutation xmlns=\"http://www.w3.org/1999/xhtml\" is_player_var=\"false\" has_entity=\"false\"></mutation><field name=\"VAR\">local:type_short</field></block></value><value name=\"ADD1\"><block type=\"text\"><field name=\"TEXT\">c</field></block></value></block></value><next><block type=\"variables_set_string\"><mutation xmlns=\"http://www.w3.org/1999/xhtml\" is_player_var=\"false\" has_entity=\"false\"></mutation><field name=\"VAR\">local:file_write</field><value name=\"VAL\"><block type=\"text_join\" inline=\"false\"><mutation items=\"3\"></mutation><value name=\"ADD0\"><block type=\"text_join\" inline=\"true\"><mutation items=\"2\"></mutation><value name=\"ADD0\"><block type=\"text\"><field name=\"TEXT\">Block </field></block></value><value name=\"ADD1\"><block type=\"entity_nbt_text_get\"><value name=\"entity\"><block type=\"entity_from_deps\"></block></value><value name=\"tagName\"><block type=\"text_join\" inline=\"true\"><mutation items=\"2\"></mutation><value name=\"ADD0\"><block type=\"variables_get_string\"><mutation xmlns=\"http://www.w3.org/1999/xhtml\" is_player_var=\"false\" has_entity=\"false\"></mutation><field name=\"VAR\">local:type</field></block></value><value name=\"ADD1\"><block type=\"text\"><field name=\"TEXT\">_core_short</field></block></value></block></value></block></value></block></value><value name=\"ADD1\"><block type=\"text\"><field name=\"TEXT\"> = </field></block></value><value name=\"ADD2\"><block type=\"entity_nbt_text_get\"><value name=\"entity\"><block type=\"entity_from_deps\"></block></value><value name=\"tagName\"><block type=\"text_join\" inline=\"true\"><mutation items=\"2\"></mutation><value name=\"ADD0\"><block type=\"variables_get_string\"><mutation xmlns=\"http://www.w3.org/1999/xhtml\" is_player_var=\"false\" has_entity=\"false\"></mutation><field name=\"VAR\">local:type</field></block></value><value name=\"ADD1\"><block type=\"text\"><field name=\"TEXT\">_core</field></block></value></block></value></block></value></block></value><next><block type=\"controls_if\" collapsed=\"true\"><mutation else=\"1\"></mutation><value name=\"IF0\"><block type=\"logic_binary_ops\" inline=\"false\"><field name=\"OP\">AND</field><value name=\"A\"><block type=\"logic_binary_ops\"><field name=\"OP\">EQ</field><value name=\"A\"><block type=\"entity_nbt_logic_get\"><value name=\"entity\"><block type=\"entity_from_deps\"></block></value><value name=\"tagName\"><block type=\"text_join\" inline=\"true\"><mutation items=\"2\"></mutation><value name=\"ADD0\"><block type=\"variables_get_string\"><mutation xmlns=\"http://www.w3.org/1999/xhtml\" is_player_var=\"false\" has_entity=\"false\"></mutation><field name=\"VAR\">local:type</field></block></value><value name=\"ADD1\"><block type=\"text\"><field name=\"TEXT\">_replace</field></block></value></block></value></block></value><value name=\"B\"><block type=\"logic_boolean\"><field name=\"BOOL\">FALSE</field></block></value></block></value><value name=\"B\"><block type=\"logic_negate\"><value name=\"BOOL\"><block type=\"text_ends_with\"><value name=\"text\"><block type=\"variables_get_string\"><mutation xmlns=\"http://www.w3.org/1999/xhtml\" is_player_var=\"false\" has_entity=\"false\"></mutation><field name=\"VAR\">local:file_write</field></block></value><value name=\"ends\"><block type=\"text\"><field name=\"TEXT\">= </field></block></value></block></value></block></value></block></value><statement name=\"DO0\"><block type=\"write_line\"><mutation xmlns=\"http://www.w3.org/1999/xhtml\" is_player_var=\"false\" has_entity=\"false\"></mutation><field name=\"VAR\">local:file</field><value name=\"text\"><block type=\"text_join\" inline=\"true\"><mutation items=\"2\"></mutation><value name=\"ADD0\"><block type=\"variables_get_string\"><mutation xmlns=\"http://www.w3.org/1999/xhtml\" is_player_var=\"false\" has_entity=\"false\"></mutation><field name=\"VAR\">local:file_write</field></block></value><value name=\"ADD1\"><block type=\"text\"><field name=\"TEXT\"> replace #tanshugetrees:passable_blocks</field></block></value></block></value><value name=\"newLine\"><block type=\"logic_boolean\"><field name=\"BOOL\">TRUE</field></block></value></block></statement><statement name=\"ELSE\"><block type=\"write_line\"><mutation xmlns=\"http://www.w3.org/1999/xhtml\" is_player_var=\"false\" has_entity=\"false\"></mutation><field name=\"VAR\">local:file</field><value name=\"text\"><block type=\"variables_get_string\"><mutation xmlns=\"http://www.w3.org/1999/xhtml\" is_player_var=\"false\" has_entity=\"false\"></mutation><field name=\"VAR\">local:file_write</field></block></value><value name=\"newLine\"><block type=\"logic_boolean\"><field name=\"BOOL\">TRUE</field></block></value></block></statement></block></next></block></next></block></statement></block></next></block></next></block></statement></block></statement><statement name=\"ELSE\"><block type=\"controls_if\" collapsed=\"true\"><value name=\"IF0\"><block type=\"logic_boolean\"><field name=\"BOOL\">TRUE</field></block></value><statement name=\"DO0\"><block type=\"controls_if\"><value name=\"IF0\"><block type=\"logic_boolean\"><field name=\"BOOL\">TRUE</field></block></value><statement name=\"DO0\"><block type=\"entity_nbt_text_set\"><value name=\"entity\"><block type=\"entity_from_deps\"></block></value><value name=\"tagName\"><block type=\"text\"><field name=\"TEXT\">leaves_short</field></block></value><value name=\"tagValue\"><block type=\"text_join\" inline=\"true\"><mutation items=\"2\"></mutation><value name=\"ADD0\"><block type=\"variables_get_string\"><mutation xmlns=\"http://www.w3.org/1999/xhtml\" is_player_var=\"false\" has_entity=\"false\"></mutation><field name=\"VAR\">local:type_short</field></block></value><value name=\"ADD1\"><block type=\"text\"><field name=\"TEXT\">1</field></block></value></block></value><next><block type=\"variables_set_string\"><mutation xmlns=\"http://www.w3.org/1999/xhtml\" is_player_var=\"false\" has_entity=\"false\"></mutation><field name=\"VAR\">local:file_write</field><value name=\"VAL\"><block type=\"text_join\" inline=\"false\"><mutation items=\"3\"></mutation><value name=\"ADD0\"><block type=\"text_join\" inline=\"true\"><mutation items=\"2\"></mutation><value name=\"ADD0\"><block type=\"text\"><field name=\"TEXT\">Block </field></block></value><value name=\"ADD1\"><block type=\"entity_nbt_text_get\"><value name=\"entity\"><block type=\"entity_from_deps\"></block></value><value name=\"tagName\"><block type=\"text\"><field name=\"TEXT\">leaves_short</field></block></value></block></value></block></value><value name=\"ADD1\"><block type=\"text\"><field name=\"TEXT\"> = </field></block></value><value name=\"ADD2\"><block type=\"entity_nbt_text_get\"><value name=\"entity\"><block type=\"entity_from_deps\"></block></value><value name=\"tagName\"><block type=\"text\"><field name=\"TEXT\">leaves</field></block></value></block></value></block></value><next><block type=\"controls_if\"><mutation else=\"1\"></mutation><value name=\"IF0\"><block type=\"logic_binary_ops\" inline=\"false\"><field name=\"OP\">AND</field><value name=\"A\"><block type=\"logic_binary_ops\"><field name=\"OP\">EQ</field><value name=\"A\"><block type=\"entity_nbt_logic_get\"><value name=\"entity\"><block type=\"entity_from_deps\"></block></value><value name=\"tagName\"><block type=\"text_join\" inline=\"true\"><mutation items=\"2\"></mutation><value name=\"ADD0\"><block type=\"variables_get_string\"><mutation xmlns=\"http://www.w3.org/1999/xhtml\" is_player_var=\"false\" has_entity=\"false\"></mutation><field name=\"VAR\">local:type</field></block></value><value name=\"ADD1\"><block type=\"text\"><field name=\"TEXT\">_replace</field></block></value></block></value></block></value><value name=\"B\"><block type=\"logic_boolean\"><field name=\"BOOL\">FALSE</field></block></value></block></value><value name=\"B\"><block type=\"logic_negate\"><value name=\"BOOL\"><block type=\"text_ends_with\"><value name=\"text\"><block type=\"variables_get_string\"><mutation xmlns=\"http://www.w3.org/1999/xhtml\" is_player_var=\"false\" has_entity=\"false\"></mutation><field name=\"VAR\">local:file_write</field></block></value><value name=\"ends\"><block type=\"text\"><field name=\"TEXT\">= </field></block></value></block></value></block></value></block></value><statement name=\"DO0\"><block type=\"write_line\"><mutation xmlns=\"http://www.w3.org/1999/xhtml\" is_player_var=\"false\" has_entity=\"false\"></mutation><field name=\"VAR\">local:file</field><value name=\"text\"><block type=\"text_join\" inline=\"true\"><mutation items=\"2\"></mutation><value name=\"ADD0\"><block type=\"variables_get_string\"><mutation xmlns=\"http://www.w3.org/1999/xhtml\" is_player_var=\"false\" has_entity=\"false\"></mutation><field name=\"VAR\">local:file_write</field></block></value><value name=\"ADD1\"><block type=\"text\"><field name=\"TEXT\"> keep</field></block></value></block></value><value name=\"newLine\"><block type=\"logic_boolean\"><field name=\"BOOL\">TRUE</field></block></value></block></statement><statement name=\"ELSE\"><block type=\"write_line\"><mutation xmlns=\"http://www.w3.org/1999/xhtml\" is_player_var=\"false\" has_entity=\"false\"></mutation><field name=\"VAR\">local:file</field><value name=\"text\"><block type=\"variables_get_string\"><mutation xmlns=\"http://www.w3.org/1999/xhtml\" is_player_var=\"false\" has_entity=\"false\"></mutation><field name=\"VAR\">local:file_write</field></block></value><value name=\"newLine\"><block type=\"logic_boolean\"><field name=\"BOOL\">TRUE</field></block></value></block></statement></block></next></block></next></block></statement><next><block type=\"controls_if\"><value name=\"IF0\"><block type=\"logic_boolean\"><field name=\"BOOL\">TRUE</field></block></value><statement name=\"DO0\"><block type=\"entity_nbt_text_set\"><value name=\"entity\"><block type=\"entity_from_deps\"></block></value><value name=\"tagName\"><block type=\"text\"><field name=\"TEXT\">leaves2_short</field></block></value><value name=\"tagValue\"><block type=\"text_join\" inline=\"true\"><mutation items=\"2\"></mutation><value name=\"ADD0\"><block type=\"variables_get_string\"><mutation xmlns=\"http://www.w3.org/1999/xhtml\" is_player_var=\"false\" has_entity=\"false\"></mutation><field name=\"VAR\">local:type_short</field></block></value><value name=\"ADD1\"><block type=\"text\"><field name=\"TEXT\">2</field></block></value></block></value><next><block type=\"variables_set_string\"><mutation xmlns=\"http://www.w3.org/1999/xhtml\" is_player_var=\"false\" has_entity=\"false\"></mutation><field name=\"VAR\">local:file_write</field><value name=\"VAL\"><block type=\"text_join\" inline=\"false\"><mutation items=\"3\"></mutation><value name=\"ADD0\"><block type=\"text_join\" inline=\"true\"><mutation items=\"2\"></mutation><value name=\"ADD0\"><block type=\"text\"><field name=\"TEXT\">Block </field></block></value><value name=\"ADD1\"><block type=\"entity_nbt_text_get\"><value name=\"entity\"><block type=\"entity_from_deps\"></block></value><value name=\"tagName\"><block type=\"text\"><field name=\"TEXT\">leaves2_short</field></block></value></block></value></block></value><value name=\"ADD1\"><block type=\"text\"><field name=\"TEXT\"> = </field></block></value><value name=\"ADD2\"><block type=\"entity_nbt_text_get\"><value name=\"entity\"><block type=\"entity_from_deps\"></block></value><value name=\"tagName\"><block type=\"text\"><field name=\"TEXT\">leaves2</field></block></value></block></value></block></value><next><block type=\"controls_if\"><mutation else=\"1\"></mutation><value name=\"IF0\"><block type=\"logic_binary_ops\" inline=\"false\"><field name=\"OP\">AND</field><value name=\"A\"><block type=\"logic_binary_ops\"><field name=\"OP\">EQ</field><value name=\"A\"><block type=\"entity_nbt_logic_get\"><value name=\"entity\"><block type=\"entity_from_deps\"></block></value><value name=\"tagName\"><block type=\"text_join\" inline=\"true\"><mutation items=\"2\"></mutation><value name=\"ADD0\"><block type=\"variables_get_string\"><mutation xmlns=\"http://www.w3.org/1999/xhtml\" is_player_var=\"false\" has_entity=\"false\"></mutation><field name=\"VAR\">local:type</field></block></value><value name=\"ADD1\"><block type=\"text\"><field name=\"TEXT\">_replace</field></block></value></block></value></block></value><value name=\"B\"><block type=\"logic_boolean\"><field name=\"BOOL\">FALSE</field></block></value></block></value><value name=\"B\"><block type=\"logic_negate\"><value name=\"BOOL\"><block type=\"text_ends_with\"><value name=\"text\"><block type=\"variables_get_string\"><mutation xmlns=\"http://www.w3.org/1999/xhtml\" is_player_var=\"false\" has_entity=\"false\"></mutation><field name=\"VAR\">local:file_write</field></block></value><value name=\"ends\"><block type=\"text\"><field name=\"TEXT\">= </field></block></value></block></value></block></value></block></value><statement name=\"DO0\"><block type=\"write_line\"><mutation xmlns=\"http://www.w3.org/1999/xhtml\" is_player_var=\"false\" has_entity=\"false\"></mutation><field name=\"VAR\">local:file</field><value name=\"text\"><block type=\"text_join\" inline=\"true\"><mutation items=\"2\"></mutation><value name=\"ADD0\"><block type=\"variables_get_string\"><mutation xmlns=\"http://www.w3.org/1999/xhtml\" is_player_var=\"false\" has_entity=\"false\"></mutation><field name=\"VAR\">local:file_write</field></block></value><value name=\"ADD1\"><block type=\"text\"><field name=\"TEXT\"> keep</field></block></value></block></value><value name=\"newLine\"><block type=\"logic_boolean\"><field name=\"BOOL\">TRUE</field></block></value></block></statement><statement name=\"ELSE\"><block type=\"write_line\"><mutation xmlns=\"http://www.w3.org/1999/xhtml\" is_player_var=\"false\" has_entity=\"false\"></mutation><field name=\"VAR\">local:file</field><value name=\"text\"><block type=\"variables_get_string\"><mutation xmlns=\"http://www.w3.org/1999/xhtml\" is_player_var=\"false\" has_entity=\"false\"></mutation><field name=\"VAR\">local:file_write</field></block></value><value name=\"newLine\"><block type=\"logic_boolean\"><field name=\"BOOL\">TRUE</field></block></value></block></statement></block></next></block></next></block></statement></block></next></block></statement></block></statement></block></next></block></statement><statement name=\"ELSE\"><block type=\"controls_flow_statements\"><field name=\"FLOW\">BREAK</field></block></statement></block></next></block></next></block></statement></block></next></block></statement><next><block type=\"write_line\"><mutation xmlns=\"http://www.w3.org/1999/xhtml\" is_player_var=\"false\" has_entity=\"false\"></mutation><field name=\"VAR\">local:file</field><value name=\"text\"><block type=\"text\"><field name=\"TEXT\"></field></block></value><value name=\"newLine\"><block type=\"logic_boolean\"><field name=\"BOOL\">TRUE</field></block></value><next><block type=\"controls_if\"><value name=\"IF0\"><block type=\"logic_boolean\"><field name=\"BOOL\">TRUE</field></block></value><statement name=\"DO0\"><block type=\"write_line\"><mutation xmlns=\"http://www.w3.org/1999/xhtml\" is_player_var=\"false\" has_entity=\"false\"></mutation><field name=\"VAR\">local:file</field><value name=\"text\"><block type=\"text_join\" inline=\"true\"><mutation items=\"3\"></mutation><value name=\"ADD0\"><block type=\"text\"><field name=\"TEXT\">Function fs</field></block></value><value name=\"ADD1\"><block type=\"text\"><field name=\"TEXT\"> = </field></block></value><value name=\"ADD2\"><block type=\"entity_nbt_text_get\"><value name=\"entity\"><block type=\"entity_from_deps\"></block></value><value name=\"tagName\"><block type=\"text\"><field name=\"TEXT\">function_start</field></block></value></block></value></block></value><value name=\"newLine\"><block type=\"logic_boolean\"><field name=\"BOOL\">TRUE</field></block></value><next><block type=\"write_line\"><mutation xmlns=\"http://www.w3.org/1999/xhtml\" is_player_var=\"false\" has_entity=\"false\"></mutation><field name=\"VAR\">local:file</field><value name=\"text\"><block type=\"text_join\" inline=\"true\"><mutation items=\"3\"></mutation><value name=\"ADD0\"><block type=\"text\"><field name=\"TEXT\">Function fe</field></block></value><value name=\"ADD1\"><block type=\"text\"><field name=\"TEXT\"> = </field></block></value><value name=\"ADD2\"><block type=\"entity_nbt_text_get\"><value name=\"entity\"><block type=\"entity_from_deps\"></block></value><value name=\"tagName\"><block type=\"text\"><field name=\"TEXT\">function_end</field></block></value></block></value></block></value><value name=\"newLine\"><block type=\"logic_boolean\"><field name=\"BOOL\">TRUE</field></block></value><next><block type=\"write_line\"><mutation xmlns=\"http://www.w3.org/1999/xhtml\" is_player_var=\"false\" has_entity=\"false\"></mutation><field name=\"VAR\">local:file</field><value name=\"text\"><block type=\"text_join\" inline=\"true\"><mutation items=\"3\"></mutation><value name=\"ADD0\"><block type=\"text\"><field name=\"TEXT\">Function f1</field></block></value><value name=\"ADD1\"><block type=\"text\"><field name=\"TEXT\"> = </field></block></value><value name=\"ADD2\"><block type=\"entity_nbt_text_get\"><value name=\"entity\"><block type=\"entity_from_deps\"></block></value><value name=\"tagName\"><block type=\"text\"><field name=\"TEXT\">function_way1</field></block></value></block></value></block></value><value name=\"newLine\"><block type=\"logic_boolean\"><field name=\"BOOL\">TRUE</field></block></value><next><block type=\"write_line\"><mutation xmlns=\"http://www.w3.org/1999/xhtml\" is_player_var=\"false\" has_entity=\"false\"></mutation><field name=\"VAR\">local:file</field><value name=\"text\"><block type=\"text_join\" inline=\"true\"><mutation items=\"3\"></mutation><value name=\"ADD0\"><block type=\"text\"><field name=\"TEXT\">Function f2</field></block></value><value name=\"ADD1\"><block type=\"text\"><field name=\"TEXT\"> = </field></block></value><value name=\"ADD2\"><block type=\"entity_nbt_text_get\"><value name=\"entity\"><block type=\"entity_from_deps\"></block></value><value name=\"tagName\"><block type=\"text\"><field name=\"TEXT\">function_way2</field></block></value></block></value></block></value><value name=\"newLine\"><block type=\"logic_boolean\"><field name=\"BOOL\">TRUE</field></block></value><next><block type=\"write_line\"><mutation xmlns=\"http://www.w3.org/1999/xhtml\" is_player_var=\"false\" has_entity=\"false\"></mutation><field name=\"VAR\">local:file</field><value name=\"text\"><block type=\"text_join\" inline=\"true\"><mutation items=\"3\"></mutation><value name=\"ADD0\"><block type=\"text\"><field name=\"TEXT\">Function f3</field></block></value><value name=\"ADD1\"><block type=\"text\"><field name=\"TEXT\"> = </field></block></value><value name=\"ADD2\"><block type=\"entity_nbt_text_get\"><value name=\"entity\"><block type=\"entity_from_deps\"></block></value><value name=\"tagName\"><block type=\"text\"><field name=\"TEXT\">function_way3</field></block></value></block></value></block></value><value name=\"newLine\"><block type=\"logic_boolean\"><field name=\"BOOL\">TRUE</field></block></value></block></next></block></next></block></next></block></next></block></statement></block></next></block></next></block></next></block></next></block></statement><next><block type=\"java_code\"><field name=\"CODE\">filebw.close();&amp;#10;filewriter.close();&amp;#10;} catch (IOException exception) {&amp;#10;exception.printStackTrace();&amp;#10;}</field></block></next></block></next></block></statement></block></next></block></next></block></statement><next><block type=\"controls_if\"><value name=\"IF0\"><block type=\"logic_boolean\"><field name=\"BOOL\">TRUE</field></block></value><statement name=\"DO0\"><block type=\"variables_set_file\"><mutation xmlns=\"http://www.w3.org/1999/xhtml\" is_player_var=\"false\" has_entity=\"false\"></mutation><field name=\"VAR\">local:file</field><value name=\"VAL\"><block type=\"file_variable\"><mutation xmlns=\"http://www.w3.org/1999/xhtml\" is_player_var=\"false\" has_entity=\"false\"></mutation><field name=\"VAR\">local:file</field><value name=\"name\"><block type=\"entity_nbt_text_get\"><value name=\"entity\"><block type=\"entity_from_deps\"></block></value><value name=\"tagName\"><block type=\"text\"><field name=\"TEXT\">file_name</field></block></value></block></value><value name=\"location\"><block type=\"text_join\" inline=\"false\"><mutation items=\"2\"></mutation><value name=\"ADD0\"><block type=\"get_game_directory\"></block></value><value name=\"ADD1\"><block type=\"text\"><field name=\"TEXT\">/config/tanshugetrees/generated</field></block></value></block></value></block></value><next><block type=\"controls_if\"><value name=\"IF0\"><block type=\"logic_negate\"><value name=\"BOOL\"><block type=\"file_exists\"><mutation xmlns=\"http://www.w3.org/1999/xhtml\" is_player_var=\"false\" has_entity=\"false\"></mutation><field name=\"VAR\">local:file</field></block></value></block></value><statement name=\"DO0\"><block type=\"create_file\"><mutation xmlns=\"http://www.w3.org/1999/xhtml\" is_player_var=\"false\" has_entity=\"false\"></mutation><field name=\"VAR\">local:file</field></block></statement><next><block type=\"controls_if\"><value name=\"IF0\"><block type=\"logic_boolean\"><field name=\"BOOL\">TRUE</field></block></value><statement name=\"DO0\"><block type=\"java_code\"><field name=\"CODE\">try {&amp;#10;FileWriter filewriter = new FileWriter(file, false);&amp;#10;BufferedWriter filebw = new BufferedWriter(filewriter);</field><next><block type=\"controls_if\"><value name=\"IF0\"><block type=\"logic_boolean\"><field name=\"BOOL\">TRUE</field></block></value><statement name=\"DO0\"><block type=\"write_line\"><mutation xmlns=\"http://www.w3.org/1999/xhtml\" is_player_var=\"false\" has_entity=\"false\"></mutation><field name=\"VAR\">local:file</field><value name=\"text\"><block type=\"text_join\" inline=\"true\"><mutation items=\"2\"></mutation><value name=\"ADD0\"><block type=\"text\"><field name=\"TEXT\">Started Generate : </field></block></value><value name=\"ADD1\"><block type=\"text_join\" inline=\"false\"><mutation items=\"3\"></mutation><value name=\"ADD0\"><block type=\"time_to_formatted_string\"><value name=\"format\"><block type=\"text\"><field name=\"TEXT\">dd/MM/yyyy</field></block></value></block></value><value name=\"ADD1\"><block type=\"text\"><field name=\"TEXT\"> at </field></block></value><value name=\"ADD2\"><block type=\"time_to_formatted_string\"><value name=\"format\"><block type=\"text\"><field name=\"TEXT\">HH:mm:ss</field></block></value></block></value></block></value></block></value><value name=\"newLine\"><block type=\"logic_boolean\"><field name=\"BOOL\">TRUE</field></block></value><next><block type=\"write_line\"><mutation xmlns=\"http://www.w3.org/1999/xhtml\" is_player_var=\"false\" has_entity=\"false\"></mutation><field name=\"VAR\">local:file</field><value name=\"text\"><block type=\"text_join\" inline=\"true\"><mutation items=\"2\"></mutation><value name=\"ADD0\"><block type=\"text\"><field name=\"TEXT\">Completed Generate : </field></block></value><value name=\"ADD1\"><block type=\"text\"><field name=\"TEXT\">???</field></block></value></block></value><value name=\"newLine\"><block type=\"logic_boolean\"><field name=\"BOOL\">TRUE</field></block></value><next><block type=\"write_line\"><mutation xmlns=\"http://www.w3.org/1999/xhtml\" is_player_var=\"false\" has_entity=\"false\"></mutation><field name=\"VAR\">local:file</field><value name=\"text\"><block type=\"text\"><field name=\"TEXT\"></field></block></value><value name=\"newLine\"><block type=\"logic_boolean\"><field name=\"BOOL\">TRUE</field></block></value><next><block type=\"write_line\"><mutation xmlns=\"http://www.w3.org/1999/xhtml\" is_player_var=\"false\" has_entity=\"false\"></mutation><field name=\"VAR\">local:file</field><value name=\"text\"><block type=\"text_join\" inline=\"true\"><mutation items=\"2\"></mutation><value name=\"ADD0\"><block type=\"text\"><field name=\"TEXT\">sizeX = </field></block></value><value name=\"ADD1\"><block type=\"text\"><field name=\"TEXT\">???</field></block></value></block></value><value name=\"newLine\"><block type=\"logic_boolean\"><field name=\"BOOL\">TRUE</field></block></value><next><block type=\"write_line\"><mutation xmlns=\"http://www.w3.org/1999/xhtml\" is_player_var=\"false\" has_entity=\"false\"></mutation><field name=\"VAR\">local:file</field><value name=\"text\"><block type=\"text_join\" inline=\"true\"><mutation items=\"2\"></mutation><value name=\"ADD0\"><block type=\"text\"><field name=\"TEXT\">sizeY = </field></block></value><value name=\"ADD1\"><block type=\"text\"><field name=\"TEXT\">???</field></block></value></block></value><value name=\"newLine\"><block type=\"logic_boolean\"><field name=\"BOOL\">TRUE</field></block></value><next><block type=\"write_line\"><mutation xmlns=\"http://www.w3.org/1999/xhtml\" is_player_var=\"false\" has_entity=\"false\"></mutation><field name=\"VAR\">local:file</field><value name=\"text\"><block type=\"text_join\" inline=\"true\"><mutation items=\"2\"></mutation><value name=\"ADD0\"><block type=\"text\"><field name=\"TEXT\">sizeZ = </field></block></value><value name=\"ADD1\"><block type=\"text\"><field name=\"TEXT\">???</field></block></value></block></value><value name=\"newLine\"><block type=\"logic_boolean\"><field name=\"BOOL\">TRUE</field></block></value><next><block type=\"write_line\"><mutation xmlns=\"http://www.w3.org/1999/xhtml\" is_player_var=\"false\" has_entity=\"false\"></mutation><field name=\"VAR\">local:file</field><value name=\"text\"><block type=\"text_join\" inline=\"true\"><mutation items=\"2\"></mutation><value name=\"ADD0\"><block type=\"text\"><field name=\"TEXT\">center_sizeX = </field></block></value><value name=\"ADD1\"><block type=\"text\"><field name=\"TEXT\">???</field></block></value></block></value><value name=\"newLine\"><block type=\"logic_boolean\"><field name=\"BOOL\">TRUE</field></block></value><next><block type=\"write_line\"><mutation xmlns=\"http://www.w3.org/1999/xhtml\" is_player_var=\"false\" has_entity=\"false\"></mutation><field name=\"VAR\">local:file</field><value name=\"text\"><block type=\"text_join\" inline=\"true\"><mutation items=\"2\"></mutation><value name=\"ADD0\"><block type=\"text\"><field name=\"TEXT\">center_sizeY = </field></block></value><value name=\"ADD1\"><block type=\"text\"><field name=\"TEXT\">???</field></block></value></block></value><value name=\"newLine\"><block type=\"logic_boolean\"><field name=\"BOOL\">TRUE</field></block></value><next><block type=\"write_line\"><mutation xmlns=\"http://www.w3.org/1999/xhtml\" is_player_var=\"false\" has_entity=\"false\"></mutation><field name=\"VAR\">local:file</field><value name=\"text\"><block type=\"text_join\" inline=\"true\"><mutation items=\"2\"></mutation><value name=\"ADD0\"><block type=\"text\"><field name=\"TEXT\">center_sizeZ = </field></block></value><value name=\"ADD1\"><block type=\"text\"><field name=\"TEXT\">???</field></block></value></block></value><value name=\"newLine\"><block type=\"logic_boolean\"><field name=\"BOOL\">TRUE</field></block></value><next><block type=\"write_line\"><mutation xmlns=\"http://www.w3.org/1999/xhtml\" is_player_var=\"false\" has_entity=\"false\"></mutation><field name=\"VAR\">local:file</field><value name=\"text\"><block type=\"text\"><field name=\"TEXT\"></field></block></value><value name=\"newLine\"><block type=\"logic_boolean\"><field name=\"BOOL\">TRUE</field></block></value><next><block type=\"write_line\"><mutation xmlns=\"http://www.w3.org/1999/xhtml\" is_player_var=\"false\" has_entity=\"false\"></mutation><field name=\"VAR\">local:file</field><value name=\"text\"><block type=\"text\"><field name=\"TEXT\">--------------------------------------------------</field></block></value><value name=\"newLine\"><block type=\"logic_boolean\"><field name=\"BOOL\">TRUE</field></block></value><next><block type=\"write_line\"><mutation xmlns=\"http://www.w3.org/1999/xhtml\" is_player_var=\"false\" has_entity=\"false\"></mutation><field name=\"VAR\">local:file</field><value name=\"text\"><block type=\"text\"><field name=\"TEXT\"></field></block></value><value name=\"newLine\"><block type=\"logic_boolean\"><field name=\"BOOL\">TRUE</field></block></value><next><block type=\"write_line\"><mutation xmlns=\"http://www.w3.org/1999/xhtml\" is_player_var=\"false\" has_entity=\"false\"></mutation><field name=\"VAR\">local:file</field><value name=\"text\"><block type=\"text\"><field name=\"TEXT\">b0^0^0tro</field></block></value><value name=\"newLine\"><block type=\"logic_boolean\"><field name=\"BOOL\">TRUE</field></block></value></block></next></block></next></block></next></block></next></block></next></block></next></block></next></block></next></block></next></block></next></block></next></block></next></block></statement><next><block type=\"java_code\"><field name=\"CODE\">filebw.close();&amp;#10;filewriter.close();&amp;#10;} catch (IOException exception) {&amp;#10;exception.printStackTrace();&amp;#10;}</field></block></next></block></next></block></statement></block></next></block></next></block></statement></block></next></block></next></block></next></block></next></block></xml>"
  }
}