{
  "_fv": 73,
  "_type": "procedure",
  "definition": {
    "procedurexml": "<xml xmlns=\"https://developers.google.com/blockly/xml\"><variables><variable type=\"String\" id=\"pos\">pos</variable><variable type=\"Number\" id=\"posX\">posX</variable><variable type=\"Number\" id=\"posY\">posY</variable><variable type=\"Number\" id=\"posZ\">posZ</variable><variable type=\"Number\" id=\"posX_min\">posX_min</variable><variable type=\"Number\" id=\"posY_min\">posY_min</variable><variable type=\"Number\" id=\"posZ_min\">posZ_min</variable><variable type=\"Number\" id=\"posX_max\">posX_max</variable><variable type=\"Number\" id=\"posY_max\">posY_max</variable><variable type=\"Number\" id=\"posZ_max\">posZ_max</variable><variable type=\"Boolean\" id=\"skip\">skip</variable><variable type=\"File\" id=\"file\">file</variable><variable type=\"File\" id=\"file2\">file2</variable></variables><block type=\"event_trigger\" deletable=\"false\" x=\"40\" y=\"40\"><field name=\"trigger\">no_ext_trigger</field><next><block type=\"controls_if\"><value name=\"IF0\"><block type=\"logic_binary_ops\"><field name=\"OP\">EQ</field><value name=\"A\"><block type=\"variables_get_logic\"><mutation xmlns=\"http://www.w3.org/1999/xhtml\" is_player_var=\"false\" has_entity=\"false\"></mutation><field name=\"VAR\">global:auto_gen_chat_messages</field></block></value><value name=\"B\"><block type=\"logic_boolean\"><field name=\"BOOL\">TRUE</field></block></value></block></value><statement name=\"DO0\"><block type=\"execute_command\"><value name=\"command\"><block type=\"text_join\" inline=\"true\"><mutation items=\"3\"></mutation><value name=\"ADD0\"><block type=\"text\"><field name=\"TEXT\">tellraw @a [\"\",{\"text\":\"THT : Completed! \",\"color\":\"green\"},{\"text\":\"</field></block></value><value name=\"ADD1\"><block type=\"text_replace\"><value name=\"what\"><block type=\"text\"><field name=\"TEXT\"> (generating)</field></block></value><value name=\"with\"><block type=\"text\"><field name=\"TEXT\"></field></block></value><value name=\"text\"><block type=\"entity_nbt_text_get\"><value name=\"entity\"><block type=\"entity_from_deps\"></block></value><value name=\"tagName\"><block type=\"text\"><field name=\"TEXT\">file_name</field></block></value></block></value></block></value><value name=\"ADD2\"><block type=\"text\"><field name=\"TEXT\">\",\"color\":\"white\"}]</field></block></value></block></value><value name=\"x\"><block type=\"coord_x\"></block></value><value name=\"y\"><block type=\"coord_y\"></block></value><value name=\"z\"><block type=\"coord_z\"></block></value><next><block type=\"controls_if\"><value name=\"IF0\"><block type=\"logic_boolean\"><field name=\"BOOL\">TRUE</field></block></value><statement name=\"DO0\"><block type=\"controls_if\"><mutation elseif=\"1\"></mutation><value name=\"IF0\"><block type=\"math_binary_ops\"><field name=\"OP\">EQ</field><value name=\"A\"><block type=\"variables_get_number\"><mutation xmlns=\"http://www.w3.org/1999/xhtml\" is_player_var=\"false\" has_entity=\"false\"></mutation><field name=\"VAR\">global:auto_gen_count</field></block></value><value name=\"B\"><block type=\"math_number\"><field name=\"NUM\">1</field></block></value></block></value><statement name=\"DO0\"><block type=\"execute_command\"><value name=\"command\"><block type=\"text\"><field name=\"TEXT\">tellraw @a [\"\",{\"text\":\"THT : Auto gen will be stop after finish this one\",\"color\":\"gray\"}]</field></block></value><value name=\"x\"><block type=\"coord_x\"></block></value><value name=\"y\"><block type=\"coord_y\"></block></value><value name=\"z\"><block type=\"coord_z\"></block></value></block></statement><value name=\"IF1\"><block type=\"math_binary_ops\"><field name=\"OP\">GT</field><value name=\"A\"><block type=\"variables_get_number\"><mutation xmlns=\"http://www.w3.org/1999/xhtml\" is_player_var=\"false\" has_entity=\"false\"></mutation><field name=\"VAR\">global:auto_gen_count</field></block></value><value name=\"B\"><block type=\"math_number\"><field name=\"NUM\">1</field></block></value></block></value><statement name=\"DO1\"><block type=\"execute_command\"><value name=\"command\"><block type=\"text_join\"><mutation items=\"3\"></mutation><value name=\"ADD0\"><block type=\"text\"><field name=\"TEXT\">tellraw @a [\"\",{\"text\":\"THT : Auto gen has </field></block></value><value name=\"ADD1\"><block type=\"text_replace\"><value name=\"what\"><block type=\"text\"><field name=\"TEXT\">.0</field></block></value><value name=\"with\"><block type=\"text\"><field name=\"TEXT\"></field></block></value><value name=\"text\"><block type=\"text_format_number\"><value name=\"number\"><block type=\"variables_get_number\"><mutation xmlns=\"http://www.w3.org/1999/xhtml\" is_player_var=\"false\" has_entity=\"false\"></mutation><field name=\"VAR\">global:auto_gen_count</field></block></value><value name=\"format\"><block type=\"text\"><field name=\"TEXT\">##.##</field></block></value></block></value></block></value><value name=\"ADD2\"><block type=\"text\"><field name=\"TEXT\"> loops left\",\"color\":\"gray\"}]</field></block></value></block></value><value name=\"x\"><block type=\"coord_x\"></block></value><value name=\"y\"><block type=\"coord_y\"></block></value><value name=\"z\"><block type=\"coord_z\"></block></value></block></statement></block></statement></block></next></block></statement><next><block type=\"controls_if\"><value name=\"IF0\"><block type=\"logic_boolean\"><field name=\"BOOL\">TRUE</field></block></value><statement name=\"DO0\"><block type=\"variables_set_file\"><mutation xmlns=\"http://www.w3.org/1999/xhtml\" is_player_var=\"false\" has_entity=\"false\"></mutation><field name=\"VAR\">local:file</field><value name=\"VAL\"><block type=\"file_variable\"><mutation xmlns=\"http://www.w3.org/1999/xhtml\" is_player_var=\"false\" has_entity=\"false\"></mutation><field name=\"VAR\">local:file</field><value name=\"name\"><block type=\"entity_nbt_text_get\"><value name=\"entity\"><block type=\"entity_from_deps\"></block></value><value name=\"tagName\"><block type=\"text\"><field name=\"TEXT\">file_name</field></block></value></block></value><value name=\"location\"><block type=\"text_join\" inline=\"false\"><mutation items=\"2\"></mutation><value name=\"ADD0\"><block type=\"get_game_directory\"></block></value><value name=\"ADD1\"><block type=\"text\"><field name=\"TEXT\">/config/tanshugetrees/generated</field></block></value></block></value></block></value><next><block type=\"controls_if\"><value name=\"IF0\"><block type=\"file_exists\"><mutation xmlns=\"http://www.w3.org/1999/xhtml\" is_player_var=\"false\" has_entity=\"false\"></mutation><field name=\"VAR\">local:file</field></block></value><statement name=\"DO0\"><block type=\"controls_if\" collapsed=\"true\"><value name=\"IF0\"><block type=\"logic_boolean\"><field name=\"BOOL\">TRUE</field></block></value><statement name=\"DO0\"><block type=\"java_code\"><field name=\"CODE\">try {&amp;#10;FileWriter filewriter = new FileWriter(file, true);&amp;#10;BufferedWriter filebw = new BufferedWriter(filewriter);</field><next><block type=\"controls_if\"><value name=\"IF0\"><block type=\"logic_boolean\"><field name=\"BOOL\">TRUE</field></block></value><statement name=\"DO0\"><block type=\"write_line\"><mutation xmlns=\"http://www.w3.org/1999/xhtml\" is_player_var=\"false\" has_entity=\"false\"></mutation><field name=\"VAR\">local:file</field><value name=\"text\"><block type=\"text\"><field name=\"TEXT\"></field></block></value><value name=\"newLine\"><block type=\"logic_boolean\"><field name=\"BOOL\">TRUE</field></block></value><next><block type=\"write_line\"><mutation xmlns=\"http://www.w3.org/1999/xhtml\" is_player_var=\"false\" has_entity=\"false\"></mutation><field name=\"VAR\">local:file</field><value name=\"text\"><block type=\"text\"><field name=\"TEXT\">--------------------------------------------------</field></block></value><value name=\"newLine\"><block type=\"logic_boolean\"><field name=\"BOOL\">TRUE</field></block></value></block></next></block></statement><next><block type=\"java_code\"><field name=\"CODE\">filebw.close();&amp;#10;filewriter.close();&amp;#10;} catch (IOException exception) {&amp;#10;exception.printStackTrace();&amp;#10;}</field></block></next></block></next></block></statement><next><block type=\"read_txt\"><mutation xmlns=\"http://www.w3.org/1999/xhtml\" is_player_var=\"false\" has_entity=\"false\"></mutation><field name=\"VAR\">local:file</field><value name=\"_placeholder\"><block type=\"string_iterator\"></block></value><statement name=\"foreach\"><block type=\"controls_if\"><mutation else=\"1\"></mutation><value name=\"IF0\"><block type=\"logic_binary_ops\"><field name=\"OP\">EQ</field><value name=\"A\"><block type=\"variables_get_logic\"><mutation xmlns=\"http://www.w3.org/1999/xhtml\" is_player_var=\"false\" has_entity=\"false\"></mutation><field name=\"VAR\">local:skip</field></block></value><value name=\"B\"><block type=\"logic_boolean\"><field name=\"BOOL\">FALSE</field></block></value></block></value><statement name=\"DO0\"><block type=\"controls_if\"><value name=\"IF0\"><block type=\"text_binary_ops\"><value name=\"A\"><block type=\"string_iterator\"></block></value><value name=\"B\"><block type=\"text\"><field name=\"TEXT\">--------------------------------------------------</field></block></value></block></value><statement name=\"DO0\"><block type=\"variables_set_logic\"><mutation xmlns=\"http://www.w3.org/1999/xhtml\" is_player_var=\"false\" has_entity=\"false\"></mutation><field name=\"VAR\">local:skip</field><value name=\"VAL\"><block type=\"logic_boolean\"><field name=\"BOOL\">TRUE</field></block></value></block></statement></block></statement><statement name=\"ELSE\"><block type=\"controls_if\"><value name=\"IF0\"><block type=\"text_starts_with\"><value name=\"text\"><block type=\"string_iterator\"></block></value><value name=\"starts\"><block type=\"text\"><field name=\"TEXT\">b</field></block></value></block></value><statement name=\"DO0\"><block type=\"controls_if\" collapsed=\"true\"><value name=\"IF0\"><block type=\"logic_boolean\"><field name=\"BOOL\">TRUE</field></block></value><statement name=\"DO0\"><block type=\"variables_set_string\"><mutation xmlns=\"http://www.w3.org/1999/xhtml\" is_player_var=\"false\" has_entity=\"false\"></mutation><field name=\"VAR\">local:pos</field><value name=\"VAL\"><block type=\"text_substring\"><value name=\"text\"><block type=\"string_iterator\"></block></value><value name=\"from\"><block type=\"math_number\"><field name=\"NUM\">1</field></block></value><value name=\"to\"><block type=\"math_dual_ops\"><field name=\"OP\">MINUS</field><value name=\"A\"><block type=\"text_length\"><value name=\"VALUE\"><block type=\"string_iterator\"></block></value></block></value><value name=\"B\"><block type=\"math_number\"><field name=\"NUM\">3</field></block></value></block></value></block></value><next><block type=\"variables_set_number\"><mutation xmlns=\"http://www.w3.org/1999/xhtml\" is_player_var=\"false\" has_entity=\"false\"></mutation><field name=\"VAR\">local:posX</field><value name=\"VAL\"><block type=\"text_index_of\"><value name=\"check\"><block type=\"text\"><field name=\"TEXT\">^</field></block></value><value name=\"text\"><block type=\"variables_get_string\"><mutation xmlns=\"http://www.w3.org/1999/xhtml\" is_player_var=\"false\" has_entity=\"false\"></mutation><field name=\"VAR\">local:pos</field></block></value><value name=\"from\"><block type=\"math_number\"><field name=\"NUM\">0</field></block></value></block></value><next><block type=\"variables_set_number\"><mutation xmlns=\"http://www.w3.org/1999/xhtml\" is_player_var=\"false\" has_entity=\"false\"></mutation><field name=\"VAR\">local:posY</field><value name=\"VAL\"><block type=\"text_index_of\"><value name=\"check\"><block type=\"text\"><field name=\"TEXT\">^</field></block></value><value name=\"text\"><block type=\"variables_get_string\"><mutation xmlns=\"http://www.w3.org/1999/xhtml\" is_player_var=\"false\" has_entity=\"false\"></mutation><field name=\"VAR\">local:pos</field></block></value><value name=\"from\"><block type=\"java_code_get\"><field name=\"CODE\">(int) posX + 1</field></block></value></block></value><next><block type=\"variables_set_number\"><mutation xmlns=\"http://www.w3.org/1999/xhtml\" is_player_var=\"false\" has_entity=\"false\"></mutation><field name=\"VAR\">local:posZ</field><value name=\"VAL\"><block type=\"math_from_text\"><value name=\"NUMTEXT\"><block type=\"text_substring_from\"><value name=\"text\"><block type=\"variables_get_string\"><mutation xmlns=\"http://www.w3.org/1999/xhtml\" is_player_var=\"false\" has_entity=\"false\"></mutation><field name=\"VAR\">local:pos</field></block></value><value name=\"from\"><block type=\"math_dual_ops\"><field name=\"OP\">ADD</field><value name=\"A\"><block type=\"variables_get_number\"><mutation xmlns=\"http://www.w3.org/1999/xhtml\" is_player_var=\"false\" has_entity=\"false\"></mutation><field name=\"VAR\">local:posY</field></block></value><value name=\"B\"><block type=\"math_number\"><field name=\"NUM\">1</field></block></value></block></value></block></value></block></value><next><block type=\"variables_set_number\"><mutation xmlns=\"http://www.w3.org/1999/xhtml\" is_player_var=\"false\" has_entity=\"false\"></mutation><field name=\"VAR\">local:posY</field><value name=\"VAL\"><block type=\"math_from_text\"><value name=\"NUMTEXT\"><block type=\"text_substring\"><value name=\"text\"><block type=\"variables_get_string\"><mutation xmlns=\"http://www.w3.org/1999/xhtml\" is_player_var=\"false\" has_entity=\"false\"></mutation><field name=\"VAR\">local:pos</field></block></value><value name=\"from\"><block type=\"math_dual_ops\"><field name=\"OP\">ADD</field><value name=\"A\"><block type=\"variables_get_number\"><mutation xmlns=\"http://www.w3.org/1999/xhtml\" is_player_var=\"false\" has_entity=\"false\"></mutation><field name=\"VAR\">local:posX</field></block></value><value name=\"B\"><block type=\"math_number\"><field name=\"NUM\">1</field></block></value></block></value><value name=\"to\"><block type=\"variables_get_number\"><mutation xmlns=\"http://www.w3.org/1999/xhtml\" is_player_var=\"false\" has_entity=\"false\"></mutation><field name=\"VAR\">local:posY</field></block></value></block></value></block></value><next><block type=\"variables_set_number\"><mutation xmlns=\"http://www.w3.org/1999/xhtml\" is_player_var=\"false\" has_entity=\"false\"></mutation><field name=\"VAR\">local:posX</field><value name=\"VAL\"><block type=\"math_from_text\"><value name=\"NUMTEXT\"><block type=\"text_substring\"><value name=\"text\"><block type=\"variables_get_string\"><mutation xmlns=\"http://www.w3.org/1999/xhtml\" is_player_var=\"false\" has_entity=\"false\"></mutation><field name=\"VAR\">local:pos</field></block></value><value name=\"from\"><block type=\"math_number\"><field name=\"NUM\">0</field></block></value><value name=\"to\"><block type=\"variables_get_number\"><mutation xmlns=\"http://www.w3.org/1999/xhtml\" is_player_var=\"false\" has_entity=\"false\"></mutation><field name=\"VAR\">local:posX</field></block></value></block></value></block></value><next><block type=\"controls_if\"><value name=\"IF0\"><block type=\"logic_boolean\"><field name=\"BOOL\">TRUE</field></block></value><statement name=\"DO0\"><block type=\"controls_if\"><value name=\"IF0\"><block type=\"math_binary_ops\"><field name=\"OP\">LT</field><value name=\"A\"><block type=\"variables_get_number\"><mutation xmlns=\"http://www.w3.org/1999/xhtml\" is_player_var=\"false\" has_entity=\"false\"></mutation><field name=\"VAR\">local:posX</field></block></value><value name=\"B\"><block type=\"variables_get_number\"><mutation xmlns=\"http://www.w3.org/1999/xhtml\" is_player_var=\"false\" has_entity=\"false\"></mutation><field name=\"VAR\">local:posX_min</field></block></value></block></value><statement name=\"DO0\"><block type=\"variables_set_number\"><mutation xmlns=\"http://www.w3.org/1999/xhtml\" is_player_var=\"false\" has_entity=\"false\"></mutation><field name=\"VAR\">local:posX_min</field><value name=\"VAL\"><block type=\"variables_get_number\"><mutation xmlns=\"http://www.w3.org/1999/xhtml\" is_player_var=\"false\" has_entity=\"false\"></mutation><field name=\"VAR\">local:posX</field></block></value></block></statement><next><block type=\"controls_if\"><value name=\"IF0\"><block type=\"math_binary_ops\"><field name=\"OP\">LT</field><value name=\"A\"><block type=\"variables_get_number\"><mutation xmlns=\"http://www.w3.org/1999/xhtml\" is_player_var=\"false\" has_entity=\"false\"></mutation><field name=\"VAR\">local:posY</field></block></value><value name=\"B\"><block type=\"variables_get_number\"><mutation xmlns=\"http://www.w3.org/1999/xhtml\" is_player_var=\"false\" has_entity=\"false\"></mutation><field name=\"VAR\">local:posY_min</field></block></value></block></value><statement name=\"DO0\"><block type=\"variables_set_number\"><mutation xmlns=\"http://www.w3.org/1999/xhtml\" is_player_var=\"false\" has_entity=\"false\"></mutation><field name=\"VAR\">local:posY_min</field><value name=\"VAL\"><block type=\"variables_get_number\"><mutation xmlns=\"http://www.w3.org/1999/xhtml\" is_player_var=\"false\" has_entity=\"false\"></mutation><field name=\"VAR\">local:posY</field></block></value></block></statement><next><block type=\"controls_if\"><value name=\"IF0\"><block type=\"math_binary_ops\"><field name=\"OP\">LT</field><value name=\"A\"><block type=\"variables_get_number\"><mutation xmlns=\"http://www.w3.org/1999/xhtml\" is_player_var=\"false\" has_entity=\"false\"></mutation><field name=\"VAR\">local:posZ</field></block></value><value name=\"B\"><block type=\"variables_get_number\"><mutation xmlns=\"http://www.w3.org/1999/xhtml\" is_player_var=\"false\" has_entity=\"false\"></mutation><field name=\"VAR\">local:posZ_min</field></block></value></block></value><statement name=\"DO0\"><block type=\"variables_set_number\"><mutation xmlns=\"http://www.w3.org/1999/xhtml\" is_player_var=\"false\" has_entity=\"false\"></mutation><field name=\"VAR\">local:posZ_min</field><value name=\"VAL\"><block type=\"variables_get_number\"><mutation xmlns=\"http://www.w3.org/1999/xhtml\" is_player_var=\"false\" has_entity=\"false\"></mutation><field name=\"VAR\">local:posZ</field></block></value></block></statement></block></next></block></next></block></statement><next><block type=\"controls_if\"><value name=\"IF0\"><block type=\"logic_boolean\"><field name=\"BOOL\">TRUE</field></block></value><statement name=\"DO0\"><block type=\"controls_if\"><value name=\"IF0\"><block type=\"math_binary_ops\"><field name=\"OP\">GT</field><value name=\"A\"><block type=\"variables_get_number\"><mutation xmlns=\"http://www.w3.org/1999/xhtml\" is_player_var=\"false\" has_entity=\"false\"></mutation><field name=\"VAR\">local:posX</field></block></value><value name=\"B\"><block type=\"variables_get_number\"><mutation xmlns=\"http://www.w3.org/1999/xhtml\" is_player_var=\"false\" has_entity=\"false\"></mutation><field name=\"VAR\">local:posX_max</field></block></value></block></value><statement name=\"DO0\"><block type=\"variables_set_number\"><mutation xmlns=\"http://www.w3.org/1999/xhtml\" is_player_var=\"false\" has_entity=\"false\"></mutation><field name=\"VAR\">local:posX_max</field><value name=\"VAL\"><block type=\"variables_get_number\"><mutation xmlns=\"http://www.w3.org/1999/xhtml\" is_player_var=\"false\" has_entity=\"false\"></mutation><field name=\"VAR\">local:posX</field></block></value></block></statement><next><block type=\"controls_if\"><value name=\"IF0\"><block type=\"math_binary_ops\"><field name=\"OP\">GT</field><value name=\"A\"><block type=\"variables_get_number\"><mutation xmlns=\"http://www.w3.org/1999/xhtml\" is_player_var=\"false\" has_entity=\"false\"></mutation><field name=\"VAR\">local:posY</field></block></value><value name=\"B\"><block type=\"variables_get_number\"><mutation xmlns=\"http://www.w3.org/1999/xhtml\" is_player_var=\"false\" has_entity=\"false\"></mutation><field name=\"VAR\">local:posY_max</field></block></value></block></value><statement name=\"DO0\"><block type=\"variables_set_number\"><mutation xmlns=\"http://www.w3.org/1999/xhtml\" is_player_var=\"false\" has_entity=\"false\"></mutation><field name=\"VAR\">local:posY_max</field><value name=\"VAL\"><block type=\"variables_get_number\"><mutation xmlns=\"http://www.w3.org/1999/xhtml\" is_player_var=\"false\" has_entity=\"false\"></mutation><field name=\"VAR\">local:posY</field></block></value></block></statement><next><block type=\"controls_if\"><value name=\"IF0\"><block type=\"math_binary_ops\"><field name=\"OP\">GT</field><value name=\"A\"><block type=\"variables_get_number\"><mutation xmlns=\"http://www.w3.org/1999/xhtml\" is_player_var=\"false\" has_entity=\"false\"></mutation><field name=\"VAR\">local:posZ</field></block></value><value name=\"B\"><block type=\"variables_get_number\"><mutation xmlns=\"http://www.w3.org/1999/xhtml\" is_player_var=\"false\" has_entity=\"false\"></mutation><field name=\"VAR\">local:posZ_max</field></block></value></block></value><statement name=\"DO0\"><block type=\"variables_set_number\"><mutation xmlns=\"http://www.w3.org/1999/xhtml\" is_player_var=\"false\" has_entity=\"false\"></mutation><field name=\"VAR\">local:posZ_max</field><value name=\"VAL\"><block type=\"variables_get_number\"><mutation xmlns=\"http://www.w3.org/1999/xhtml\" is_player_var=\"false\" has_entity=\"false\"></mutation><field name=\"VAR\">local:posZ</field></block></value></block></statement></block></next></block></next></block></statement></block></next></block></next></block></next></block></next></block></next></block></next></block></next></block></statement></block></statement></block></statement></block></statement><next><block type=\"controls_if\"><value name=\"IF0\"><block type=\"logic_negate\"><value name=\"BOOL\"><block type=\"text_binary_ops\"><value name=\"A\"><block type=\"text\"><field name=\"TEXT\"></field></block></value><value name=\"B\"><block type=\"text\"><field name=\"TEXT\">Replace Lines</field></block></value></block></value></block></value><statement name=\"DO0\"><block type=\"variables_set_file\"><mutation xmlns=\"http://www.w3.org/1999/xhtml\" is_player_var=\"false\" has_entity=\"false\"></mutation><field name=\"VAR\">local:file2</field><value name=\"VAL\"><block type=\"file_variable\"><mutation xmlns=\"http://www.w3.org/1999/xhtml\" is_player_var=\"false\" has_entity=\"false\"></mutation><field name=\"VAR\">local:file2</field><value name=\"name\"><block type=\"text_replace\"><value name=\"what\"><block type=\"text\"><field name=\"TEXT\"> (generating)</field></block></value><value name=\"with\"><block type=\"text\"><field name=\"TEXT\"></field></block></value><value name=\"text\"><block type=\"entity_nbt_text_get\"><value name=\"entity\"><block type=\"entity_from_deps\"></block></value><value name=\"tagName\"><block type=\"text\"><field name=\"TEXT\">file_name</field></block></value></block></value></block></value><value name=\"location\"><block type=\"text_join\" inline=\"false\"><mutation items=\"2\"></mutation><value name=\"ADD0\"><block type=\"get_game_directory\"></block></value><value name=\"ADD1\"><block type=\"text\"><field name=\"TEXT\">/config/tanshugetrees/generated</field></block></value></block></value></block></value><next><block type=\"write_txt\"><mutation xmlns=\"http://www.w3.org/1999/xhtml\" is_player_var=\"false\" has_entity=\"false\"></mutation><field name=\"VAR\">local:file2</field><statement name=\"text\"><block type=\"read_txt\"><mutation xmlns=\"http://www.w3.org/1999/xhtml\" is_player_var=\"false\" has_entity=\"false\"></mutation><field name=\"VAR\">local:file</field><value name=\"_placeholder\"><block type=\"string_iterator\"></block></value><statement name=\"foreach\"><block type=\"controls_if\"><mutation elseif=\"6\" else=\"1\"></mutation><value name=\"IF0\"><block type=\"text_starts_with\"><value name=\"text\"><block type=\"string_iterator\"></block></value><value name=\"starts\"><block type=\"text\"><field name=\"TEXT\">Completed Generate : </field></block></value></block></value><statement name=\"DO0\"><block type=\"write_line\"><mutation xmlns=\"http://www.w3.org/1999/xhtml\" is_player_var=\"false\" has_entity=\"false\"></mutation><field name=\"VAR\">local:file2</field><value name=\"text\"><block type=\"text_join\" inline=\"true\"><mutation items=\"2\"></mutation><value name=\"ADD0\"><block type=\"text\"><field name=\"TEXT\">Completed Generate : </field></block></value><value name=\"ADD1\"><block type=\"text_join\" inline=\"false\"><mutation items=\"3\"></mutation><value name=\"ADD0\"><block type=\"time_to_formatted_string\"><value name=\"format\"><block type=\"text\"><field name=\"TEXT\">dd/MM/yyyy</field></block></value></block></value><value name=\"ADD1\"><block type=\"text\"><field name=\"TEXT\"> at </field></block></value><value name=\"ADD2\"><block type=\"time_to_formatted_string\"><value name=\"format\"><block type=\"text\"><field name=\"TEXT\">HH:mm:ss</field></block></value></block></value></block></value></block></value><value name=\"newLine\"><block type=\"logic_boolean\"><field name=\"BOOL\">TRUE</field></block></value></block></statement><value name=\"IF1\"><block type=\"text_starts_with\"><value name=\"text\"><block type=\"string_iterator\"></block></value><value name=\"starts\"><block type=\"text\"><field name=\"TEXT\">sizeX = </field></block></value></block></value><statement name=\"DO1\"><block type=\"write_line\"><mutation xmlns=\"http://www.w3.org/1999/xhtml\" is_player_var=\"false\" has_entity=\"false\"></mutation><field name=\"VAR\">local:file2</field><value name=\"text\"><block type=\"text_join\" inline=\"true\"><mutation items=\"2\"></mutation><value name=\"ADD0\"><block type=\"text\"><field name=\"TEXT\">sizeX = </field></block></value><value name=\"ADD1\"><block type=\"text_format_number\"><value name=\"number\"><block type=\"math_singular_ops\"><field name=\"OP\">ABS</field><value name=\"NUM\"><block type=\"math_dual_ops\"><field name=\"OP\">MINUS</field><value name=\"A\"><block type=\"variables_get_number\"><mutation xmlns=\"http://www.w3.org/1999/xhtml\" is_player_var=\"false\" has_entity=\"false\"></mutation><field name=\"VAR\">local:posX_max</field></block></value><value name=\"B\"><block type=\"variables_get_number\"><mutation xmlns=\"http://www.w3.org/1999/xhtml\" is_player_var=\"false\" has_entity=\"false\"></mutation><field name=\"VAR\">local:posX_min</field></block></value></block></value></block></value><value name=\"format\"><block type=\"text\"><field name=\"TEXT\">##</field></block></value></block></value></block></value><value name=\"newLine\"><block type=\"logic_boolean\"><field name=\"BOOL\">TRUE</field></block></value></block></statement><value name=\"IF2\"><block type=\"text_starts_with\"><value name=\"text\"><block type=\"string_iterator\"></block></value><value name=\"starts\"><block type=\"text\"><field name=\"TEXT\">sizeY = </field></block></value></block></value><statement name=\"DO2\"><block type=\"write_line\"><mutation xmlns=\"http://www.w3.org/1999/xhtml\" is_player_var=\"false\" has_entity=\"false\"></mutation><field name=\"VAR\">local:file2</field><value name=\"text\"><block type=\"text_join\" inline=\"true\"><mutation items=\"2\"></mutation><value name=\"ADD0\"><block type=\"text\"><field name=\"TEXT\">sizeY = </field></block></value><value name=\"ADD1\"><block type=\"text_format_number\"><value name=\"number\"><block type=\"math_singular_ops\"><field name=\"OP\">ABS</field><value name=\"NUM\"><block type=\"math_dual_ops\"><field name=\"OP\">MINUS</field><value name=\"A\"><block type=\"variables_get_number\"><mutation xmlns=\"http://www.w3.org/1999/xhtml\" is_player_var=\"false\" has_entity=\"false\"></mutation><field name=\"VAR\">local:posY_max</field></block></value><value name=\"B\"><block type=\"variables_get_number\"><mutation xmlns=\"http://www.w3.org/1999/xhtml\" is_player_var=\"false\" has_entity=\"false\"></mutation><field name=\"VAR\">local:posY_min</field></block></value></block></value></block></value><value name=\"format\"><block type=\"text\"><field name=\"TEXT\">##</field></block></value></block></value></block></value><value name=\"newLine\"><block type=\"logic_boolean\"><field name=\"BOOL\">TRUE</field></block></value></block></statement><value name=\"IF3\"><block type=\"text_starts_with\"><value name=\"text\"><block type=\"string_iterator\"></block></value><value name=\"starts\"><block type=\"text\"><field name=\"TEXT\">sizeZ = </field></block></value></block></value><statement name=\"DO3\"><block type=\"write_line\"><mutation xmlns=\"http://www.w3.org/1999/xhtml\" is_player_var=\"false\" has_entity=\"false\"></mutation><field name=\"VAR\">local:file2</field><value name=\"text\"><block type=\"text_join\" inline=\"true\"><mutation items=\"2\"></mutation><value name=\"ADD0\"><block type=\"text\"><field name=\"TEXT\">sizeZ = </field></block></value><value name=\"ADD1\"><block type=\"text_format_number\"><value name=\"number\"><block type=\"math_singular_ops\"><field name=\"OP\">ABS</field><value name=\"NUM\"><block type=\"math_dual_ops\"><field name=\"OP\">MINUS</field><value name=\"A\"><block type=\"variables_get_number\"><mutation xmlns=\"http://www.w3.org/1999/xhtml\" is_player_var=\"false\" has_entity=\"false\"></mutation><field name=\"VAR\">local:posZ_max</field></block></value><value name=\"B\"><block type=\"variables_get_number\"><mutation xmlns=\"http://www.w3.org/1999/xhtml\" is_player_var=\"false\" has_entity=\"false\"></mutation><field name=\"VAR\">local:posZ_min</field></block></value></block></value></block></value><value name=\"format\"><block type=\"text\"><field name=\"TEXT\">##</field></block></value></block></value></block></value><value name=\"newLine\"><block type=\"logic_boolean\"><field name=\"BOOL\">TRUE</field></block></value></block></statement><value name=\"IF4\"><block type=\"text_starts_with\"><value name=\"text\"><block type=\"string_iterator\"></block></value><value name=\"starts\"><block type=\"text\"><field name=\"TEXT\">center_sizeX = </field></block></value></block></value><statement name=\"DO4\"><block type=\"write_line\"><mutation xmlns=\"http://www.w3.org/1999/xhtml\" is_player_var=\"false\" has_entity=\"false\"></mutation><field name=\"VAR\">local:file2</field><value name=\"text\"><block type=\"text_join\" inline=\"true\"><mutation items=\"2\"></mutation><value name=\"ADD0\"><block type=\"text\"><field name=\"TEXT\">center_sizeX = </field></block></value><value name=\"ADD1\"><block type=\"text_format_number\"><value name=\"number\"><block type=\"math_singular_ops\"><field name=\"OP\">ABS</field><value name=\"NUM\"><block type=\"variables_get_number\"><mutation xmlns=\"http://www.w3.org/1999/xhtml\" is_player_var=\"false\" has_entity=\"false\"></mutation><field name=\"VAR\">local:posX_min</field></block></value></block></value><value name=\"format\"><block type=\"text\"><field name=\"TEXT\">##</field></block></value></block></value></block></value><value name=\"newLine\"><block type=\"logic_boolean\"><field name=\"BOOL\">TRUE</field></block></value></block></statement><value name=\"IF5\"><block type=\"text_starts_with\"><value name=\"text\"><block type=\"string_iterator\"></block></value><value name=\"starts\"><block type=\"text\"><field name=\"TEXT\">center_sizeY = </field></block></value></block></value><statement name=\"DO5\"><block type=\"write_line\"><mutation xmlns=\"http://www.w3.org/1999/xhtml\" is_player_var=\"false\" has_entity=\"false\"></mutation><field name=\"VAR\">local:file2</field><value name=\"text\"><block type=\"text_join\" inline=\"true\"><mutation items=\"2\"></mutation><value name=\"ADD0\"><block type=\"text\"><field name=\"TEXT\">center_sizeY = </field></block></value><value name=\"ADD1\"><block type=\"text_format_number\"><value name=\"number\"><block type=\"math_singular_ops\"><field name=\"OP\">ABS</field><value name=\"NUM\"><block type=\"variables_get_number\"><mutation xmlns=\"http://www.w3.org/1999/xhtml\" is_player_var=\"false\" has_entity=\"false\"></mutation><field name=\"VAR\">local:posY_min</field></block></value></block></value><value name=\"format\"><block type=\"text\"><field name=\"TEXT\">##</field></block></value></block></value></block></value><value name=\"newLine\"><block type=\"logic_boolean\"><field name=\"BOOL\">TRUE</field></block></value></block></statement><value name=\"IF6\"><block type=\"text_starts_with\"><value name=\"text\"><block type=\"string_iterator\"></block></value><value name=\"starts\"><block type=\"text\"><field name=\"TEXT\">center_sizeZ = </field></block></value></block></value><statement name=\"DO6\"><block type=\"write_line\"><mutation xmlns=\"http://www.w3.org/1999/xhtml\" is_player_var=\"false\" has_entity=\"false\"></mutation><field name=\"VAR\">local:file2</field><value name=\"text\"><block type=\"text_join\" inline=\"true\"><mutation items=\"2\"></mutation><value name=\"ADD0\"><block type=\"text\"><field name=\"TEXT\">center_sizeZ = </field></block></value><value name=\"ADD1\"><block type=\"text_format_number\"><value name=\"number\"><block type=\"math_singular_ops\"><field name=\"OP\">ABS</field><value name=\"NUM\"><block type=\"variables_get_number\"><mutation xmlns=\"http://www.w3.org/1999/xhtml\" is_player_var=\"false\" has_entity=\"false\"></mutation><field name=\"VAR\">local:posZ_min</field></block></value></block></value><value name=\"format\"><block type=\"text\"><field name=\"TEXT\">##</field></block></value></block></value></block></value><value name=\"newLine\"><block type=\"logic_boolean\"><field name=\"BOOL\">TRUE</field></block></value></block></statement><statement name=\"ELSE\"><block type=\"write_line\"><mutation xmlns=\"http://www.w3.org/1999/xhtml\" is_player_var=\"false\" has_entity=\"false\"></mutation><field name=\"VAR\">local:file2</field><value name=\"text\"><block type=\"string_iterator\"></block></value><value name=\"newLine\"><block type=\"logic_boolean\"><field name=\"BOOL\">TRUE</field></block></value></block></statement></block></statement></block></statement><next><block type=\"java_code\"><field name=\"CODE\">file.delete();</field></block></next></block></next></block></statement></block></next></block></next></block></statement></block></next></block></statement></block></next></block></next></block></xml>"
  }
}