{
  "_fv": 34,
  "_type": "tag",
  "definition": {
    "type": "Blocks",
    "items": [],
    "blocks": [
      {
        "value": "Blocks.AIR"
      },
      {
        "value": "Blocks.VOID_AIR"
      },
      {
        "value": "Blocks.CAVE_AIR"
      },
      {
        "value": "Blocks.LEAVES#0"
      },
      {
        "value": "Blocks.LEAVES#1"
      },
      {
        "value": "Blocks.LEAVES#2"
      },
      {
        "value": "Blocks.LEAVES#3"
      },
      {
        "value": "Blocks.LEAVES2"
      },
      {
        "value": "Blocks.LEAVES2#0"
      },
      {
        "value": "Blocks.LEAVES2#1"
      },
      {
        "value": "Blocks.TALLGRASS#1"
      },
      {
        "value": "Blocks.DOUBLE_PLANT#2"
      },
      {
        "value": "Blocks.FLOWING_WATER"
      },
      {
        "value": "Blocks.WATER"
      },
      {
        "value": "Blocks.FLOWING_LAVA"
      },
      {
        "value": "Blocks.LAVA"
      },
      {
        "value": "Blocks.DEADBUSH"
      },
      {
        "value": "Blocks.TALLGRASS#2"
      },
      {
        "value": "Blocks.YELLOW_FLOWER"
      },
      {
        "value": "Blocks.RED_FLOWER#0"
      },
      {
        "value": "Blocks.RED_FLOWER#1"
      },
      {
        "value": "Blocks.RED_FLOWER#2"
      },
      {
        "value": "Blocks.RED_FLOWER#3"
      },
      {
        "value": "Blocks.RED_FLOWER#4"
      },
      {
        "value": "Blocks.RED_FLOWER#5"
      },
      {
        "value": "Blocks.RED_FLOWER#6"
      },
      {
        "value": "Blocks.RED_FLOWER#7"
      },
      {
        "value": "Blocks.RED_FLOWER#8"
      },
      {
        "value": "Blocks.CORNFLOWER"
      },
      {
        "value": "Blocks.LILY_OF_THE_VALLEY"
      },
      {
        "value": "Blocks.WITHER_ROSE"
      },
      {
        "value": "Blocks.DOUBLE_PLANT#0"
      },
      {
        "value": "Blocks.DOUBLE_PLANT#1"
      },
      {
        "value": "Blocks.DOUBLE_PLANT#3"
      },
      {
        "value": "Blocks.DOUBLE_PLANT#4"
      },
      {
        "value": "Blocks.DOUBLE_PLANT#5"
      },
      {
        "value": "Blocks.BROWN_MUSHROOM"
      },
      {
        "value": "Blocks.RED_MUSHROOM"
      },
      {
        "value": "Blocks.WARPED_FUNGUS"
      },
      {
        "value": "Blocks.CRIMSON_FUNGUS"
      },
      {
        "value": "Blocks.FIRE"
      },
      {
        "value": "Blocks.SOUL_FIRE"
      },
      {
        "value": "Blocks.VINE"
      },
      {
        "value": "Blocks.SNOW_LAYER"
      }
    ],
    "functions": [],
    "entities": [],
    "biomes": [],
    "name": "air_blocks",
    "namespace": "minecraft"
  }
}