{
  "_fv": 34,
  "_type": "procedure",
  "definition": {
    "procedurexml": "<xml xmlns=\"https://developers.google.com/blockly/xml\"><variables><variable type=\"String\" id=\"id\">id</variable></variables><block type=\"event_trigger\" deletable=\"false\" x=\"40\" y=\"40\"><field name=\"trigger\">no_ext_trigger</field><next><block type=\"variables_set_string\"><mutation xmlns=\"http://www.w3.org/1999/xhtml\" is_player_var=\"false\" has_entity=\"false\"></mutation><field name=\"VAR\">local:id</field><value name=\"VAL\"><block type=\"variables_get_string\"><mutation xmlns=\"http://www.w3.org/1999/xhtml\" is_player_var=\"false\" has_entity=\"false\"></mutation><field name=\"VAR\">global:ally_list_auto1</field></block></value><next><block type=\"controls_repeat_ext\"><value name=\"TIMES\"><block type=\"math_number\"><field name=\"NUM\">5</field></block></value><statement name=\"DO\"><block type=\"controls_if\" collapsed=\"true\"><value name=\"IF0\"><block type=\"logic_boolean\"><field name=\"BOOL\">TRUE</field></block></value><statement name=\"DO0\"><block type=\"controls_if\"><value name=\"IF0\"><block type=\"logic_binary_ops\" inline=\"false\" collapsed=\"true\"><field name=\"OP\">OR</field><value name=\"A\"><block type=\"logic_binary_ops\" inline=\"false\"><field name=\"OP\">OR</field><value name=\"A\"><block type=\"text_binary_ops\"><value name=\"A\"><block type=\"variables_get_string\"><mutation xmlns=\"http://www.w3.org/1999/xhtml\" is_player_var=\"false\" has_entity=\"false\"></mutation><field name=\"VAR\">global:ally_list_chat</field></block></value><value name=\"B\"><block type=\"text\"><field name=\"TEXT\">User</field></block></value></block></value><value name=\"B\"><block type=\"text_binary_ops\"><value name=\"A\"><block type=\"variables_get_string\"><mutation xmlns=\"http://www.w3.org/1999/xhtml\" is_player_var=\"false\" has_entity=\"false\"></mutation><field name=\"VAR\">global:ally_list_chat</field></block></value><value name=\"B\"><block type=\"text\"><field name=\"TEXT\">User and Chosen</field></block></value></block></value></block></value><value name=\"B\"><block type=\"logic_binary_ops\" inline=\"false\"><field name=\"OP\">OR</field><value name=\"A\"><block type=\"text_binary_ops\"><value name=\"A\"><block type=\"variables_get_string\"><mutation xmlns=\"http://www.w3.org/1999/xhtml\" is_player_var=\"false\" has_entity=\"false\"></mutation><field name=\"VAR\">global:ally_list_chat</field></block></value><value name=\"B\"><block type=\"text\"><field name=\"TEXT\">User and Ally</field></block></value></block></value><value name=\"B\"><block type=\"text_binary_ops\"><value name=\"A\"><block type=\"variables_get_string\"><mutation xmlns=\"http://www.w3.org/1999/xhtml\" is_player_var=\"false\" has_entity=\"false\"></mutation><field name=\"VAR\">global:ally_list_chat</field></block></value><value name=\"B\"><block type=\"text\"><field name=\"TEXT\">User, Chosen and Ally</field></block></value></block></value></block></value></block></value><statement name=\"DO0\"><block type=\"execute_command\"><value name=\"command\"><block type=\"text_join\"><mutation items=\"5\"></mutation><value name=\"ADD0\"><block type=\"text\"><field name=\"TEXT\">execute if entity </field></block></value><value name=\"ADD1\"><block type=\"text_join\" collapsed=\"true\"><mutation items=\"3\"></mutation><value name=\"ADD0\"><block type=\"text\"><field name=\"TEXT\">@e[type=</field></block></value><value name=\"ADD1\"><block type=\"variables_get_string\"><mutation xmlns=\"http://www.w3.org/1999/xhtml\" is_player_var=\"false\" has_entity=\"false\"></mutation><field name=\"VAR\">local:id</field></block></value><value name=\"ADD2\"><block type=\"text\"><field name=\"TEXT\">,tag=!LOTW-ally]</field></block></value></block></value><value name=\"ADD2\"><block type=\"text\"><field name=\"TEXT\"> run tellraw @p[tag=LOTW-user] [\"\",{\"text\":\"Added \",\"color\":\"dark_green\"},{\"text\":\"\",\"color\":\"gray\",\"extra\":[{\"selector\":\"</field></block></value><value name=\"ADD3\"><block type=\"text_join\" collapsed=\"true\"><mutation items=\"3\"></mutation><value name=\"ADD0\"><block type=\"text\"><field name=\"TEXT\">@e[type=</field></block></value><value name=\"ADD1\"><block type=\"variables_get_string\"><mutation xmlns=\"http://www.w3.org/1999/xhtml\" is_player_var=\"false\" has_entity=\"false\"></mutation><field name=\"VAR\">local:id</field></block></value><value name=\"ADD2\"><block type=\"text\"><field name=\"TEXT\">,tag=!LOTW-ally]</field></block></value></block></value><value name=\"ADD4\"><block type=\"text\"><field name=\"TEXT\">\"}]},{\"text\":\" to lantern ally list\",\"color\":\"dark_green\"}]</field></block></value></block></value><value name=\"x\"><block type=\"coord_x\"></block></value><value name=\"y\"><block type=\"coord_y\"></block></value><value name=\"z\"><block type=\"coord_z\"></block></value></block></statement><next><block type=\"controls_if\"><value name=\"IF0\"><block type=\"logic_binary_ops\" inline=\"false\" collapsed=\"true\"><field name=\"OP\">OR</field><value name=\"A\"><block type=\"logic_binary_ops\" inline=\"false\"><field name=\"OP\">OR</field><value name=\"A\"><block type=\"text_binary_ops\"><value name=\"A\"><block type=\"variables_get_string\"><mutation xmlns=\"http://www.w3.org/1999/xhtml\" is_player_var=\"false\" has_entity=\"false\"></mutation><field name=\"VAR\">global:ally_list_chat</field></block></value><value name=\"B\"><block type=\"text\"><field name=\"TEXT\">Ally</field></block></value></block></value><value name=\"B\"><block type=\"text_binary_ops\"><value name=\"A\"><block type=\"variables_get_string\"><mutation xmlns=\"http://www.w3.org/1999/xhtml\" is_player_var=\"false\" has_entity=\"false\"></mutation><field name=\"VAR\">global:ally_list_chat</field></block></value><value name=\"B\"><block type=\"text\"><field name=\"TEXT\">User and Ally</field></block></value></block></value></block></value><value name=\"B\"><block type=\"logic_binary_ops\" inline=\"false\"><field name=\"OP\">OR</field><value name=\"A\"><block type=\"text_binary_ops\"><value name=\"A\"><block type=\"variables_get_string\"><mutation xmlns=\"http://www.w3.org/1999/xhtml\" is_player_var=\"false\" has_entity=\"false\"></mutation><field name=\"VAR\">global:ally_list_chat</field></block></value><value name=\"B\"><block type=\"text\"><field name=\"TEXT\">Chosen and Ally</field></block></value></block></value><value name=\"B\"><block type=\"text_binary_ops\"><value name=\"A\"><block type=\"variables_get_string\"><mutation xmlns=\"http://www.w3.org/1999/xhtml\" is_player_var=\"false\" has_entity=\"false\"></mutation><field name=\"VAR\">global:ally_list_chat</field></block></value><value name=\"B\"><block type=\"text\"><field name=\"TEXT\">User, Chosen and Ally</field></block></value></block></value></block></value></block></value><statement name=\"DO0\"><block type=\"execute_command\"><value name=\"command\"><block type=\"text_join\"><mutation items=\"7\"></mutation><value name=\"ADD0\"><block type=\"text\"><field name=\"TEXT\">execute if entity </field></block></value><value name=\"ADD1\"><block type=\"text_join\" collapsed=\"true\"><mutation items=\"3\"></mutation><value name=\"ADD0\"><block type=\"text\"><field name=\"TEXT\">@e[type=</field></block></value><value name=\"ADD1\"><block type=\"variables_get_string\"><mutation xmlns=\"http://www.w3.org/1999/xhtml\" is_player_var=\"false\" has_entity=\"false\"></mutation><field name=\"VAR\">local:id</field></block></value><value name=\"ADD2\"><block type=\"text\"><field name=\"TEXT\">,tag=!LOTW-ally]</field></block></value></block></value><value name=\"ADD2\"><block type=\"text\"><field name=\"TEXT\"> run tellraw </field></block></value><value name=\"ADD3\"><block type=\"text\"><field name=\"TEXT\">@a[tag=LOTW-ally,tag=!LOTW-user]</field></block></value><value name=\"ADD4\"><block type=\"text\"><field name=\"TEXT\"> [\"\",{\"text\":\"\",\"color\":\"dark_green\",\"extra\":[{\"selector\":\"@p[tag=LOTW-user]\"}]},{\"text\":\" added \",\"color\":\"dark_green\"},{\"text\":\"\",\"color\":\"gray\",\"extra\":[{\"selector\":\"</field></block></value><value name=\"ADD5\"><block type=\"text_join\" collapsed=\"true\"><mutation items=\"3\"></mutation><value name=\"ADD0\"><block type=\"text\"><field name=\"TEXT\">@e[type=</field></block></value><value name=\"ADD1\"><block type=\"variables_get_string\"><mutation xmlns=\"http://www.w3.org/1999/xhtml\" is_player_var=\"false\" has_entity=\"false\"></mutation><field name=\"VAR\">local:id</field></block></value><value name=\"ADD2\"><block type=\"text\"><field name=\"TEXT\">,tag=!LOTW-ally]</field></block></value></block></value><value name=\"ADD6\"><block type=\"text\"><field name=\"TEXT\">\"}]},{\"text\":\" to lantern ally list\",\"color\":\"dark_green\"}]</field></block></value></block></value><value name=\"x\"><block type=\"coord_x\"></block></value><value name=\"y\"><block type=\"coord_y\"></block></value><value name=\"z\"><block type=\"coord_z\"></block></value></block></statement><next><block type=\"controls_if\"><value name=\"IF0\"><block type=\"logic_binary_ops\" inline=\"false\" collapsed=\"true\"><field name=\"OP\">OR</field><value name=\"A\"><block type=\"logic_binary_ops\" inline=\"false\"><field name=\"OP\">OR</field><value name=\"A\"><block type=\"text_binary_ops\"><value name=\"A\"><block type=\"variables_get_string\"><mutation xmlns=\"http://www.w3.org/1999/xhtml\" is_player_var=\"false\" has_entity=\"false\"></mutation><field name=\"VAR\">global:ally_list_chat</field></block></value><value name=\"B\"><block type=\"text\"><field name=\"TEXT\">Chosen</field></block></value></block></value><value name=\"B\"><block type=\"text_binary_ops\"><value name=\"A\"><block type=\"variables_get_string\"><mutation xmlns=\"http://www.w3.org/1999/xhtml\" is_player_var=\"false\" has_entity=\"false\"></mutation><field name=\"VAR\">global:ally_list_chat</field></block></value><value name=\"B\"><block type=\"text\"><field name=\"TEXT\">User and Chosen</field></block></value></block></value></block></value><value name=\"B\"><block type=\"logic_binary_ops\" inline=\"false\"><field name=\"OP\">OR</field><value name=\"A\"><block type=\"text_binary_ops\"><value name=\"A\"><block type=\"variables_get_string\"><mutation xmlns=\"http://www.w3.org/1999/xhtml\" is_player_var=\"false\" has_entity=\"false\"></mutation><field name=\"VAR\">global:ally_list_chat</field></block></value><value name=\"B\"><block type=\"text\"><field name=\"TEXT\">Chosen and Ally</field></block></value></block></value><value name=\"B\"><block type=\"text_binary_ops\"><value name=\"A\"><block type=\"variables_get_string\"><mutation xmlns=\"http://www.w3.org/1999/xhtml\" is_player_var=\"false\" has_entity=\"false\"></mutation><field name=\"VAR\">global:ally_list_chat</field></block></value><value name=\"B\"><block type=\"text\"><field name=\"TEXT\">User, Chosen and Ally</field></block></value></block></value></block></value></block></value><statement name=\"DO0\"><block type=\"execute_command\"><value name=\"command\"><block type=\"text_join\"><mutation items=\"5\"></mutation><value name=\"ADD0\"><block type=\"text\"><field name=\"TEXT\">execute if entity </field></block></value><value name=\"ADD1\"><block type=\"text_join\" collapsed=\"true\"><mutation items=\"3\"></mutation><value name=\"ADD0\"><block type=\"text\"><field name=\"TEXT\">@e[type=</field></block></value><value name=\"ADD1\"><block type=\"variables_get_string\"><mutation xmlns=\"http://www.w3.org/1999/xhtml\" is_player_var=\"false\" has_entity=\"false\"></mutation><field name=\"VAR\">local:id</field></block></value><value name=\"ADD2\"><block type=\"text\"><field name=\"TEXT\">,tag=!LOTW-ally]</field></block></value></block></value><value name=\"ADD2\"><block type=\"text\"><field name=\"TEXT\"> run tellraw </field></block></value><value name=\"ADD3\"><block type=\"text_join\" collapsed=\"true\"><mutation items=\"3\"></mutation><value name=\"ADD0\"><block type=\"text\"><field name=\"TEXT\">@e[type=</field></block></value><value name=\"ADD1\"><block type=\"variables_get_string\"><mutation xmlns=\"http://www.w3.org/1999/xhtml\" is_player_var=\"false\" has_entity=\"false\"></mutation><field name=\"VAR\">local:id</field></block></value><value name=\"ADD2\"><block type=\"text\"><field name=\"TEXT\">,tag=!LOTW-ally]</field></block></value></block></value><value name=\"ADD4\"><block type=\"text\"><field name=\"TEXT\"> [\"\",{\"text\":\"\",\"color\":\"dark_green\",\"extra\":[{\"selector\":\"@p[tag=LOTW-user]\"}]},{\"text\":\" added you to lantern ally list\",\"color\":\"dark_green\"}]</field></block></value></block></value><value name=\"x\"><block type=\"coord_x\"></block></value><value name=\"y\"><block type=\"coord_y\"></block></value><value name=\"z\"><block type=\"coord_z\"></block></value></block></statement><next><block type=\"execute_command\"><value name=\"command\"><block type=\"text_join\"><mutation items=\"5\"></mutation><value name=\"ADD0\"><block type=\"text\"><field name=\"TEXT\">execute if entity </field></block></value><value name=\"ADD1\"><block type=\"text_join\" collapsed=\"true\"><mutation items=\"3\"></mutation><value name=\"ADD0\"><block type=\"text\"><field name=\"TEXT\">@e[type=</field></block></value><value name=\"ADD1\"><block type=\"variables_get_string\"><mutation xmlns=\"http://www.w3.org/1999/xhtml\" is_player_var=\"false\" has_entity=\"false\"></mutation><field name=\"VAR\">local:id</field></block></value><value name=\"ADD2\"><block type=\"text\"><field name=\"TEXT\">,tag=!LOTW-ally]</field></block></value></block></value><value name=\"ADD2\"><block type=\"text\"><field name=\"TEXT\"> run effect give </field></block></value><value name=\"ADD3\"><block type=\"text_join\" collapsed=\"true\"><mutation items=\"3\"></mutation><value name=\"ADD0\"><block type=\"text\"><field name=\"TEXT\">@e[type=</field></block></value><value name=\"ADD1\"><block type=\"variables_get_string\"><mutation xmlns=\"http://www.w3.org/1999/xhtml\" is_player_var=\"false\" has_entity=\"false\"></mutation><field name=\"VAR\">local:id</field></block></value><value name=\"ADD2\"><block type=\"text\"><field name=\"TEXT\">,tag=!LOTW-ally]</field></block></value></block></value><value name=\"ADD4\"><block type=\"text\"><field name=\"TEXT\"> glowing 5 1 true</field></block></value></block></value><value name=\"x\"><block type=\"coord_x\"></block></value><value name=\"y\"><block type=\"coord_y\"></block></value><value name=\"z\"><block type=\"coord_z\"></block></value><next><block type=\"execute_command\"><value name=\"command\"><block type=\"text_join\"><mutation items=\"5\"></mutation><value name=\"ADD0\"><block type=\"text\"><field name=\"TEXT\">execute if entity </field></block></value><value name=\"ADD1\"><block type=\"text_join\" collapsed=\"true\"><mutation items=\"3\"></mutation><value name=\"ADD0\"><block type=\"text\"><field name=\"TEXT\">@e[type=</field></block></value><value name=\"ADD1\"><block type=\"variables_get_string\"><mutation xmlns=\"http://www.w3.org/1999/xhtml\" is_player_var=\"false\" has_entity=\"false\"></mutation><field name=\"VAR\">local:id</field></block></value><value name=\"ADD2\"><block type=\"text\"><field name=\"TEXT\">,tag=!LOTW-ally]</field></block></value></block></value><value name=\"ADD2\"><block type=\"text\"><field name=\"TEXT\"> run tag </field></block></value><value name=\"ADD3\"><block type=\"text_join\" collapsed=\"true\"><mutation items=\"3\"></mutation><value name=\"ADD0\"><block type=\"text\"><field name=\"TEXT\">@e[type=</field></block></value><value name=\"ADD1\"><block type=\"variables_get_string\"><mutation xmlns=\"http://www.w3.org/1999/xhtml\" is_player_var=\"false\" has_entity=\"false\"></mutation><field name=\"VAR\">local:id</field></block></value><value name=\"ADD2\"><block type=\"text\"><field name=\"TEXT\">,tag=!LOTW-ally]</field></block></value></block></value><value name=\"ADD4\"><block type=\"text\"><field name=\"TEXT\"> add LOTW-ally</field></block></value></block></value><value name=\"x\"><block type=\"coord_x\"></block></value><value name=\"y\"><block type=\"coord_y\"></block></value><value name=\"z\"><block type=\"coord_z\"></block></value></block></next></block></next></block></next></block></next></block></statement><next><block type=\"controls_if\"><mutation elseif=\"2\" else=\"1\"></mutation><value name=\"IF0\"><block type=\"text_binary_ops\"><value name=\"A\"><block type=\"variables_get_string\"><mutation xmlns=\"http://www.w3.org/1999/xhtml\" is_player_var=\"false\" has_entity=\"false\"></mutation><field name=\"VAR\">local:id</field></block></value><value name=\"B\"><block type=\"variables_get_string\"><mutation xmlns=\"http://www.w3.org/1999/xhtml\" is_player_var=\"false\" has_entity=\"false\"></mutation><field name=\"VAR\">global:ally_list_auto1</field></block></value></block></value><statement name=\"DO0\"><block type=\"variables_set_string\"><mutation xmlns=\"http://www.w3.org/1999/xhtml\" is_player_var=\"false\" has_entity=\"false\"></mutation><field name=\"VAR\">local:id</field><value name=\"VAL\"><block type=\"variables_get_string\"><mutation xmlns=\"http://www.w3.org/1999/xhtml\" is_player_var=\"false\" has_entity=\"false\"></mutation><field name=\"VAR\">global:ally_list_auto2</field></block></value></block></statement><value name=\"IF1\"><block type=\"text_binary_ops\"><value name=\"A\"><block type=\"variables_get_string\"><mutation xmlns=\"http://www.w3.org/1999/xhtml\" is_player_var=\"false\" has_entity=\"false\"></mutation><field name=\"VAR\">local:id</field></block></value><value name=\"B\"><block type=\"variables_get_string\"><mutation xmlns=\"http://www.w3.org/1999/xhtml\" is_player_var=\"false\" has_entity=\"false\"></mutation><field name=\"VAR\">global:ally_list_auto2</field></block></value></block></value><statement name=\"DO1\"><block type=\"variables_set_string\"><mutation xmlns=\"http://www.w3.org/1999/xhtml\" is_player_var=\"false\" has_entity=\"false\"></mutation><field name=\"VAR\">local:id</field><value name=\"VAL\"><block type=\"variables_get_string\"><mutation xmlns=\"http://www.w3.org/1999/xhtml\" is_player_var=\"false\" has_entity=\"false\"></mutation><field name=\"VAR\">global:ally_list_auto3</field></block></value></block></statement><value name=\"IF2\"><block type=\"text_binary_ops\"><value name=\"A\"><block type=\"variables_get_string\"><mutation xmlns=\"http://www.w3.org/1999/xhtml\" is_player_var=\"false\" has_entity=\"false\"></mutation><field name=\"VAR\">local:id</field></block></value><value name=\"B\"><block type=\"variables_get_string\"><mutation xmlns=\"http://www.w3.org/1999/xhtml\" is_player_var=\"false\" has_entity=\"false\"></mutation><field name=\"VAR\">global:ally_list_auto3</field></block></value></block></value><statement name=\"DO2\"><block type=\"variables_set_string\"><mutation xmlns=\"http://www.w3.org/1999/xhtml\" is_player_var=\"false\" has_entity=\"false\"></mutation><field name=\"VAR\">local:id</field><value name=\"VAL\"><block type=\"variables_get_string\"><mutation xmlns=\"http://www.w3.org/1999/xhtml\" is_player_var=\"false\" has_entity=\"false\"></mutation><field name=\"VAR\">global:ally_list_auto4</field></block></value></block></statement><statement name=\"ELSE\"><block type=\"variables_set_string\"><mutation xmlns=\"http://www.w3.org/1999/xhtml\" is_player_var=\"false\" has_entity=\"false\"></mutation><field name=\"VAR\">local:id</field><value name=\"VAL\"><block type=\"variables_get_string\"><mutation xmlns=\"http://www.w3.org/1999/xhtml\" is_player_var=\"false\" has_entity=\"false\"></mutation><field name=\"VAR\">global:ally_list_auto5</field></block></value></block></statement></block></next></block></statement><next><block type=\"controls_if\"><value name=\"IF0\"><block type=\"math_binary_ops\"><field name=\"OP\">GT</field><value name=\"A\"><block type=\"world_data_number_players_server\"></block></value><value name=\"B\"><block type=\"math_number\"><field name=\"NUM\">0</field></block></value></block></value><statement name=\"DO0\"><block type=\"wait\"><value name=\"ticks\"><block type=\"math_number\"><field name=\"NUM\">1200</field></block></value><statement name=\"do\"><block type=\"call_procedure\"><field name=\"procedure\">AllyListAutoLoop</field></block></statement></block></statement></block></next></block></next></block></next></block></xml>"
  }
}