{
  "_fv": 34,
  "_type": "gui",
  "definition": {
    "type": 1,
    "width": 194,
    "height": 203,
    "inventoryOffsetX": 8,
    "inventoryOffsetY": -17,
    "renderBgLayer": true,
    "doesPauseGame": false,
    "components": [
      {
        "type": "inputslot",
        "data": {
          "inputLimit": {
            "value": ""
          },
          "color": {
            "value": -11310785,
            "falpha": 0.0
          },
          "id": 1,
          "disableStackInteraction": false,
          "dropItemsWhenNotBound": false,
          "name": "Slot #1",
          "x": 123,
          "y": 26
        }
      },
      {
        "type": "inputslot",
        "data": {
          "inputLimit": {
            "value": ""
          },
          "color": {
            "value": -11310785,
            "falpha": 0.0
          },
          "id": 2,
          "disableStackInteraction": false,
          "dropItemsWhenNotBound": false,
          "name": "Slot #2",
          "x": 141,
          "y": 26
        }
      },
      {
        "type": "inputslot",
        "data": {
          "inputLimit": {
            "value": ""
          },
          "color": {
            "value": -11310785,
            "falpha": 0.0
          },
          "id": 3,
          "disableStackInteraction": false,
          "dropItemsWhenNotBound": false,
          "name": "Slot #3",
          "x": 159,
          "y": 26
        }
      },
      {
        "type": "inputslot",
        "data": {
          "inputLimit": {
            "value": ""
          },
          "color": {
            "value": -11310785,
            "falpha": 0.0
          },
          "id": 4,
          "disableStackInteraction": false,
          "dropItemsWhenNotBound": false,
          "name": "Slot #4",
          "x": 177,
          "y": 26
        }
      },
      {
        "type": "inputslot",
        "data": {
          "inputLimit": {
            "value": ""
          },
          "color": {
            "value": -11310785,
            "falpha": 0.0
          },
          "id": 5,
          "disableStackInteraction": false,
          "dropItemsWhenNotBound": false,
          "name": "Slot #5",
          "x": 195,
          "y": 26
        }
      },
      {
        "type": "inputslot",
        "data": {
          "inputLimit": {
            "value": ""
          },
          "color": {
            "value": -11310785,
            "falpha": 0.0
          },
          "id": 6,
          "disableStackInteraction": false,
          "dropItemsWhenNotBound": false,
          "name": "Slot #6",
          "x": 213,
          "y": 26
        }
      },
      {
        "type": "inputslot",
        "data": {
          "inputLimit": {
            "value": ""
          },
          "color": {
            "value": -11310785,
            "falpha": 0.0
          },
          "id": 7,
          "disableStackInteraction": false,
          "dropItemsWhenNotBound": false,
          "name": "Slot #7",
          "x": 231,
          "y": 26
        }
      },
      {
        "type": "inputslot",
        "data": {
          "inputLimit": {
            "value": ""
          },
          "color": {
            "value": -11310785,
            "falpha": 0.0
          },
          "id": 8,
          "disableStackInteraction": false,
          "dropItemsWhenNotBound": false,
          "name": "Slot #8",
          "x": 249,
          "y": 26
        }
      },
      {
        "type": "inputslot",
        "data": {
          "inputLimit": {
            "value": ""
          },
          "color": {
            "value": -11310785,
            "falpha": 0.0
          },
          "id": 9,
          "disableStackInteraction": false,
          "dropItemsWhenNotBound": false,
          "name": "Slot #9",
          "x": 267,
          "y": 26
        }
      },
      {
        "type": "inputslot",
        "data": {
          "inputLimit": {
            "value": ""
          },
          "color": {
            "value": -11310785,
            "falpha": 0.0
          },
          "id": 10,
          "disableStackInteraction": false,
          "dropItemsWhenNotBound": false,
          "name": "Slot #10",
          "x": 285,
          "y": 26
        }
      },
      {
        "type": "inputslot",
        "data": {
          "inputLimit": {
            "value": ""
          },
          "color": {
            "value": -11310785,
            "falpha": 0.0
          },
          "id": 11,
          "disableStackInteraction": false,
          "dropItemsWhenNotBound": false,
          "name": "Slot #11",
          "x": 123,
          "y": 44
        }
      },
      {
        "type": "inputslot",
        "data": {
          "inputLimit": {
            "value": ""
          },
          "color": {
            "value": -11310785,
            "falpha": 0.0
          },
          "id": 12,
          "disableStackInteraction": false,
          "dropItemsWhenNotBound": false,
          "name": "Slot #12",
          "x": 141,
          "y": 44
        }
      },
      {
        "type": "inputslot",
        "data": {
          "inputLimit": {
            "value": ""
          },
          "color": {
            "value": -11310785,
            "falpha": 0.0
          },
          "id": 13,
          "disableStackInteraction": false,
          "dropItemsWhenNotBound": false,
          "name": "Slot #13",
          "x": 159,
          "y": 44
        }
      },
      {
        "type": "inputslot",
        "data": {
          "inputLimit": {
            "value": ""
          },
          "color": {
            "value": -11310785,
            "falpha": 0.0
          },
          "id": 14,
          "disableStackInteraction": false,
          "dropItemsWhenNotBound": false,
          "name": "Slot #14",
          "x": 177,
          "y": 44
        }
      },
      {
        "type": "inputslot",
        "data": {
          "inputLimit": {
            "value": ""
          },
          "color": {
            "value": -11310785,
            "falpha": 0.0
          },
          "id": 15,
          "disableStackInteraction": false,
          "dropItemsWhenNotBound": false,
          "name": "Slot #15",
          "x": 195,
          "y": 44
        }
      },
      {
        "type": "inputslot",
        "data": {
          "inputLimit": {
            "value": ""
          },
          "color": {
            "value": -11310785,
            "falpha": 0.0
          },
          "id": 16,
          "disableStackInteraction": false,
          "dropItemsWhenNotBound": false,
          "name": "Slot #16",
          "x": 213,
          "y": 44
        }
      },
      {
        "type": "inputslot",
        "data": {
          "inputLimit": {
            "value": ""
          },
          "color": {
            "value": -11310785,
            "falpha": 0.0
          },
          "id": 17,
          "disableStackInteraction": false,
          "dropItemsWhenNotBound": false,
          "name": "Slot #17",
          "x": 231,
          "y": 44
        }
      },
      {
        "type": "inputslot",
        "data": {
          "inputLimit": {
            "value": ""
          },
          "color": {
            "value": -11310785,
            "falpha": 0.0
          },
          "id": 18,
          "disableStackInteraction": false,
          "dropItemsWhenNotBound": false,
          "name": "Slot #18",
          "x": 249,
          "y": 44
        }
      },
      {
        "type": "inputslot",
        "data": {
          "inputLimit": {
            "value": ""
          },
          "color": {
            "value": -11310785,
            "falpha": 0.0
          },
          "id": 19,
          "disableStackInteraction": false,
          "dropItemsWhenNotBound": false,
          "name": "Slot #19",
          "x": 267,
          "y": 44
        }
      },
      {
        "type": "inputslot",
        "data": {
          "inputLimit": {
            "value": ""
          },
          "color": {
            "value": -11310785,
            "falpha": 0.0
          },
          "id": 20,
          "disableStackInteraction": false,
          "dropItemsWhenNotBound": false,
          "name": "Slot #20",
          "x": 285,
          "y": 44
        }
      },
      {
        "type": "inputslot",
        "data": {
          "inputLimit": {
            "value": ""
          },
          "color": {
            "value": -11310785,
            "falpha": 0.0
          },
          "id": 21,
          "disableStackInteraction": false,
          "dropItemsWhenNotBound": false,
          "name": "Slot #21",
          "x": 123,
          "y": 62
        }
      },
      {
        "type": "inputslot",
        "data": {
          "inputLimit": {
            "value": ""
          },
          "color": {
            "value": -11310785,
            "falpha": 0.0
          },
          "id": 22,
          "disableStackInteraction": false,
          "dropItemsWhenNotBound": false,
          "name": "Slot #22",
          "x": 141,
          "y": 62
        }
      },
      {
        "type": "inputslot",
        "data": {
          "inputLimit": {
            "value": ""
          },
          "color": {
            "value": -11310785,
            "falpha": 0.0
          },
          "id": 23,
          "disableStackInteraction": false,
          "dropItemsWhenNotBound": false,
          "name": "Slot #23",
          "x": 159,
          "y": 62
        }
      },
      {
        "type": "inputslot",
        "data": {
          "inputLimit": {
            "value": ""
          },
          "color": {
            "value": -11310785,
            "falpha": 0.0
          },
          "id": 24,
          "disableStackInteraction": false,
          "dropItemsWhenNotBound": false,
          "name": "Slot #24",
          "x": 177,
          "y": 62
        }
      },
      {
        "type": "inputslot",
        "data": {
          "inputLimit": {
            "value": ""
          },
          "color": {
            "value": -11310785,
            "falpha": 0.0
          },
          "id": 25,
          "disableStackInteraction": false,
          "dropItemsWhenNotBound": false,
          "name": "Slot #25",
          "x": 195,
          "y": 62
        }
      },
      {
        "type": "inputslot",
        "data": {
          "inputLimit": {
            "value": ""
          },
          "color": {
            "value": -11310785,
            "falpha": 0.0
          },
          "id": 26,
          "disableStackInteraction": false,
          "dropItemsWhenNotBound": false,
          "name": "Slot #26",
          "x": 213,
          "y": 62
        }
      },
      {
        "type": "inputslot",
        "data": {
          "inputLimit": {
            "value": ""
          },
          "color": {
            "value": -11310785,
            "falpha": 0.0
          },
          "id": 27,
          "disableStackInteraction": false,
          "dropItemsWhenNotBound": false,
          "name": "Slot #27",
          "x": 231,
          "y": 62
        }
      },
      {
        "type": "inputslot",
        "data": {
          "inputLimit": {
            "value": ""
          },
          "color": {
            "value": -11310785,
            "falpha": 0.0
          },
          "id": 28,
          "disableStackInteraction": false,
          "dropItemsWhenNotBound": false,
          "name": "Slot #28",
          "x": 249,
          "y": 62
        }
      },
      {
        "type": "inputslot",
        "data": {
          "inputLimit": {
            "value": ""
          },
          "color": {
            "value": -11310785,
            "falpha": 0.0
          },
          "id": 29,
          "disableStackInteraction": false,
          "dropItemsWhenNotBound": false,
          "name": "Slot #29",
          "x": 267,
          "y": 62
        }
      },
      {
        "type": "inputslot",
        "data": {
          "inputLimit": {
            "value": ""
          },
          "color": {
            "value": -11310785,
            "falpha": 0.0
          },
          "id": 30,
          "disableStackInteraction": false,
          "dropItemsWhenNotBound": false,
          "name": "Slot #30",
          "x": 285,
          "y": 62
        }
      },
      {
        "type": "inputslot",
        "data": {
          "inputLimit": {
            "value": ""
          },
          "color": {
            "value": -11310785,
            "falpha": 0.0
          },
          "id": 31,
          "disableStackInteraction": false,
          "dropItemsWhenNotBound": false,
          "name": "Slot #31",
          "x": 123,
          "y": 80
        }
      },
      {
        "type": "inputslot",
        "data": {
          "inputLimit": {
            "value": ""
          },
          "color": {
            "value": -11310785,
            "falpha": 0.0
          },
          "id": 32,
          "disableStackInteraction": false,
          "dropItemsWhenNotBound": false,
          "name": "Slot #32",
          "x": 141,
          "y": 80
        }
      },
      {
        "type": "inputslot",
        "data": {
          "inputLimit": {
            "value": ""
          },
          "color": {
            "value": -11310785,
            "falpha": 0.0
          },
          "id": 33,
          "disableStackInteraction": false,
          "dropItemsWhenNotBound": false,
          "name": "Slot #33",
          "x": 159,
          "y": 80
        }
      },
      {
        "type": "inputslot",
        "data": {
          "inputLimit": {
            "value": ""
          },
          "color": {
            "value": -11310785,
            "falpha": 0.0
          },
          "id": 34,
          "disableStackInteraction": false,
          "dropItemsWhenNotBound": false,
          "name": "Slot #34",
          "x": 177,
          "y": 80
        }
      },
      {
        "type": "inputslot",
        "data": {
          "inputLimit": {
            "value": ""
          },
          "color": {
            "value": -11310785,
            "falpha": 0.0
          },
          "id": 35,
          "disableStackInteraction": false,
          "dropItemsWhenNotBound": false,
          "name": "Slot #35",
          "x": 195,
          "y": 80
        }
      },
      {
        "type": "inputslot",
        "data": {
          "inputLimit": {
            "value": ""
          },
          "color": {
            "value": -11310785,
            "falpha": 0.0
          },
          "id": 36,
          "disableStackInteraction": false,
          "dropItemsWhenNotBound": false,
          "name": "Slot #36",
          "x": 213,
          "y": 80
        }
      },
      {
        "type": "button",
        "data": {
          "text": "L",
          "onClick": {
            "name": "BagButtonLantern"
          },
          "displayCondition": {
            "name": "BagReturnPlaceTRUE"
          },
          "width": 8,
          "height": 20,
          "name": "L",
          "x": 310,
          "y": 180
        }
      },
      {
        "type": "button",
        "data": {
          "text": "X",
          "onClick": {
            "name": "BasicSpell13whenClose"
          },
          "width": 8,
          "height": 20,
          "name": "X",
          "x": 310,
          "y": 20
        }
      },
      {
        "type": "button",
        "data": {
          "text": "^",
          "onClick": {
            "name": "BagPickUp"
          },
          "displayCondition": {
            "name": "BagReturnPlaceTRUE"
          },
          "width": 8,
          "height": 20,
          "name": "^",
          "x": 310,
          "y": 40
        }
      },
      {
        "type": "label",
        "data": {
          "text": "<VAR:bag_lantern>",
          "color": {
            "value": -6710887,
            "falpha": 0.0
          },
          "displayCondition": {
            "name": "BagReturnPlaceTRUE"
          },
          "name": "<VAR:bag_lantern>",
          "x": 322,
          "y": 184
        }
      },
      {
        "type": "inputslot",
        "data": {
          "inputLimit": {
            "value": ""
          },
          "color": {
            "value": -11310785,
            "falpha": 0.0
          },
          "id": 37,
          "disableStackInteraction": false,
          "dropItemsWhenNotBound": false,
          "name": "Slot #37",
          "x": 231,
          "y": 80
        }
      },
      {
        "type": "inputslot",
        "data": {
          "inputLimit": {
            "value": ""
          },
          "color": {
            "value": -11310785,
            "falpha": 0.0
          },
          "id": 38,
          "disableStackInteraction": false,
          "dropItemsWhenNotBound": false,
          "name": "Slot #38",
          "x": 249,
          "y": 80
        }
      },
      {
        "type": "inputslot",
        "data": {
          "inputLimit": {
            "value": ""
          },
          "color": {
            "value": -11310785,
            "falpha": 0.0
          },
          "id": 39,
          "disableStackInteraction": false,
          "dropItemsWhenNotBound": false,
          "name": "Slot #39",
          "x": 267,
          "y": 80
        }
      },
      {
        "type": "inputslot",
        "data": {
          "inputLimit": {
            "value": ""
          },
          "color": {
            "value": -11310785,
            "falpha": 0.0
          },
          "id": 40,
          "disableStackInteraction": false,
          "dropItemsWhenNotBound": false,
          "name": "Slot #40",
          "x": 285,
          "y": 80
        }
      },
      {
        "type": "inputslot",
        "data": {
          "inputLimit": {
            "value": ""
          },
          "color": {
            "value": -11846614,
            "falpha": 0.0
          },
          "id": 41,
          "disableStackInteraction": false,
          "dropItemsWhenNotBound": false,
          "name": "Slot #41",
          "x": 141,
          "y": 179
        }
      },
      {
        "type": "inputslot",
        "data": {
          "inputLimit": {
            "value": ""
          },
          "color": {
            "value": -11846614,
            "falpha": 0.0
          },
          "id": 42,
          "disableStackInteraction": false,
          "dropItemsWhenNotBound": false,
          "name": "Slot #42",
          "x": 159,
          "y": 179
        }
      },
      {
        "type": "inputslot",
        "data": {
          "inputLimit": {
            "value": ""
          },
          "color": {
            "value": -11846614,
            "falpha": 0.0
          },
          "id": 43,
          "disableStackInteraction": false,
          "dropItemsWhenNotBound": false,
          "name": "Slot #43",
          "x": 177,
          "y": 179
        }
      },
      {
        "type": "inputslot",
        "data": {
          "inputLimit": {
            "value": ""
          },
          "color": {
            "value": -11846614,
            "falpha": 0.0
          },
          "id": 44,
          "disableStackInteraction": false,
          "dropItemsWhenNotBound": false,
          "name": "Slot #44",
          "x": 195,
          "y": 179
        }
      },
      {
        "type": "inputslot",
        "data": {
          "inputLimit": {
            "value": ""
          },
          "color": {
            "value": -11846614,
            "falpha": 0.0
          },
          "id": 45,
          "disableStackInteraction": false,
          "dropItemsWhenNotBound": false,
          "name": "Slot #45",
          "x": 213,
          "y": 179
        }
      },
      {
        "type": "inputslot",
        "data": {
          "inputLimit": {
            "value": ""
          },
          "color": {
            "value": -11846614,
            "falpha": 0.0
          },
          "id": 46,
          "disableStackInteraction": false,
          "dropItemsWhenNotBound": false,
          "name": "Slot #46",
          "x": 231,
          "y": 179
        }
      },
      {
        "type": "inputslot",
        "data": {
          "inputLimit": {
            "value": ""
          },
          "color": {
            "value": -11846614,
            "falpha": 0.0
          },
          "id": 47,
          "disableStackInteraction": false,
          "dropItemsWhenNotBound": false,
          "name": "Slot #47",
          "x": 249,
          "y": 179
        }
      },
      {
        "type": "inputslot",
        "data": {
          "inputLimit": {
            "value": ""
          },
          "color": {
            "value": -11846614,
            "falpha": 0.0
          },
          "id": 48,
          "disableStackInteraction": false,
          "dropItemsWhenNotBound": false,
          "name": "Slot #48",
          "x": 267,
          "y": 179
        }
      },
      {
        "type": "inputslot",
        "data": {
          "inputLimit": {
            "value": ""
          },
          "color": {
            "value": -11846614,
            "falpha": 0.0
          },
          "id": 49,
          "disableStackInteraction": false,
          "dropItemsWhenNotBound": false,
          "name": "Slot #49",
          "x": 285,
          "y": 179
        }
      },
      {
        "type": "inputslot",
        "data": {
          "inputLimit": {
            "value": ""
          },
          "color": {
            "value": -8426716,
            "falpha": 0.0
          },
          "id": 60,
          "disableStackInteraction": false,
          "dropItemsWhenNotBound": false,
          "name": "Slot #60",
          "x": 123,
          "y": 121
        }
      },
      {
        "type": "inputslot",
        "data": {
          "inputLimit": {
            "value": ""
          },
          "color": {
            "value": -8426716,
            "falpha": 0.0
          },
          "id": 61,
          "disableStackInteraction": false,
          "dropItemsWhenNotBound": false,
          "name": "Slot #61",
          "x": 123,
          "y": 139
        }
      },
      {
        "type": "inputslot",
        "data": {
          "inputLimit": {
            "value": ""
          },
          "color": {
            "value": -5882521,
            "falpha": 0.0
          },
          "id": 62,
          "disableStackInteraction": false,
          "dropItemsWhenNotBound": false,
          "name": "Slot #62",
          "x": 123,
          "y": 161
        }
      },
      {
        "type": "inputslot",
        "data": {
          "inputLimit": {
            "value": ""
          },
          "color": {
            "value": -12435872,
            "falpha": 0.0
          },
          "id": 63,
          "disableStackInteraction": false,
          "dropItemsWhenNotBound": false,
          "name": "Slot #63",
          "x": 123,
          "y": 179
        }
      },
      {
        "type": "inputslot",
        "data": {
          "inputLimit": {
            "value": ""
          },
          "color": {
            "value": -12435872,
            "falpha": 0.0
          },
          "id": 64,
          "disableStackInteraction": false,
          "dropItemsWhenNotBound": false,
          "name": "Slot #64",
          "x": 123,
          "y": 197
        }
      },
      {
        "type": "inputslot",
        "data": {
          "inputLimit": {
            "value": ""
          },
          "color": {
            "value": -11846614,
            "falpha": 0.0
          },
          "id": 55,
          "disableStackInteraction": false,
          "dropItemsWhenNotBound": false,
          "name": "Slot #55",
          "x": 231,
          "y": 197
        }
      },
      {
        "type": "inputslot",
        "data": {
          "inputLimit": {
            "value": ""
          },
          "color": {
            "value": -11846614,
            "falpha": 0.0
          },
          "id": 56,
          "disableStackInteraction": false,
          "dropItemsWhenNotBound": false,
          "name": "Slot #56",
          "x": 249,
          "y": 197
        }
      },
      {
        "type": "inputslot",
        "data": {
          "inputLimit": {
            "value": ""
          },
          "color": {
            "value": -11846614,
            "falpha": 0.0
          },
          "id": 52,
          "disableStackInteraction": false,
          "dropItemsWhenNotBound": false,
          "name": "Slot #52",
          "x": 177,
          "y": 197
        }
      },
      {
        "type": "inputslot",
        "data": {
          "inputLimit": {
            "value": ""
          },
          "color": {
            "value": -11846614,
            "falpha": 0.0
          },
          "id": 53,
          "disableStackInteraction": false,
          "dropItemsWhenNotBound": false,
          "name": "Slot #53",
          "x": 195,
          "y": 197
        }
      },
      {
        "type": "inputslot",
        "data": {
          "inputLimit": {
            "value": ""
          },
          "color": {
            "value": -11846614,
            "falpha": 0.0
          },
          "id": 51,
          "disableStackInteraction": false,
          "dropItemsWhenNotBound": false,
          "name": "Slot #51",
          "x": 159,
          "y": 197
        }
      },
      {
        "type": "inputslot",
        "data": {
          "inputLimit": {
            "value": ""
          },
          "color": {
            "value": -11846614,
            "falpha": 0.0
          },
          "id": 50,
          "disableStackInteraction": false,
          "dropItemsWhenNotBound": false,
          "name": "Slot #50",
          "x": 141,
          "y": 197
        }
      },
      {
        "type": "inputslot",
        "data": {
          "inputLimit": {
            "value": ""
          },
          "color": {
            "value": -11846614,
            "falpha": 0.0
          },
          "id": 58,
          "disableStackInteraction": false,
          "dropItemsWhenNotBound": false,
          "name": "Slot #58",
          "x": 285,
          "y": 197
        }
      },
      {
        "type": "inputslot",
        "data": {
          "inputLimit": {
            "value": ""
          },
          "color": {
            "value": -11846614,
            "falpha": 0.0
          },
          "id": 54,
          "disableStackInteraction": false,
          "dropItemsWhenNotBound": false,
          "name": "Slot #54",
          "x": 213,
          "y": 197
        }
      },
      {
        "type": "inputslot",
        "data": {
          "inputLimit": {
            "value": ""
          },
          "color": {
            "value": -11846614,
            "falpha": 0.0
          },
          "id": 57,
          "disableStackInteraction": false,
          "dropItemsWhenNotBound": false,
          "name": "Slot #57",
          "x": 267,
          "y": 197
        }
      },
      {
        "type": "inputslot",
        "data": {
          "inputLimit": {
            "value": ""
          },
          "color": {
            "value": -8426716,
            "falpha": 0.0
          },
          "id": 59,
          "disableStackInteraction": false,
          "dropItemsWhenNotBound": false,
          "name": "Slot #59",
          "x": 123,
          "y": 103
        }
      },
      {
        "type": "button",
        "data": {
          "text": "C",
          "onClick": {
            "name": "BagButtonWhoChatBubble"
          },
          "width": 8,
          "height": 20,
          "name": "C",
          "x": 310,
          "y": 200
        }
      },
      {
        "type": "label",
        "data": {
          "text": "<VAR:who_can_see_plant_chat_bubble>",
          "color": {
            "value": -6710887,
            "falpha": 0.0
          },
          "name": "<VAR:who_can_see_plant_chat_bubble>",
          "x": 322,
          "y": 204
        }
      }
    ],
    "onOpen": {
      "name": "BasicSpell13whenClick"
    },
    "gridSettings": {
      "sx": 8,
      "sy": 8,
      "ox": 11,
      "oy": 15,
      "snapOnGrid": true
    }
  }
}