{
  "_fv": 34,
  "_type": "procedure",
  "definition": {
    "procedurexml": "<xml xmlns=\"https://developers.google.com/blockly/xml\"><block type=\"event_trigger\" deletable=\"false\" x=\"40\" y=\"40\"><field name=\"trigger\">no_ext_trigger</field><next><block type=\"controls_if\"><value name=\"IF0\"><block type=\"logic_binary_ops\" inline=\"false\"><field name=\"OP\">AND</field><value name=\"A\"><block type=\"compare_mcitems\"><value name=\"a\"><block type=\"entity_iteminhand\"><value name=\"entity\"><block type=\"entity_from_deps\"></block></value></block></value><value name=\"b\"><block type=\"mcitem_all\"><field name=\"value\">CUSTOM:Bag</field></block></value></block></value><value name=\"B\"><block type=\"logic_binary_ops\" inline=\"false\"><field name=\"OP\">AND</field><value name=\"A\"><block type=\"logic_binary_ops\"><field name=\"OP\">EQ</field><value name=\"A\"><block type=\"entity_issneaking\"><value name=\"entity\"><block type=\"entity_from_deps\"></block></value></block></value><value name=\"B\"><block type=\"logic_boolean\"><field name=\"BOOL\">TRUE</field></block></value></block></value><value name=\"B\"><block type=\"block_is_tagged_in\"><value name=\"a\"><block type=\"world_data_blockat\"><value name=\"x\"><block type=\"coord_x\"></block></value><value name=\"y\"><block type=\"math_dual_ops\"><field name=\"OP\">ADD</field><value name=\"A\"><block type=\"coord_y\"></block></value><value name=\"B\"><block type=\"math_number\"><field name=\"NUM\">1</field></block></value></block></value><value name=\"z\"><block type=\"coord_z\"></block></value></block></value><value name=\"b\"><block type=\"text\"><field name=\"TEXT\">minecraft:air_blocks</field></block></value></block></value></block></value></block></value><statement name=\"DO0\"><block type=\"block_add\"><value name=\"block\"><block type=\"mcitem_allblocks\"><field name=\"value\">CUSTOM:BagBlock</field></block></value><value name=\"x\"><block type=\"coord_x\"></block></value><value name=\"y\"><block type=\"math_dual_ops\"><field name=\"OP\">ADD</field><value name=\"A\"><block type=\"coord_y\"></block></value><value name=\"B\"><block type=\"math_number\"><field name=\"NUM\">1</field></block></value></block></value><value name=\"z\"><block type=\"coord_z\"></block></value><next><block type=\"controls_if\" collapsed=\"true\"><mutation elseif=\"3\"></mutation><value name=\"IF0\"><block type=\"compare_directions\"><value name=\"a\"><block type=\"entity_direction_value\"><value name=\"entity\"><block type=\"entity_from_deps\"></block></value></block></value><value name=\"b\"><block type=\"direction_constant\"><field name=\"direction\">NORTH</field></block></value></block></value><statement name=\"DO0\"><block type=\"block_set_direction\"><value name=\"x\"><block type=\"coord_x\"></block></value><value name=\"y\"><block type=\"math_dual_ops\"><field name=\"OP\">ADD</field><value name=\"A\"><block type=\"coord_y\"></block></value><value name=\"B\"><block type=\"math_number\"><field name=\"NUM\">1</field></block></value></block></value><value name=\"z\"><block type=\"coord_z\"></block></value><value name=\"direction\"><block type=\"direction_constant\"><field name=\"direction\">SOUTH</field></block></value><next><block type=\"execute_command\"><value name=\"command\"><block type=\"text\"><field name=\"TEXT\">summon armor_stand ~0.5 ~1 ~0.5 {Tags:[\"LOTW-ally\",\"LOTW-custom_planting\"],NoGravity:1b,Invisible:1b,Marker:1b,CustomName:'{\"text\":\"LOTW-custom_planting_bag\"}',Rotation:[180f]}</field></block></value><value name=\"x\"><block type=\"coord_x\"></block></value><value name=\"y\"><block type=\"coord_y\"></block></value><value name=\"z\"><block type=\"coord_z\"></block></value></block></next></block></statement><value name=\"IF1\"><block type=\"compare_directions\"><value name=\"a\"><block type=\"entity_direction_value\"><value name=\"entity\"><block type=\"entity_from_deps\"></block></value></block></value><value name=\"b\"><block type=\"direction_constant\"><field name=\"direction\">WEST</field></block></value></block></value><statement name=\"DO1\"><block type=\"block_set_direction\"><value name=\"x\"><block type=\"coord_x\"></block></value><value name=\"y\"><block type=\"math_dual_ops\"><field name=\"OP\">ADD</field><value name=\"A\"><block type=\"coord_y\"></block></value><value name=\"B\"><block type=\"math_number\"><field name=\"NUM\">1</field></block></value></block></value><value name=\"z\"><block type=\"coord_z\"></block></value><value name=\"direction\"><block type=\"direction_constant\"><field name=\"direction\">EAST</field></block></value><next><block type=\"execute_command\"><value name=\"command\"><block type=\"text\"><field name=\"TEXT\">summon armor_stand ~0.5 ~1 ~0.5 {Tags:[\"LOTW-ally\",\"LOTW-custom_planting\"],NoGravity:1b,Invisible:1b,Marker:1b,CustomName:'{\"text\":\"LOTW-custom_planting_bag\"}',Rotation:[90f]}</field></block></value><value name=\"x\"><block type=\"coord_x\"></block></value><value name=\"y\"><block type=\"coord_y\"></block></value><value name=\"z\"><block type=\"coord_z\"></block></value></block></next></block></statement><value name=\"IF2\"><block type=\"compare_directions\"><value name=\"a\"><block type=\"entity_direction_value\"><value name=\"entity\"><block type=\"entity_from_deps\"></block></value></block></value><value name=\"b\"><block type=\"direction_constant\"><field name=\"direction\">EAST</field></block></value></block></value><statement name=\"DO2\"><block type=\"block_set_direction\"><value name=\"x\"><block type=\"coord_x\"></block></value><value name=\"y\"><block type=\"math_dual_ops\"><field name=\"OP\">ADD</field><value name=\"A\"><block type=\"coord_y\"></block></value><value name=\"B\"><block type=\"math_number\"><field name=\"NUM\">1</field></block></value></block></value><value name=\"z\"><block type=\"coord_z\"></block></value><value name=\"direction\"><block type=\"direction_constant\"><field name=\"direction\">WEST</field></block></value><next><block type=\"execute_command\"><value name=\"command\"><block type=\"text\"><field name=\"TEXT\">summon armor_stand ~0.5 ~1 ~0.5 {Tags:[\"LOTW-ally\",\"LOTW-custom_planting\"],NoGravity:1b,Invisible:1b,Marker:1b,CustomName:'{\"text\":\"LOTW-custom_planting_bag\"}',Rotation:[-90f]}</field></block></value><value name=\"x\"><block type=\"coord_x\"></block></value><value name=\"y\"><block type=\"coord_y\"></block></value><value name=\"z\"><block type=\"coord_z\"></block></value></block></next></block></statement><value name=\"IF3\"><block type=\"compare_directions\"><value name=\"a\"><block type=\"entity_direction_value\"><value name=\"entity\"><block type=\"entity_from_deps\"></block></value></block></value><value name=\"b\"><block type=\"direction_constant\"><field name=\"direction\">SOUTH</field></block></value></block></value><statement name=\"DO3\"><block type=\"block_set_direction\"><value name=\"x\"><block type=\"coord_x\"></block></value><value name=\"y\"><block type=\"math_dual_ops\"><field name=\"OP\">ADD</field><value name=\"A\"><block type=\"coord_y\"></block></value><value name=\"B\"><block type=\"math_number\"><field name=\"NUM\">1</field></block></value></block></value><value name=\"z\"><block type=\"coord_z\"></block></value><value name=\"direction\"><block type=\"direction_constant\"><field name=\"direction\">NORTH</field></block></value><next><block type=\"execute_command\"><value name=\"command\"><block type=\"text\"><field name=\"TEXT\">summon armor_stand ~0.5 ~1 ~0.5 {Tags:[\"LOTW-ally\",\"LOTW-custom_planting\"],NoGravity:1b,Invisible:1b,Marker:1b,CustomName:'{\"text\":\"LOTW-custom_planting_bag\"}',Rotation:[0f]}</field></block></value><value name=\"x\"><block type=\"coord_x\"></block></value><value name=\"y\"><block type=\"coord_y\"></block></value><value name=\"z\"><block type=\"coord_z\"></block></value></block></next></block></statement><next><block type=\"entity_execute_command\"><value name=\"command\"><block type=\"text_join\"><mutation items=\"3\"></mutation><value name=\"ADD0\"><block type=\"text\"><field name=\"TEXT\">data modify block </field></block></value><value name=\"ADD1\"><block type=\"text_join\" collapsed=\"true\"><mutation items=\"5\"></mutation><value name=\"ADD0\"><block type=\"text_replace\" inline=\"false\" collapsed=\"true\"><value name=\"what\"><block type=\"text\"><field name=\"TEXT\">.0</field></block></value><value name=\"with\"><block type=\"text\"><field name=\"TEXT\"></field></block></value><value name=\"text\"><block type=\"text_format_number\" inline=\"false\"><value name=\"number\"><block type=\"coord_x\"></block></value><value name=\"format\"><block type=\"text\"><field name=\"TEXT\">##.#</field></block></value></block></value></block></value><value name=\"ADD1\"><block type=\"text\"><field name=\"TEXT\"> </field></block></value><value name=\"ADD2\"><block type=\"text_replace\" inline=\"false\" collapsed=\"true\"><value name=\"what\"><block type=\"text\"><field name=\"TEXT\">.0</field></block></value><value name=\"with\"><block type=\"text\"><field name=\"TEXT\"></field></block></value><value name=\"text\"><block type=\"text_format_number\" inline=\"false\"><value name=\"number\"><block type=\"math_dual_ops\"><field name=\"OP\">ADD</field><value name=\"A\"><block type=\"coord_y\"></block></value><value name=\"B\"><block type=\"math_number\"><field name=\"NUM\">1</field></block></value></block></value><value name=\"format\"><block type=\"text\"><field name=\"TEXT\">##.#</field></block></value></block></value></block></value><value name=\"ADD3\"><block type=\"text\"><field name=\"TEXT\"> </field></block></value><value name=\"ADD4\"><block type=\"text_replace\" inline=\"false\" collapsed=\"true\"><value name=\"what\"><block type=\"text\"><field name=\"TEXT\">.0</field></block></value><value name=\"with\"><block type=\"text\"><field name=\"TEXT\"></field></block></value><value name=\"text\"><block type=\"text_format_number\" inline=\"false\"><value name=\"number\"><block type=\"coord_z\"></block></value><value name=\"format\"><block type=\"text\"><field name=\"TEXT\">##.#</field></block></value></block></value></block></value></block></value><value name=\"ADD2\"><block type=\"text\"><field name=\"TEXT\"> Items set from entity @s SelectedItem.ForgeCaps.Parent.Items</field></block></value></block></value><value name=\"entity\"><block type=\"entity_from_deps\"></block></value><next><block type=\"entity_set_mainhand_item\"><value name=\"entity\"><block type=\"entity_from_deps\"></block></value><value name=\"amount\"><block type=\"math_number\"><field name=\"NUM\">1</field></block></value><value name=\"item\"><block type=\"mcitem_all\"><field name=\"value\">Blocks.AIR</field></block></value><next><block type=\"controls_if\"><value name=\"IF0\"><block type=\"logic_boolean\"><field name=\"BOOL\">TRUE</field></block></value><statement name=\"DO0\"><block type=\"controls_if\" collapsed=\"true\"><value name=\"IF0\"><block type=\"logic_boolean\"><field name=\"BOOL\">TRUE</field></block></value><statement name=\"DO0\"><block type=\"execute_command\"><value name=\"command\"><block type=\"text_join\"><mutation items=\"3\"></mutation><value name=\"ADD0\"><block type=\"text\"><field name=\"TEXT\">execute at @e[name=LOTW-custom_planting_bag] run summon armor_stand ^0.285 ^-0.655 ^-0.3 {Tags:[\"LOTW-ally\",\"LOTW-custom_planting\",\"LOTW-custom_planting_bag1\"],NoGravity:1b,Invisible:1b,Marker:1b,CustomName:'{\"text\":\"LOTW-custom_planting_0\"}',Small:1b,ShowArms:1b,Pose:{LeftArm:[0.0f,90.0f,90.0f]},HandItems:[{},{id:\"\",Count:1b}],Rotation:[</field></block></value><value name=\"ADD1\"><block type=\"math_random_number_between\"><value name=\"min\"><block type=\"math_number\"><field name=\"NUM\">0</field></block></value><value name=\"max\"><block type=\"math_number\"><field name=\"NUM\">360</field></block></value></block></value><value name=\"ADD2\"><block type=\"text\"><field name=\"TEXT\">f]}</field></block></value></block></value><value name=\"x\"><block type=\"coord_x\"></block></value><value name=\"y\"><block type=\"coord_y\"></block></value><value name=\"z\"><block type=\"coord_z\"></block></value><next><block type=\"execute_command\"><value name=\"command\"><block type=\"text_join\"><mutation items=\"3\"></mutation><value name=\"ADD0\"><block type=\"text\"><field name=\"TEXT\">execute at @e[name=LOTW-custom_planting_bag] run summon armor_stand ^0.285 ^-0.655 ^-0.115 {Tags:[\"LOTW-ally\",\"LOTW-custom_planting\",\"LOTW-custom_planting_bag2\"],NoGravity:1b,Invisible:1b,Marker:1b,CustomName:'{\"text\":\"LOTW-custom_planting_0\"}',Small:1b,ShowArms:1b,Pose:{LeftArm:[0.0f,90.0f,90.0f]},HandItems:[{},{id:\"\",Count:1b}],Rotation:[</field></block></value><value name=\"ADD1\"><block type=\"math_random_number_between\"><value name=\"min\"><block type=\"math_number\"><field name=\"NUM\">0</field></block></value><value name=\"max\"><block type=\"math_number\"><field name=\"NUM\">360</field></block></value></block></value><value name=\"ADD2\"><block type=\"text\"><field name=\"TEXT\">f]}</field></block></value></block></value><value name=\"x\"><block type=\"coord_x\"></block></value><value name=\"y\"><block type=\"coord_y\"></block></value><value name=\"z\"><block type=\"coord_z\"></block></value><next><block type=\"execute_command\"><value name=\"command\"><block type=\"text_join\"><mutation items=\"3\"></mutation><value name=\"ADD0\"><block type=\"text\"><field name=\"TEXT\">execute at @e[name=LOTW-custom_planting_bag] run summon armor_stand ^0.0975 ^-0.655 ^-0.115 {Tags:[\"LOTW-ally\",\"LOTW-custom_planting\",\"LOTW-custom_planting_bag3\"],NoGravity:1b,Invisible:1b,Marker:1b,CustomName:'{\"text\":\"LOTW-custom_planting_0\"}',Small:1b,ShowArms:1b,Pose:{LeftArm:[0.0f,90.0f,90.0f]},HandItems:[{},{id:\"\",Count:1b}],Rotation:[</field></block></value><value name=\"ADD1\"><block type=\"math_random_number_between\"><value name=\"min\"><block type=\"math_number\"><field name=\"NUM\">0</field></block></value><value name=\"max\"><block type=\"math_number\"><field name=\"NUM\">360</field></block></value></block></value><value name=\"ADD2\"><block type=\"text\"><field name=\"TEXT\">f]}</field></block></value></block></value><value name=\"x\"><block type=\"coord_x\"></block></value><value name=\"y\"><block type=\"coord_y\"></block></value><value name=\"z\"><block type=\"coord_z\"></block></value><next><block type=\"execute_command\"><value name=\"command\"><block type=\"text_join\"><mutation items=\"3\"></mutation><value name=\"ADD0\"><block type=\"text\"><field name=\"TEXT\">execute at @e[name=LOTW-custom_planting_bag] run summon armor_stand ^-0.1025 ^-0.655 ^-0.115 {Tags:[\"LOTW-ally\",\"LOTW-custom_planting\",\"LOTW-custom_planting_bag4\"],NoGravity:1b,Invisible:1b,Marker:1b,CustomName:'{\"text\":\"LOTW-custom_planting_0\"}',Small:1b,ShowArms:1b,Pose:{LeftArm:[0.0f,90.0f,90.0f]},HandItems:[{},{id:\"\",Count:1b}],Rotation:[</field></block></value><value name=\"ADD1\"><block type=\"math_random_number_between\"><value name=\"min\"><block type=\"math_number\"><field name=\"NUM\">0</field></block></value><value name=\"max\"><block type=\"math_number\"><field name=\"NUM\">360</field></block></value></block></value><value name=\"ADD2\"><block type=\"text\"><field name=\"TEXT\">f]}</field></block></value></block></value><value name=\"x\"><block type=\"coord_x\"></block></value><value name=\"y\"><block type=\"coord_y\"></block></value><value name=\"z\"><block type=\"coord_z\"></block></value><next><block type=\"execute_command\"><value name=\"command\"><block type=\"text_join\"><mutation items=\"3\"></mutation><value name=\"ADD0\"><block type=\"text\"><field name=\"TEXT\">execute at @e[name=LOTW-custom_planting_bag] run summon armor_stand ^-0.295 ^-0.655 ^-0.115 {Tags:[\"LOTW-ally\",\"LOTW-custom_planting\",\"LOTW-custom_planting_bag5\"],NoGravity:1b,Invisible:1b,Marker:1b,CustomName:'{\"text\":\"LOTW-custom_planting_0\"}',Small:1b,ShowArms:1b,Pose:{LeftArm:[0.0f,90.0f,90.0f]},HandItems:[{},{id:\"\",Count:1b}],Rotation:[</field></block></value><value name=\"ADD1\"><block type=\"math_random_number_between\"><value name=\"min\"><block type=\"math_number\"><field name=\"NUM\">0</field></block></value><value name=\"max\"><block type=\"math_number\"><field name=\"NUM\">360</field></block></value></block></value><value name=\"ADD2\"><block type=\"text\"><field name=\"TEXT\">f]}</field></block></value></block></value><value name=\"x\"><block type=\"coord_x\"></block></value><value name=\"y\"><block type=\"coord_y\"></block></value><value name=\"z\"><block type=\"coord_z\"></block></value><next><block type=\"execute_command\"><value name=\"command\"><block type=\"text_join\"><mutation items=\"3\"></mutation><value name=\"ADD0\"><block type=\"text\"><field name=\"TEXT\">execute at @e[name=LOTW-custom_planting_bag] run summon armor_stand ^-0.295 ^-0.655 ^-0.2975 {Tags:[\"LOTW-ally\",\"LOTW-custom_planting\",\"LOTW-custom_planting_bag6\"],NoGravity:1b,Invisible:1b,Marker:1b,CustomName:'{\"text\":\"LOTW-custom_planting_0\"}',Small:1b,ShowArms:1b,Pose:{LeftArm:[0.0f,90.0f,90.0f]},HandItems:[{},{id:\"\",Count:1b}],Rotation:[</field></block></value><value name=\"ADD1\"><block type=\"math_random_number_between\"><value name=\"min\"><block type=\"math_number\"><field name=\"NUM\">0</field></block></value><value name=\"max\"><block type=\"math_number\"><field name=\"NUM\">360</field></block></value></block></value><value name=\"ADD2\"><block type=\"text\"><field name=\"TEXT\">f]}</field></block></value></block></value><value name=\"x\"><block type=\"coord_x\"></block></value><value name=\"y\"><block type=\"coord_y\"></block></value><value name=\"z\"><block type=\"coord_z\"></block></value><next><block type=\"execute_command\"><value name=\"command\"><block type=\"text\"><field name=\"TEXT\">execute at @e[name=LOTW-custom_planting_bag] positioned ~ ~-0.71 ~ as @e[tag=LOTW-custom_planting,distance=..1,limit=6,sort=nearest] at @s run tp @s ^0.125 ^ ^-0.025</field></block></value><value name=\"x\"><block type=\"coord_x\"></block></value><value name=\"y\"><block type=\"coord_y\"></block></value><value name=\"z\"><block type=\"coord_z\"></block></value></block></next></block></next></block></next></block></next></block></next></block></next></block></statement><next><block type=\"variables_set_logic\"><mutation xmlns=\"http://www.w3.org/1999/xhtml\" is_player_var=\"false\" has_entity=\"false\"></mutation><field name=\"VAR\">global:bag_place</field><value name=\"VAL\"><block type=\"logic_boolean\"><field name=\"BOOL\">TRUE</field></block></value><next><block type=\"execute_command\"><value name=\"command\"><block type=\"text\"><field name=\"TEXT\">execute at @e[name=LOTW-custom_planting_bag] run summon armor_stand ^-0.3 ^-0.27 ^0.0425 {Tags:[\"LOTW-ally\",\"LOTW-custom_planting\"],NoGravity:1b,Invisible:1b,Marker:1b,CustomName:'{\"text\":\"LOTW-custom_planting_bag_lantern\"}',Small:1b,ArmorItems:[{},{},{},{id:\"lotw:mini_lantern\",Count:1b}]}</field></block></value><value name=\"x\"><block type=\"coord_x\"></block></value><value name=\"y\"><block type=\"coord_y\"></block></value><value name=\"z\"><block type=\"coord_z\"></block></value><next><block type=\"controls_if\"><value name=\"IF0\"><block type=\"text_binary_ops\"><value name=\"A\"><block type=\"variables_get_string\"><mutation xmlns=\"http://www.w3.org/1999/xhtml\" is_player_var=\"false\" has_entity=\"false\"></mutation><field name=\"VAR\">global:who_can_see_plant_chat_bubble</field></block></value><value name=\"B\"><block type=\"text\"><field name=\"TEXT\"></field></block></value></block></value><statement name=\"DO0\"><block type=\"variables_set_string\"><mutation xmlns=\"http://www.w3.org/1999/xhtml\" is_player_var=\"false\" has_entity=\"false\"></mutation><field name=\"VAR\">global:who_can_see_plant_chat_bubble</field><value name=\"VAL\"><block type=\"text\"><field name=\"TEXT\">User</field></block></value></block></statement><next><block type=\"variables_set_string\"><mutation xmlns=\"http://www.w3.org/1999/xhtml\" is_player_var=\"false\" has_entity=\"false\"></mutation><field name=\"VAR\">global:bag_lantern</field><value name=\"VAL\"><block type=\"text\"><field name=\"TEXT\">Off</field></block></value></block></next></block></next></block></next></block></next></block></statement></block></next></block></next></block></next></block></next></block></statement></block></next></block></xml>"
  }
}