{
  "_fv": 34,
  "_type": "gui",
  "definition": {
    "type": 0,
    "width": 0,
    "height": 0,
    "inventoryOffsetX": 0,
    "inventoryOffsetY": 0,
    "renderBgLayer": true,
    "doesPauseGame": false,
    "components": [
      {
        "type": "image",
        "data": {
          "image": "tph_book.png",
          "use1Xscale": false,
          "name": "tph_book.png",
          "x": 134,
          "y": 8
        }
      },
      {
        "type": "button",
        "data": {
          "text": "Close",
          "onClick": {
            "name": "CloseGUI"
          },
          "width": 48,
          "height": 20,
          "name": "Close",
          "x": 374,
          "y": 192
        }
      },
      {
        "type": "button",
        "data": {
          "text": "X",
          "onClick": {
            "name": "BasicSpell5cancel"
          },
          "width": 16,
          "height": 20,
          "name": "X",
          "x": 390,
          "y": 160
        }
      },
      {
        "type": "button",
        "data": {
          "text": ">",
          "onClick": {
            "name": "InfoSpellGUInext"
          },
          "width": 8,
          "height": 20,
          "name": ">",
          "x": 414,
          "y": 88
        }
      },
      {
        "type": "button",
        "data": {
          "text": "{",
          "onClick": {
            "name": "InfoSpellGUIhome"
          },
          "width": 8,
          "height": 20,
          "name": "{",
          "x": 134,
          "y": 16
        }
      },
      {
        "type": "button",
        "data": {
          "text": "<",
          "onClick": {
            "name": "InfoSpellGUIprevious"
          },
          "width": 8,
          "height": 20,
          "name": "<",
          "x": 134,
          "y": 88
        }
      },
      {
        "type": "image",
        "data": {
          "image": "basicspell4.png",
          "use1Xscale": false,
          "name": "basicspell4.png",
          "x": 150,
          "y": 24
        }
      },
      {
        "type": "image",
        "data": {
          "image": "basicspell5.png",
          "use1Xscale": false,
          "name": "basicspell5.png",
          "x": 286,
          "y": 24
        }
      },
      {
        "type": "label",
        "data": {
          "text": "OTHERWORLDLY",
          "color": {
            "value": -16777216,
            "falpha": 0.0
          },
          "name": "OTHERWORLDLY",
          "x": 306,
          "y": 28
        }
      },
      {
        "type": "label",
        "data": {
          "text": "WALL OF VINES",
          "color": {
            "value": -16777216,
            "falpha": 0.0
          },
          "name": "WALL OF VINES",
          "x": 170,
          "y": 28
        }
      },
      {
        "type": "label",
        "data": {
          "text": "Teleport entity using",
          "color": {
            "value": -10079488,
            "falpha": 0.0
          },
          "name": "Teleport entity using",
          "x": 294,
          "y": 56
        }
      },
      {
        "type": "label",
        "data": {
          "text": "the ring of wanderer.",
          "color": {
            "value": -10079488,
            "falpha": 0.0
          },
          "name": "the ring of wanderer.",
          "x": 286,
          "y": 68
        }
      },
      {
        "type": "label",
        "data": {
          "text": "D : Blue Orchid",
          "color": {
            "value": -6737152,
            "falpha": 0.0
          },
          "name": "D : Blue Orchid",
          "x": 286,
          "y": 156
        }
      },
      {
        "type": "label",
        "data": {
          "text": "Create a vine wall,",
          "color": {
            "value": -10079488,
            "falpha": 0.0
          },
          "name": "Create a vine wall,",
          "x": 158,
          "y": 44
        }
      },
      {
        "type": "label",
        "data": {
          "text": "can temporary hide and",
          "color": {
            "value": -10079488,
            "falpha": 0.0
          },
          "name": "can temporary hide and",
          "x": 150,
          "y": 56
        }
      },
      {
        "type": "label",
        "data": {
          "text": "B : Vine",
          "color": {
            "value": -6737152,
            "falpha": 0.0
          },
          "name": "B : Vine",
          "x": 150,
          "y": 156
        }
      },
      {
        "type": "button",
        "data": {
          "text": "-",
          "onClick": {
            "name": "BasicSpell4clear"
          },
          "width": 8,
          "height": 20,
          "name": "-",
          "x": 254,
          "y": 160
        }
      },
      {
        "type": "button",
        "data": {
          "text": "X",
          "onClick": {
            "name": "BasicSpell4cancel"
          },
          "width": 8,
          "height": 20,
          "name": "X",
          "x": 262,
          "y": 160
        }
      },
      {
        "type": "label",
        "data": {
          "text": "can repair the wall.",
          "color": {
            "value": -10079488,
            "falpha": 0.0
          },
          "name": "can repair the wall.",
          "x": 150,
          "y": 68
        }
      },
      {
        "type": "label",
        "data": {
          "text": "WANDERER",
          "color": {
            "value": -16777216,
            "falpha": 0.0
          },
          "name": "WANDERER",
          "x": 306,
          "y": 40
        }
      },
      {
        "type": "label",
        "data": {
          "text": "M : 5",
          "color": {
            "value": -6737152,
            "falpha": 0.0
          },
          "name": "M : 5",
          "x": 150,
          "y": 168
        }
      },
      {
        "type": "label",
        "data": {
          "text": "M : 3",
          "color": {
            "value": -6737152,
            "falpha": 0.0
          },
          "name": "M : 3",
          "x": 286,
          "y": 168
        }
      },
      {
        "type": "label",
        "data": {
          "text": "Mana : [<VAR:integer:mana>/30]",
          "color": {
            "value": -6710887,
            "falpha": 0.0
          },
          "name": "Mana : [<VAR:integer:mana>/30]",
          "x": 134,
          "y": 196
        }
      },
      {
        "type": "label",
        "data": {
          "text": "G : Orange Tulip",
          "color": {
            "value": -6737152,
            "falpha": 0.0
          },
          "name": "G : Orange Tulip",
          "x": 150,
          "y": 144
        }
      },
      {
        "type": "label",
        "data": {
          "text": "Y : Grass",
          "color": {
            "value": -6737152,
            "falpha": 0.0
          },
          "name": "Y : Grass",
          "x": 286,
          "y": 144
        }
      },
      {
        "type": "label",
        "data": {
          "text": "P : Allium",
          "color": {
            "value": -6737152,
            "falpha": 0.0
          },
          "name": "P : Allium",
          "x": 286,
          "y": 132
        }
      },
      {
        "type": "button",
        "data": {
          "text": "Back",
          "onClick": {
            "name": "ClickLanternGround"
          },
          "displayCondition": {
            "name": "ReturnLanternGoundTRUE"
          },
          "width": 48,
          "height": 20,
          "name": "Back",
          "x": 326,
          "y": 192
        }
      }
    ],
    "gridSettings": {
      "sx": 8,
      "sy": 8,
      "ox": 11,
      "oy": 15,
      "snapOnGrid": true
    }
  }
}