{
  "_fv": 34,
  "_type": "gui",
  "definition": {
    "type": 0,
    "width": 0,
    "height": 0,
    "inventoryOffsetX": 0,
    "inventoryOffsetY": 0,
    "renderBgLayer": true,
    "doesPauseGame": false,
    "components": [
      {
        "type": "image",
        "data": {
          "image": "tph_book.png",
          "use1Xscale": false,
          "name": "tph_book.png",
          "x": 134,
          "y": 8
        }
      },
      {
        "type": "button",
        "data": {
          "text": "Close",
          "onClick": {
            "name": "CloseGUI"
          },
          "width": 48,
          "height": 20,
          "name": "Close",
          "x": 374,
          "y": 192
        }
      },
      {
        "type": "button",
        "data": {
          "text": ">",
          "onClick": {
            "name": "InfoSpellGUInext"
          },
          "width": 8,
          "height": 20,
          "name": ">",
          "x": 414,
          "y": 88
        }
      },
      {
        "type": "button",
        "data": {
          "text": "{",
          "onClick": {
            "name": "InfoSpellGUIhome"
          },
          "width": 8,
          "height": 20,
          "name": "{",
          "x": 134,
          "y": 16
        }
      },
      {
        "type": "button",
        "data": {
          "text": "<",
          "onClick": {
            "name": "InfoSpellGUIprevious"
          },
          "width": 8,
          "height": 20,
          "name": "<",
          "x": 134,
          "y": 88
        }
      },
      {
        "type": "image",
        "data": {
          "image": "basicspell9.png",
          "use1Xscale": false,
          "name": "basicspell9.png",
          "x": 150,
          "y": 24
        }
      },
      {
        "type": "image",
        "data": {
          "image": "basicspell11.png",
          "use1Xscale": false,
          "name": "basicspell11.png",
          "x": 286,
          "y": 24
        }
      },
      {
        "type": "label",
        "data": {
          "text": "ANTENNA",
          "color": {
            "value": -16777216,
            "falpha": 0.0
          },
          "name": "ANTENNA",
          "x": 306,
          "y": 28
        }
      },
      {
        "type": "label",
        "data": {
          "text": "FLOWER OF",
          "color": {
            "value": -16777216,
            "falpha": 0.0
          },
          "name": "FLOWER OF",
          "x": 170,
          "y": 28
        }
      },
      {
        "type": "label",
        "data": {
          "text": "Make the area always",
          "color": {
            "value": -10079488,
            "falpha": 0.0
          },
          "name": "Make the area always",
          "x": 294,
          "y": 44
        }
      },
      {
        "type": "label",
        "data": {
          "text": "loaded in the server.",
          "color": {
            "value": -10079488,
            "falpha": 0.0
          },
          "name": "loaded in the server.",
          "x": 286,
          "y": 56
        }
      },
      {
        "type": "label",
        "data": {
          "text": "R : Red Tulip",
          "color": {
            "value": -6737152,
            "falpha": 0.0
          },
          "name": "R : Red Tulip",
          "x": 286,
          "y": 156
        }
      },
      {
        "type": "label",
        "data": {
          "text": "Create new world spawn",
          "color": {
            "value": -10079488,
            "falpha": 0.0
          },
          "name": "Create new world spawn",
          "x": 158,
          "y": 56
        }
      },
      {
        "type": "label",
        "data": {
          "text": "point at this flower.",
          "color": {
            "value": -10079488,
            "falpha": 0.0
          },
          "name": "point at this flower.",
          "x": 150,
          "y": 68
        }
      },
      {
        "type": "label",
        "data": {
          "text": "R : Azure Bluet",
          "color": {
            "value": -6737152,
            "falpha": 0.0
          },
          "name": "R : Azure Bluet",
          "x": 150,
          "y": 156
        }
      },
      {
        "type": "label",
        "data": {
          "text": "MIDDLE WORLD",
          "color": {
            "value": -16777216,
            "falpha": 0.0
          },
          "name": "MIDDLE WORLD",
          "x": 170,
          "y": 40
        }
      },
      {
        "type": "label",
        "data": {
          "text": "M : 30",
          "color": {
            "value": -6737152,
            "falpha": 0.0
          },
          "name": "M : 30",
          "x": 150,
          "y": 168
        }
      },
      {
        "type": "label",
        "data": {
          "text": "M : 20",
          "color": {
            "value": -6737152,
            "falpha": 0.0
          },
          "name": "M : 20",
          "x": 286,
          "y": 168
        }
      },
      {
        "type": "button",
        "data": {
          "text": "X",
          "onClick": {
            "name": "BasicSpell11cancel"
          },
          "width": 8,
          "height": 20,
          "name": "X",
          "x": 398,
          "y": 160
        }
      },
      {
        "type": "button",
        "data": {
          "text": "X",
          "onClick": {
            "name": "BasicSpell10cancel"
          },
          "width": 16,
          "height": 20,
          "name": "X",
          "x": 254,
          "y": 160
        }
      },
      {
        "type": "button",
        "data": {
          "text": "-",
          "onClick": {
            "name": "BasicSpell11clear"
          },
          "width": 8,
          "height": 20,
          "name": "-",
          "x": 390,
          "y": 160
        }
      },
      {
        "type": "label",
        "data": {
          "text": "Mana : [<VAR:integer:mana>/30]",
          "color": {
            "value": -6710887,
            "falpha": 0.0
          },
          "name": "Mana : [<VAR:integer:mana>/30]",
          "x": 134,
          "y": 196
        }
      },
      {
        "type": "label",
        "data": {
          "text": "B : Crimson Fungus",
          "color": {
            "value": -6737152,
            "falpha": 0.0
          },
          "name": "B : Crimson Fungus",
          "x": 150,
          "y": 144
        }
      },
      {
        "type": "label",
        "data": {
          "text": "D : Wither Rose",
          "color": {
            "value": -6737152,
            "falpha": 0.0
          },
          "name": "D : Wither Rose",
          "x": 150,
          "y": 132
        }
      },
      {
        "type": "label",
        "data": {
          "text": "Y : Dead Bush",
          "color": {
            "value": -6737152,
            "falpha": 0.0
          },
          "name": "Y : Dead Bush",
          "x": 150,
          "y": 120
        }
      },
      {
        "type": "label",
        "data": {
          "text": "P : Lily of The Valley",
          "color": {
            "value": -6737152,
            "falpha": 0.0
          },
          "name": "P : Lily of The Valley",
          "x": 150,
          "y": 108
        }
      },
      {
        "type": "label",
        "data": {
          "text": "G : White Tulip",
          "color": {
            "value": -6737152,
            "falpha": 0.0
          },
          "name": "G : White Tulip",
          "x": 150,
          "y": 96
        }
      },
      {
        "type": "label",
        "data": {
          "text": "B : Spruce Sapling",
          "color": {
            "value": -6737152,
            "falpha": 0.0
          },
          "name": "B : Spruce Sapling",
          "x": 286,
          "y": 144
        }
      },
      {
        "type": "label",
        "data": {
          "text": "Y : Brown Mushroom",
          "color": {
            "value": -6737152,
            "falpha": 0.0
          },
          "name": "Y : Brown Mushroom",
          "x": 286,
          "y": 132
        }
      },
      {
        "type": "label",
        "data": {
          "text": "G : Large Fern",
          "color": {
            "value": -6737152,
            "falpha": 0.0
          },
          "name": "G : Large Fern",
          "x": 286,
          "y": 120
        }
      },
      {
        "type": "button",
        "data": {
          "text": "Back",
          "onClick": {
            "name": "ClickLanternGround"
          },
          "displayCondition": {
            "name": "ReturnLanternGoundTRUE"
          },
          "width": 48,
          "height": 20,
          "name": "Back",
          "x": 326,
          "y": 192
        }
      }
    ],
    "gridSettings": {
      "sx": 8,
      "sy": 8,
      "ox": 11,
      "oy": 15,
      "snapOnGrid": true
    }
  }
}