{
  "_fv": 34,
  "_type": "gui",
  "definition": {
    "type": 0,
    "width": 0,
    "height": 0,
    "inventoryOffsetX": 0,
    "inventoryOffsetY": 0,
    "renderBgLayer": true,
    "doesPauseGame": false,
    "components": [
      {
        "type": "image",
        "data": {
          "image": "tph_book.png",
          "use1Xscale": false,
          "name": "tph_book.png",
          "x": 134,
          "y": 8
        }
      },
      {
        "type": "button",
        "data": {
          "text": "Close",
          "onClick": {
            "name": "CloseGUI"
          },
          "width": 48,
          "height": 20,
          "name": "Close",
          "x": 374,
          "y": 192
        }
      },
      {
        "type": "button",
        "data": {
          "text": "X",
          "onClick": {
            "name": "BasicSpell7cancel"
          },
          "width": 8,
          "height": 20,
          "name": "X",
          "x": 398,
          "y": 160
        }
      },
      {
        "type": "button",
        "data": {
          "text": ">",
          "onClick": {
            "name": "InfoSpellGUInext"
          },
          "width": 8,
          "height": 20,
          "name": ">",
          "x": 414,
          "y": 88
        }
      },
      {
        "type": "button",
        "data": {
          "text": "{",
          "onClick": {
            "name": "InfoSpellGUIhome"
          },
          "width": 8,
          "height": 20,
          "name": "{",
          "x": 134,
          "y": 16
        }
      },
      {
        "type": "button",
        "data": {
          "text": "<",
          "onClick": {
            "name": "InfoSpellGUIprevious"
          },
          "width": 8,
          "height": 20,
          "name": "<",
          "x": 134,
          "y": 88
        }
      },
      {
        "type": "image",
        "data": {
          "image": "basicspell6.png",
          "use1Xscale": false,
          "name": "basicspell6.png",
          "x": 150,
          "y": 24
        }
      },
      {
        "type": "image",
        "data": {
          "image": "basicspell7.png",
          "use1Xscale": false,
          "name": "basicspell7.png",
          "x": 286,
          "y": 24
        }
      },
      {
        "type": "label",
        "data": {
          "text": "BEE NEST",
          "color": {
            "value": -16777216,
            "falpha": 0.0
          },
          "name": "BEE NEST",
          "x": 306,
          "y": 28
        }
      },
      {
        "type": "label",
        "data": {
          "text": "LETTER FROM THE",
          "color": {
            "value": -16777216,
            "falpha": 0.0
          },
          "name": "LETTER FROM THE",
          "x": 170,
          "y": 28
        }
      },
      {
        "type": "label",
        "data": {
          "text": "Create a bee nest that",
          "color": {
            "value": -10079488,
            "falpha": 0.0
          },
          "name": "Create a bee nest that",
          "x": 294,
          "y": 44
        }
      },
      {
        "type": "label",
        "data": {
          "text": "can summon unlimited bee",
          "color": {
            "value": -10079488,
            "falpha": 0.0
          },
          "name": "can summon unlimited bee",
          "x": 286,
          "y": 56
        }
      },
      {
        "type": "label",
        "data": {
          "text": "R : Oxeye Daisy",
          "color": {
            "value": -6737152,
            "falpha": 0.0
          },
          "name": "R : Oxeye Daisy",
          "x": 286,
          "y": 156
        }
      },
      {
        "type": "label",
        "data": {
          "text": "Send an invitation to",
          "color": {
            "value": -10079488,
            "falpha": 0.0
          },
          "name": "Send an invitation to",
          "x": 158,
          "y": 56
        }
      },
      {
        "type": "label",
        "data": {
          "text": "Y : Tall Grass",
          "color": {
            "value": -6737152,
            "falpha": 0.0
          },
          "name": "Y : Tall Grass",
          "x": 150,
          "y": 156
        }
      },
      {
        "type": "button",
        "data": {
          "text": "X",
          "onClick": {
            "name": "BasicSpell6cancel"
          },
          "width": 16,
          "height": 20,
          "name": "X",
          "x": 254,
          "y": 160
        }
      },
      {
        "type": "label",
        "data": {
          "text": "all players in ally list.",
          "color": {
            "value": -10079488,
            "falpha": 0.0
          },
          "name": "all players in ally list.",
          "x": 150,
          "y": 68
        }
      },
      {
        "type": "label",
        "data": {
          "text": "M : 10",
          "color": {
            "value": -6737152,
            "falpha": 0.0
          },
          "name": "M : 10",
          "x": 150,
          "y": 168
        }
      },
      {
        "type": "label",
        "data": {
          "text": "M : 5",
          "color": {
            "value": -6737152,
            "falpha": 0.0
          },
          "name": "M : 5",
          "x": 286,
          "y": 168
        }
      },
      {
        "type": "label",
        "data": {
          "text": "OTHER SIDE",
          "color": {
            "value": -16777216,
            "falpha": 0.0
          },
          "name": "OTHER SIDE",
          "x": 170,
          "y": 40
        }
      },
      {
        "type": "button",
        "data": {
          "text": "-",
          "onClick": {
            "name": "BasicSpell7clear"
          },
          "width": 8,
          "height": 20,
          "name": "-",
          "x": 390,
          "y": 160
        }
      },
      {
        "type": "label",
        "data": {
          "text": "Mana : [<VAR:integer:mana>/30]",
          "color": {
            "value": -6710887,
            "falpha": 0.0
          },
          "name": "Mana : [<VAR:integer:mana>/30]",
          "x": 134,
          "y": 196
        }
      },
      {
        "type": "label",
        "data": {
          "text": "P : Pink Tulip",
          "color": {
            "value": -6737152,
            "falpha": 0.0
          },
          "name": "P : Pink Tulip",
          "x": 150,
          "y": 144
        }
      },
      {
        "type": "label",
        "data": {
          "text": "Y : Cornflower",
          "color": {
            "value": -6737152,
            "falpha": 0.0
          },
          "name": "Y : Cornflower",
          "x": 286,
          "y": 144
        }
      },
      {
        "type": "button",
        "data": {
          "text": "Back",
          "onClick": {
            "name": "ClickLanternGround"
          },
          "displayCondition": {
            "name": "ReturnLanternGoundTRUE"
          },
          "width": 48,
          "height": 20,
          "name": "Back",
          "x": 326,
          "y": 192
        }
      },
      {
        "type": "label",
        "data": {
          "text": "to protect the area.",
          "color": {
            "value": -10079488,
            "falpha": 0.0
          },
          "name": "to protect the area.",
          "x": 286,
          "y": 68
        }
      }
    ],
    "gridSettings": {
      "sx": 8,
      "sy": 8,
      "ox": 11,
      "oy": 15,
      "snapOnGrid": true
    }
  }
}