{
  "_fv": 34,
  "_type": "gui",
  "definition": {
    "type": 0,
    "width": 0,
    "height": 0,
    "inventoryOffsetX": 0,
    "inventoryOffsetY": 0,
    "renderBgLayer": true,
    "doesPauseGame": false,
    "components": [
      {
        "type": "image",
        "data": {
          "image": "tph_book.png",
          "use1Xscale": false,
          "name": "tph_book.png",
          "x": 134,
          "y": 8
        }
      },
      {
        "type": "button",
        "data": {
          "text": "Close",
          "onClick": {
            "name": "CloseGUI"
          },
          "width": 48,
          "height": 20,
          "name": "Close",
          "x": 374,
          "y": 192
        }
      },
      {
        "type": "label",
        "data": {
          "text": "PROTECTOR",
          "color": {
            "value": -16777216,
            "falpha": 0.0
          },
          "name": "PROTECTOR",
          "x": 306,
          "y": 28
        }
      },
      {
        "type": "label",
        "data": {
          "text": "Mana : [<VAR:integer:mana>/30]",
          "color": {
            "value": -6710887,
            "falpha": 0.0
          },
          "name": "Mana : [<VAR:integer:mana>/30]",
          "x": 134,
          "y": 196
        }
      },
      {
        "type": "button",
        "data": {
          "text": "X",
          "onClick": {
            "name": "BasicSpell1Cancel"
          },
          "width": 8,
          "height": 20,
          "name": "X",
          "x": 398,
          "y": 160
        }
      },
      {
        "type": "image",
        "data": {
          "image": "basicspell1.png",
          "use1Xscale": false,
          "name": "basicspell1.png",
          "x": 286,
          "y": 24
        }
      },
      {
        "type": "button",
        "data": {
          "text": ">",
          "onClick": {
            "name": "InfoSpellGUInext"
          },
          "width": 8,
          "height": 20,
          "name": ">",
          "x": 414,
          "y": 88
        }
      },
      {
        "type": "button",
        "data": {
          "text": "-",
          "onClick": {
            "name": "BasicSpell1clear"
          },
          "width": 8,
          "height": 20,
          "name": "-",
          "x": 390,
          "y": 160
        }
      },
      {
        "type": "label",
        "data": {
          "text": "Summon a protector to",
          "color": {
            "value": -10079488,
            "falpha": 0.0
          },
          "name": "Summon a protector to",
          "x": 294,
          "y": 44
        }
      },
      {
        "type": "label",
        "data": {
          "text": "protect the area from",
          "color": {
            "value": -10079488,
            "falpha": 0.0
          },
          "name": "protect the area from",
          "x": 286,
          "y": 56
        }
      },
      {
        "type": "label",
        "data": {
          "text": "monsters.",
          "color": {
            "value": -10079488,
            "falpha": 0.0
          },
          "name": "monsters.",
          "x": 286,
          "y": 68
        }
      },
      {
        "type": "label",
        "data": {
          "text": "Y : Poppy",
          "color": {
            "value": -6737152,
            "falpha": 0.0
          },
          "name": "Y : Poppy",
          "x": 286,
          "y": 156
        }
      },
      {
        "type": "button",
        "data": {
          "text": "{",
          "onClick": {
            "name": "InfoSpellGUIhome"
          },
          "width": 8,
          "height": 20,
          "name": "{",
          "x": 134,
          "y": 16
        }
      },
      {
        "type": "button",
        "data": {
          "text": "<",
          "onClick": {
            "name": "InfoSpellGUIprevious"
          },
          "width": 8,
          "height": 20,
          "name": "<",
          "x": 134,
          "y": 88
        }
      },
      {
        "type": "button",
        "data": {
          "text": "X",
          "onClick": {
            "name": "BasicSpellCancel"
          },
          "width": 8,
          "height": 20,
          "name": "X",
          "x": 134,
          "y": 164
        }
      },
      {
        "type": "button",
        "data": {
          "text": "-",
          "onClick": {
            "name": "BasicSpellClear"
          },
          "width": 8,
          "height": 20,
          "name": "-",
          "x": 134,
          "y": 144
        }
      },
      {
        "type": "label",
        "data": {
          "text": "BASIC",
          "color": {
            "value": -16777216,
            "falpha": 0.0
          },
          "name": "BASIC",
          "x": 198,
          "y": 88
        }
      },
      {
        "type": "label",
        "data": {
          "text": "SPELLS",
          "color": {
            "value": -16777216,
            "falpha": 0.0
          },
          "name": "SPELLS",
          "x": 194,
          "y": 100
        }
      },
      {
        "type": "label",
        "data": {
          "text": "M : 2",
          "color": {
            "value": -6737152,
            "falpha": 0.0
          },
          "name": "M : 2",
          "x": 286,
          "y": 168
        }
      },
      {
        "type": "button",
        "data": {
          "text": "Back",
          "onClick": {
            "name": "ClickLanternGround"
          },
          "displayCondition": {
            "name": "ReturnLanternGoundTRUE"
          },
          "width": 48,
          "height": 20,
          "name": "Back",
          "x": 326,
          "y": 192
        }
      }
    ],
    "gridSettings": {
      "sx": 8,
      "sy": 8,
      "ox": 11,
      "oy": 15,
      "snapOnGrid": true
    }
  }
}