{
  "_fv": 34,
  "_type": "procedure",
  "definition": {
    "procedurexml": "<xml xmlns=\"https://developers.google.com/blockly/xml\"><block type=\"event_trigger\" deletable=\"false\" x=\"40\" y=\"40\"><field name=\"trigger\">no_ext_trigger</field><next><block type=\"execute_command\"><value name=\"command\"><block type=\"text\"><field name=\"TEXT\">playsound minecraft:block.bell.resonate ambient @a[distance=..100] ~0.5 ~0.5 ~0.5 2 1 0.025</field></block></value><value name=\"x\"><block type=\"coord_x\"></block></value><value name=\"y\"><block type=\"coord_y\"></block></value><value name=\"z\"><block type=\"coord_z\"></block></value><next><block type=\"wait\"><value name=\"ticks\"><block type=\"math_number\"><field name=\"NUM\">40</field></block></value><statement name=\"do\"><block type=\"execute_command\"><value name=\"command\"><block type=\"text\"><field name=\"TEXT\">/summon armor_stand ~0.5 ~0.5 ~0.5 {Tags:[\"LOTW-ally\"],CustomName:'{\"text\":\"LOTW-stone_totem\"}',NoGravity:1b,Invisible:1b,Marker:1b}</field></block></value><value name=\"x\"><block type=\"coord_x\"></block></value><value name=\"y\"><block type=\"coord_y\"></block></value><value name=\"z\"><block type=\"coord_z\"></block></value><next><block type=\"execute_command\"><value name=\"command\"><block type=\"text\"><field name=\"TEXT\">/execute at @e[name=LOTW-stone_totem,limit=1,sort=nearest] run forceload add ~50 ~50 ~-50 ~-50</field></block></value><value name=\"x\"><block type=\"coord_x\"></block></value><value name=\"y\"><block type=\"coord_y\"></block></value><value name=\"z\"><block type=\"coord_z\"></block></value><next><block type=\"execute_command\"><value name=\"command\"><block type=\"text\"><field name=\"TEXT\"></field></block></value><value name=\"x\"><block type=\"coord_x\"></block></value><value name=\"y\"><block type=\"coord_y\"></block></value><value name=\"z\"><block type=\"coord_z\"></block></value><next><block type=\"execute_command\"><value name=\"command\"><block type=\"text\"><field name=\"TEXT\">/execute at @e[name=LOTW-stone_totem,limit=1,sort=nearest] run particle minecraft:flash ~ ~9 ~ 0 0 0 0 1 force</field></block></value><value name=\"x\"><block type=\"coord_x\"></block></value><value name=\"y\"><block type=\"coord_y\"></block></value><value name=\"z\"><block type=\"coord_z\"></block></value><next><block type=\"execute_command\"><value name=\"command\"><block type=\"text\"><field name=\"TEXT\">execute at @e[name=LOTW-stone_totem,limit=1,sort=nearest] run playsound minecraft:item.totem.use ambient @a[distance=..100] ~ ~9 ~ 2 0 0.025</field></block></value><value name=\"x\"><block type=\"coord_x\"></block></value><value name=\"y\"><block type=\"coord_y\"></block></value><value name=\"z\"><block type=\"coord_z\"></block></value><next><block type=\"execute_command\"><value name=\"command\"><block type=\"text\"><field name=\"TEXT\">/execute at @e[name=LOTW-stone_totem,limit=1,sort=nearest] run particle minecraft:large_smoke ~ ~9 ~ 2 5 2 0 50 force</field></block></value><value name=\"x\"><block type=\"coord_x\"></block></value><value name=\"y\"><block type=\"coord_y\"></block></value><value name=\"z\"><block type=\"coord_z\"></block></value><next><block type=\"execute_command\"><value name=\"command\"><block type=\"text\"><field name=\"TEXT\">/execute at @e[name=LOTW-stone_totem,limit=1,sort=nearest] run playsound minecraft:ambient.cave ambient @a[distance=..100] ~ ~9 ~ 2 0 0.025</field></block></value><value name=\"x\"><block type=\"coord_x\"></block></value><value name=\"y\"><block type=\"coord_y\"></block></value><value name=\"z\"><block type=\"coord_z\"></block></value><next><block type=\"execute_command\"><value name=\"command\"><block type=\"text\"><field name=\"TEXT\"></field></block></value><value name=\"x\"><block type=\"coord_x\"></block></value><value name=\"y\"><block type=\"coord_y\"></block></value><value name=\"z\"><block type=\"coord_z\"></block></value><next><block type=\"controls_if\" collapsed=\"true\"><value name=\"IF0\"><block type=\"logic_boolean\"><field name=\"BOOL\">TRUE</field></block></value><statement name=\"DO0\"><block type=\"controls_if\"><mutation else=\"1\"></mutation><value name=\"IF0\"><block type=\"math_binary_ops\"><field name=\"OP\">LTE</field><value name=\"A\"><block type=\"math_java_constants\"><field name=\"CONSTANT\">RANDOM</field></block></value><value name=\"B\"><block type=\"math_number\"><field name=\"NUM\">0.5</field></block></value></block></value><statement name=\"DO0\"><block type=\"execute_command\"><value name=\"command\"><block type=\"text_join\"><mutation items=\"4\"></mutation><value name=\"ADD0\"><block type=\"text\"><field name=\"TEXT\">/execute at @e[name=LOTW-stone_totem] run setblock </field></block></value><value name=\"ADD1\"><block type=\"text\"><field name=\"TEXT\">~ ~1 ~ </field></block></value><value name=\"ADD2\"><block type=\"text\"><field name=\"TEXT\">polished_blackstone_bricks</field></block></value><value name=\"ADD3\"><block type=\"text\"><field name=\"TEXT\"> keep</field></block></value></block></value><value name=\"x\"><block type=\"coord_x\"></block></value><value name=\"y\"><block type=\"coord_y\"></block></value><value name=\"z\"><block type=\"coord_z\"></block></value></block></statement><statement name=\"ELSE\"><block type=\"execute_command\"><value name=\"command\"><block type=\"text_join\"><mutation items=\"4\"></mutation><value name=\"ADD0\"><block type=\"text\"><field name=\"TEXT\">/execute at @e[name=LOTW-stone_totem] run setblock </field></block></value><value name=\"ADD1\"><block type=\"text\"><field name=\"TEXT\">~ ~1 ~</field></block></value><value name=\"ADD2\"><block type=\"text\"><field name=\"TEXT\"> cracked_polished_blackstone_bricks</field></block></value><value name=\"ADD3\"><block type=\"text\"><field name=\"TEXT\"> keep</field></block></value></block></value><value name=\"x\"><block type=\"coord_x\"></block></value><value name=\"y\"><block type=\"coord_y\"></block></value><value name=\"z\"><block type=\"coord_z\"></block></value></block></statement><next><block type=\"controls_if\"><mutation else=\"1\"></mutation><value name=\"IF0\"><block type=\"math_binary_ops\"><field name=\"OP\">LTE</field><value name=\"A\"><block type=\"math_java_constants\"><field name=\"CONSTANT\">RANDOM</field></block></value><value name=\"B\"><block type=\"math_number\"><field name=\"NUM\">0.5</field></block></value></block></value><statement name=\"DO0\"><block type=\"execute_command\"><value name=\"command\"><block type=\"text_join\"><mutation items=\"4\"></mutation><value name=\"ADD0\"><block type=\"text\"><field name=\"TEXT\">/execute at @e[name=LOTW-stone_totem] run setblock </field></block></value><value name=\"ADD1\"><block type=\"text\"><field name=\"TEXT\">~ ~2 ~ </field></block></value><value name=\"ADD2\"><block type=\"text\"><field name=\"TEXT\">polished_blackstone_bricks</field></block></value><value name=\"ADD3\"><block type=\"text\"><field name=\"TEXT\"> keep</field></block></value></block></value><value name=\"x\"><block type=\"coord_x\"></block></value><value name=\"y\"><block type=\"coord_y\"></block></value><value name=\"z\"><block type=\"coord_z\"></block></value></block></statement><statement name=\"ELSE\"><block type=\"execute_command\"><value name=\"command\"><block type=\"text_join\"><mutation items=\"4\"></mutation><value name=\"ADD0\"><block type=\"text\"><field name=\"TEXT\">/execute at @e[name=LOTW-stone_totem] run setblock </field></block></value><value name=\"ADD1\"><block type=\"text\"><field name=\"TEXT\">~ ~2 ~ </field></block></value><value name=\"ADD2\"><block type=\"text\"><field name=\"TEXT\">cracked_polished_blackstone_bricks</field></block></value><value name=\"ADD3\"><block type=\"text\"><field name=\"TEXT\"> keep</field></block></value></block></value><value name=\"x\"><block type=\"coord_x\"></block></value><value name=\"y\"><block type=\"coord_y\"></block></value><value name=\"z\"><block type=\"coord_z\"></block></value></block></statement><next><block type=\"controls_if\"><mutation else=\"1\"></mutation><value name=\"IF0\"><block type=\"math_binary_ops\"><field name=\"OP\">LTE</field><value name=\"A\"><block type=\"math_java_constants\"><field name=\"CONSTANT\">RANDOM</field></block></value><value name=\"B\"><block type=\"math_number\"><field name=\"NUM\">0.5</field></block></value></block></value><statement name=\"DO0\"><block type=\"execute_command\"><value name=\"command\"><block type=\"text_join\"><mutation items=\"4\"></mutation><value name=\"ADD0\"><block type=\"text\"><field name=\"TEXT\">/execute at @e[name=LOTW-stone_totem] run setblock </field></block></value><value name=\"ADD1\"><block type=\"text\"><field name=\"TEXT\">~ ~3 ~ </field></block></value><value name=\"ADD2\"><block type=\"text\"><field name=\"TEXT\">polished_blackstone_bricks</field></block></value><value name=\"ADD3\"><block type=\"text\"><field name=\"TEXT\"> keep</field></block></value></block></value><value name=\"x\"><block type=\"coord_x\"></block></value><value name=\"y\"><block type=\"coord_y\"></block></value><value name=\"z\"><block type=\"coord_z\"></block></value></block></statement><statement name=\"ELSE\"><block type=\"execute_command\"><value name=\"command\"><block type=\"text_join\"><mutation items=\"4\"></mutation><value name=\"ADD0\"><block type=\"text\"><field name=\"TEXT\">/execute at @e[name=LOTW-stone_totem] run setblock </field></block></value><value name=\"ADD1\"><block type=\"text\"><field name=\"TEXT\">~ ~3 ~ </field></block></value><value name=\"ADD2\"><block type=\"text\"><field name=\"TEXT\">cracked_polished_blackstone_bricks</field></block></value><value name=\"ADD3\"><block type=\"text\"><field name=\"TEXT\"> keep</field></block></value></block></value><value name=\"x\"><block type=\"coord_x\"></block></value><value name=\"y\"><block type=\"coord_y\"></block></value><value name=\"z\"><block type=\"coord_z\"></block></value></block></statement><next><block type=\"controls_if\"><mutation else=\"1\"></mutation><value name=\"IF0\"><block type=\"math_binary_ops\"><field name=\"OP\">LTE</field><value name=\"A\"><block type=\"math_java_constants\"><field name=\"CONSTANT\">RANDOM</field></block></value><value name=\"B\"><block type=\"math_number\"><field name=\"NUM\">0.5</field></block></value></block></value><statement name=\"DO0\"><block type=\"execute_command\"><value name=\"command\"><block type=\"text_join\"><mutation items=\"4\"></mutation><value name=\"ADD0\"><block type=\"text\"><field name=\"TEXT\">/execute at @e[name=LOTW-stone_totem] run setblock </field></block></value><value name=\"ADD1\"><block type=\"text\"><field name=\"TEXT\">~ ~4 ~ </field></block></value><value name=\"ADD2\"><block type=\"text\"><field name=\"TEXT\">polished_blackstone_bricks</field></block></value><value name=\"ADD3\"><block type=\"text\"><field name=\"TEXT\"> keep</field></block></value></block></value><value name=\"x\"><block type=\"coord_x\"></block></value><value name=\"y\"><block type=\"coord_y\"></block></value><value name=\"z\"><block type=\"coord_z\"></block></value></block></statement><statement name=\"ELSE\"><block type=\"execute_command\"><value name=\"command\"><block type=\"text_join\"><mutation items=\"4\"></mutation><value name=\"ADD0\"><block type=\"text\"><field name=\"TEXT\">/execute at @e[name=LOTW-stone_totem] run setblock </field></block></value><value name=\"ADD1\"><block type=\"text\"><field name=\"TEXT\">~ ~4 ~ </field></block></value><value name=\"ADD2\"><block type=\"text\"><field name=\"TEXT\">cracked_polished_blackstone_bricks</field></block></value><value name=\"ADD3\"><block type=\"text\"><field name=\"TEXT\"> keep</field></block></value></block></value><value name=\"x\"><block type=\"coord_x\"></block></value><value name=\"y\"><block type=\"coord_y\"></block></value><value name=\"z\"><block type=\"coord_z\"></block></value></block></statement><next><block type=\"controls_if\"><mutation else=\"1\"></mutation><value name=\"IF0\"><block type=\"math_binary_ops\"><field name=\"OP\">LTE</field><value name=\"A\"><block type=\"math_java_constants\"><field name=\"CONSTANT\">RANDOM</field></block></value><value name=\"B\"><block type=\"math_number\"><field name=\"NUM\">0.5</field></block></value></block></value><statement name=\"DO0\"><block type=\"execute_command\"><value name=\"command\"><block type=\"text_join\"><mutation items=\"4\"></mutation><value name=\"ADD0\"><block type=\"text\"><field name=\"TEXT\">/execute at @e[name=LOTW-stone_totem] run setblock </field></block></value><value name=\"ADD1\"><block type=\"text\"><field name=\"TEXT\">~ ~5 ~ </field></block></value><value name=\"ADD2\"><block type=\"text\"><field name=\"TEXT\">polished_blackstone_bricks</field></block></value><value name=\"ADD3\"><block type=\"text\"><field name=\"TEXT\"> keep</field></block></value></block></value><value name=\"x\"><block type=\"coord_x\"></block></value><value name=\"y\"><block type=\"coord_y\"></block></value><value name=\"z\"><block type=\"coord_z\"></block></value></block></statement><statement name=\"ELSE\"><block type=\"execute_command\"><value name=\"command\"><block type=\"text_join\"><mutation items=\"4\"></mutation><value name=\"ADD0\"><block type=\"text\"><field name=\"TEXT\">/execute at @e[name=LOTW-stone_totem] run setblock </field></block></value><value name=\"ADD1\"><block type=\"text\"><field name=\"TEXT\">~ ~5 ~ </field></block></value><value name=\"ADD2\"><block type=\"text\"><field name=\"TEXT\">cracked_polished_blackstone_bricks</field></block></value><value name=\"ADD3\"><block type=\"text\"><field name=\"TEXT\"> keep</field></block></value></block></value><value name=\"x\"><block type=\"coord_x\"></block></value><value name=\"y\"><block type=\"coord_y\"></block></value><value name=\"z\"><block type=\"coord_z\"></block></value></block></statement><next><block type=\"controls_if\"><mutation else=\"1\"></mutation><value name=\"IF0\"><block type=\"math_binary_ops\"><field name=\"OP\">LTE</field><value name=\"A\"><block type=\"math_java_constants\"><field name=\"CONSTANT\">RANDOM</field></block></value><value name=\"B\"><block type=\"math_number\"><field name=\"NUM\">0.5</field></block></value></block></value><statement name=\"DO0\"><block type=\"execute_command\"><value name=\"command\"><block type=\"text_join\"><mutation items=\"4\"></mutation><value name=\"ADD0\"><block type=\"text\"><field name=\"TEXT\">/execute at @e[name=LOTW-stone_totem] run setblock </field></block></value><value name=\"ADD1\"><block type=\"text\"><field name=\"TEXT\">~ ~6 ~ </field></block></value><value name=\"ADD2\"><block type=\"text\"><field name=\"TEXT\">polished_blackstone_bricks</field></block></value><value name=\"ADD3\"><block type=\"text\"><field name=\"TEXT\"> keep</field></block></value></block></value><value name=\"x\"><block type=\"coord_x\"></block></value><value name=\"y\"><block type=\"coord_y\"></block></value><value name=\"z\"><block type=\"coord_z\"></block></value></block></statement><statement name=\"ELSE\"><block type=\"execute_command\"><value name=\"command\"><block type=\"text_join\"><mutation items=\"4\"></mutation><value name=\"ADD0\"><block type=\"text\"><field name=\"TEXT\">/execute at @e[name=LOTW-stone_totem] run setblock </field></block></value><value name=\"ADD1\"><block type=\"text\"><field name=\"TEXT\">~ ~6 ~ </field></block></value><value name=\"ADD2\"><block type=\"text\"><field name=\"TEXT\">cracked_polished_blackstone_bricks</field></block></value><value name=\"ADD3\"><block type=\"text\"><field name=\"TEXT\"> keep</field></block></value></block></value><value name=\"x\"><block type=\"coord_x\"></block></value><value name=\"y\"><block type=\"coord_y\"></block></value><value name=\"z\"><block type=\"coord_z\"></block></value></block></statement><next><block type=\"controls_if\"><mutation else=\"1\"></mutation><value name=\"IF0\"><block type=\"math_binary_ops\"><field name=\"OP\">LTE</field><value name=\"A\"><block type=\"math_java_constants\"><field name=\"CONSTANT\">RANDOM</field></block></value><value name=\"B\"><block type=\"math_number\"><field name=\"NUM\">0.5</field></block></value></block></value><statement name=\"DO0\"><block type=\"execute_command\"><value name=\"command\"><block type=\"text_join\"><mutation items=\"4\"></mutation><value name=\"ADD0\"><block type=\"text\"><field name=\"TEXT\">/execute at @e[name=LOTW-stone_totem] run setblock </field></block></value><value name=\"ADD1\"><block type=\"text\"><field name=\"TEXT\">~ ~7 ~ </field></block></value><value name=\"ADD2\"><block type=\"text\"><field name=\"TEXT\">polished_blackstone_bricks</field></block></value><value name=\"ADD3\"><block type=\"text\"><field name=\"TEXT\"> keep</field></block></value></block></value><value name=\"x\"><block type=\"coord_x\"></block></value><value name=\"y\"><block type=\"coord_y\"></block></value><value name=\"z\"><block type=\"coord_z\"></block></value></block></statement><statement name=\"ELSE\"><block type=\"execute_command\"><value name=\"command\"><block type=\"text_join\"><mutation items=\"4\"></mutation><value name=\"ADD0\"><block type=\"text\"><field name=\"TEXT\">/execute at @e[name=LOTW-stone_totem] run setblock </field></block></value><value name=\"ADD1\"><block type=\"text\"><field name=\"TEXT\">~ ~7 ~ </field></block></value><value name=\"ADD2\"><block type=\"text\"><field name=\"TEXT\">cracked_polished_blackstone_bricks</field></block></value><value name=\"ADD3\"><block type=\"text\"><field name=\"TEXT\"> keep</field></block></value></block></value><value name=\"x\"><block type=\"coord_x\"></block></value><value name=\"y\"><block type=\"coord_y\"></block></value><value name=\"z\"><block type=\"coord_z\"></block></value></block></statement><next><block type=\"controls_if\"><mutation else=\"1\"></mutation><value name=\"IF0\"><block type=\"math_binary_ops\"><field name=\"OP\">LTE</field><value name=\"A\"><block type=\"math_java_constants\"><field name=\"CONSTANT\">RANDOM</field></block></value><value name=\"B\"><block type=\"math_number\"><field name=\"NUM\">0.5</field></block></value></block></value><statement name=\"DO0\"><block type=\"execute_command\"><value name=\"command\"><block type=\"text_join\"><mutation items=\"4\"></mutation><value name=\"ADD0\"><block type=\"text\"><field name=\"TEXT\">/execute at @e[name=LOTW-stone_totem] run setblock </field></block></value><value name=\"ADD1\"><block type=\"text\"><field name=\"TEXT\">~ ~8 ~ </field></block></value><value name=\"ADD2\"><block type=\"text\"><field name=\"TEXT\">polished_blackstone_bricks</field></block></value><value name=\"ADD3\"><block type=\"text\"><field name=\"TEXT\"> keep</field></block></value></block></value><value name=\"x\"><block type=\"coord_x\"></block></value><value name=\"y\"><block type=\"coord_y\"></block></value><value name=\"z\"><block type=\"coord_z\"></block></value></block></statement><statement name=\"ELSE\"><block type=\"execute_command\"><value name=\"command\"><block type=\"text_join\"><mutation items=\"4\"></mutation><value name=\"ADD0\"><block type=\"text\"><field name=\"TEXT\">/execute at @e[name=LOTW-stone_totem] run setblock </field></block></value><value name=\"ADD1\"><block type=\"text\"><field name=\"TEXT\">~ ~8 ~ </field></block></value><value name=\"ADD2\"><block type=\"text\"><field name=\"TEXT\">cracked_polished_blackstone_bricks</field></block></value><value name=\"ADD3\"><block type=\"text\"><field name=\"TEXT\"> keep</field></block></value></block></value><value name=\"x\"><block type=\"coord_x\"></block></value><value name=\"y\"><block type=\"coord_y\"></block></value><value name=\"z\"><block type=\"coord_z\"></block></value></block></statement></block></next></block></next></block></next></block></next></block></next></block></next></block></next></block></statement><next><block type=\"controls_if\"><mutation else=\"1\"></mutation><value name=\"IF0\"><block type=\"math_binary_ops\"><field name=\"OP\">LTE</field><value name=\"A\"><block type=\"math_java_constants\"><field name=\"CONSTANT\">RANDOM</field></block></value><value name=\"B\"><block type=\"math_number\"><field name=\"NUM\">0.5</field></block></value></block></value><statement name=\"DO0\"><block type=\"execute_command\"><value name=\"command\"><block type=\"text\"><field name=\"TEXT\">/execute at @e[name=LOTW-stone_totem,limit=1,sort=nearest] run setblock ~-1 ~9 ~ minecraft:polished_blackstone_brick_stairs[facing=east,half=top] keep</field></block></value><value name=\"x\"><block type=\"coord_x\"></block></value><value name=\"y\"><block type=\"coord_y\"></block></value><value name=\"z\"><block type=\"coord_z\"></block></value><next><block type=\"execute_command\"><value name=\"command\"><block type=\"text\"><field name=\"TEXT\">/execute at @e[name=LOTW-stone_totem,limit=1,sort=nearest] run setblock ~1 ~9 ~ minecraft:polished_blackstone_brick_stairs[facing=west,half=top] keep</field></block></value><value name=\"x\"><block type=\"coord_x\"></block></value><value name=\"y\"><block type=\"coord_y\"></block></value><value name=\"z\"><block type=\"coord_z\"></block></value></block></next></block></statement><statement name=\"ELSE\"><block type=\"execute_command\"><value name=\"command\"><block type=\"text\"><field name=\"TEXT\">/execute at @e[name=LOTW-stone_totem,limit=1,sort=nearest] run setblock ~ ~9 ~1 minecraft:polished_blackstone_brick_stairs[facing=north,half=top] keep</field></block></value><value name=\"x\"><block type=\"coord_x\"></block></value><value name=\"y\"><block type=\"coord_y\"></block></value><value name=\"z\"><block type=\"coord_z\"></block></value><next><block type=\"execute_command\"><value name=\"command\"><block type=\"text\"><field name=\"TEXT\">/execute at @e[name=LOTW-stone_totem,limit=1,sort=nearest] run setblock ~ ~9 ~-1 minecraft:polished_blackstone_brick_stairs[facing=south,half=top] keep</field></block></value><value name=\"x\"><block type=\"coord_x\"></block></value><value name=\"y\"><block type=\"coord_y\"></block></value><value name=\"z\"><block type=\"coord_z\"></block></value></block></next></block></statement><next><block type=\"execute_command\"><value name=\"command\"><block type=\"text\"><field name=\"TEXT\">/execute at @e[name=LOTW-stone_totem,limit=1,sort=nearest] run setblock ~ ~10 ~ minecraft:polished_blackstone_brick_slab keep</field></block></value><value name=\"x\"><block type=\"coord_x\"></block></value><value name=\"y\"><block type=\"coord_y\"></block></value><value name=\"z\"><block type=\"coord_z\"></block></value><next><block type=\"execute_command\"><value name=\"command\"><block type=\"text\"><field name=\"TEXT\">/execute at @e[name=LOTW-stone_totem,limit=1,sort=nearest] run setblock ~ ~9 ~ minecraft:gilded_blackstone keep</field></block></value><value name=\"x\"><block type=\"coord_x\"></block></value><value name=\"y\"><block type=\"coord_y\"></block></value><value name=\"z\"><block type=\"coord_z\"></block></value></block></next></block></next></block></next></block></next></block></next></block></next></block></next></block></next></block></next></block></next></block></next></block></statement></block></next></block></next></block></xml>"
  }
}