{
  "_fv": 34,
  "_type": "procedure",
  "definition": {
    "procedurexml": "<xml xmlns=\"https://developers.google.com/blockly/xml\"><variables><variable type=\"Number\" id=\"delay\">delay</variable></variables><block type=\"event_trigger\" deletable=\"false\" x=\"87\" y=\"104\"><field name=\"trigger\">no_ext_trigger</field><next><block type=\"controls_if\"><value name=\"IF0\"><block type=\"logic_binary_ops\" inline=\"false\" collapsed=\"true\"><field name=\"OP\">OR</field><value name=\"A\"><block type=\"compare_mcblocks\"><value name=\"a\"><block type=\"world_data_blockat\"><value name=\"x\"><block type=\"math_dual_ops\"><field name=\"OP\">ADD</field><value name=\"A\"><block type=\"math_singular_ops\"><field name=\"OP\">ROUNDDOWN</field><value name=\"NUM\"><block type=\"coord_x\"></block></value></block></value><value name=\"B\"><block type=\"math_number\"><field name=\"NUM\">0.5</field></block></value></block></value><value name=\"y\"><block type=\"math_dual_ops\"><field name=\"OP\">ADD</field><value name=\"A\"><block type=\"math_singular_ops\"><field name=\"OP\">ROUNDDOWN</field><value name=\"NUM\"><block type=\"coord_y\"></block></value></block></value><value name=\"B\"><block type=\"math_number\"><field name=\"NUM\">1</field></block></value></block></value><value name=\"z\"><block type=\"math_dual_ops\"><field name=\"OP\">ADD</field><value name=\"A\"><block type=\"math_singular_ops\"><field name=\"OP\">ROUNDDOWN</field><value name=\"NUM\"><block type=\"coord_z\"></block></value></block></value><value name=\"B\"><block type=\"math_number\"><field name=\"NUM\">0.5</field></block></value></block></value></block></value><value name=\"b\"><block type=\"mcitem_allblocks\"><field name=\"value\">Blocks.AIR</field></block></value></block></value><value name=\"B\"><block type=\"logic_binary_ops\" inline=\"false\"><field name=\"OP\">OR</field><value name=\"A\"><block type=\"compare_mcblocks\"><value name=\"a\"><block type=\"world_data_blockat\"><value name=\"x\"><block type=\"math_dual_ops\"><field name=\"OP\">ADD</field><value name=\"A\"><block type=\"math_singular_ops\"><field name=\"OP\">ROUNDDOWN</field><value name=\"NUM\"><block type=\"coord_x\"></block></value></block></value><value name=\"B\"><block type=\"math_number\"><field name=\"NUM\">0.5</field></block></value></block></value><value name=\"y\"><block type=\"math_dual_ops\"><field name=\"OP\">ADD</field><value name=\"A\"><block type=\"math_singular_ops\"><field name=\"OP\">ROUNDDOWN</field><value name=\"NUM\"><block type=\"coord_y\"></block></value></block></value><value name=\"B\"><block type=\"math_number\"><field name=\"NUM\">1</field></block></value></block></value><value name=\"z\"><block type=\"math_dual_ops\"><field name=\"OP\">ADD</field><value name=\"A\"><block type=\"math_singular_ops\"><field name=\"OP\">ROUNDDOWN</field><value name=\"NUM\"><block type=\"coord_z\"></block></value></block></value><value name=\"B\"><block type=\"math_number\"><field name=\"NUM\">0.5</field></block></value></block></value></block></value><value name=\"b\"><block type=\"mcitem_allblocks\"><field name=\"value\">Blocks.VOID_AIR</field></block></value></block></value><value name=\"B\"><block type=\"compare_mcblocks\"><value name=\"a\"><block type=\"world_data_blockat\"><value name=\"x\"><block type=\"math_dual_ops\"><field name=\"OP\">ADD</field><value name=\"A\"><block type=\"math_singular_ops\"><field name=\"OP\">ROUNDDOWN</field><value name=\"NUM\"><block type=\"coord_x\"></block></value></block></value><value name=\"B\"><block type=\"math_number\"><field name=\"NUM\">0.5</field></block></value></block></value><value name=\"y\"><block type=\"math_dual_ops\"><field name=\"OP\">ADD</field><value name=\"A\"><block type=\"math_singular_ops\"><field name=\"OP\">ROUNDDOWN</field><value name=\"NUM\"><block type=\"coord_y\"></block></value></block></value><value name=\"B\"><block type=\"math_number\"><field name=\"NUM\">1</field></block></value></block></value><value name=\"z\"><block type=\"math_dual_ops\"><field name=\"OP\">ADD</field><value name=\"A\"><block type=\"math_singular_ops\"><field name=\"OP\">ROUNDDOWN</field><value name=\"NUM\"><block type=\"coord_z\"></block></value></block></value><value name=\"B\"><block type=\"math_number\"><field name=\"NUM\">0.5</field></block></value></block></value></block></value><value name=\"b\"><block type=\"mcitem_allblocks\"><field name=\"value\">Blocks.CAVE_AIR</field></block></value></block></value></block></value></block></value><statement name=\"DO0\"><block type=\"execute_command\"><value name=\"command\"><block type=\"text\"><field name=\"TEXT\">summon armor_stand ~ ~ ~ {Tags:[\"LOTW-ally\"],CustomName:'{\"text\":\"LOTW-wanderer\"}',NoGravity:1b,Marker:1b,Invisible:1b}</field></block></value><value name=\"x\"><block type=\"math_dual_ops\"><field name=\"OP\">ADD</field><value name=\"A\"><block type=\"math_singular_ops\"><field name=\"OP\">ROUNDDOWN</field><value name=\"NUM\"><block type=\"coord_x\"></block></value></block></value><value name=\"B\"><block type=\"math_number\"><field name=\"NUM\">0.5</field></block></value></block></value><value name=\"y\"><block type=\"math_dual_ops\"><field name=\"OP\">ADD</field><value name=\"A\"><block type=\"math_singular_ops\"><field name=\"OP\">ROUNDDOWN</field><value name=\"NUM\"><block type=\"coord_y\"></block></value></block></value><value name=\"B\"><block type=\"math_number\"><field name=\"NUM\">1</field></block></value></block></value><value name=\"z\"><block type=\"math_dual_ops\"><field name=\"OP\">ADD</field><value name=\"A\"><block type=\"math_singular_ops\"><field name=\"OP\">ROUNDDOWN</field><value name=\"NUM\"><block type=\"coord_z\"></block></value></block></value><value name=\"B\"><block type=\"math_number\"><field name=\"NUM\">0.5</field></block></value></block></value><next><block type=\"execute_command\"><value name=\"command\"><block type=\"text\"><field name=\"TEXT\">setblock ~ ~ ~ lotw:wanderer_block keep</field></block></value><value name=\"x\"><block type=\"math_dual_ops\"><field name=\"OP\">ADD</field><value name=\"A\"><block type=\"math_singular_ops\"><field name=\"OP\">ROUNDDOWN</field><value name=\"NUM\"><block type=\"coord_x\"></block></value></block></value><value name=\"B\"><block type=\"math_number\"><field name=\"NUM\">0.5</field></block></value></block></value><value name=\"y\"><block type=\"math_dual_ops\"><field name=\"OP\">ADD</field><value name=\"A\"><block type=\"math_singular_ops\"><field name=\"OP\">ROUNDDOWN</field><value name=\"NUM\"><block type=\"coord_y\"></block></value></block></value><value name=\"B\"><block type=\"math_number\"><field name=\"NUM\">1.5</field></block></value></block></value><value name=\"z\"><block type=\"math_dual_ops\"><field name=\"OP\">ADD</field><value name=\"A\"><block type=\"math_singular_ops\"><field name=\"OP\">ROUNDDOWN</field><value name=\"NUM\"><block type=\"coord_z\"></block></value></block></value><value name=\"B\"><block type=\"math_number\"><field name=\"NUM\">0.5</field></block></value></block></value><next><block type=\"controls_if\"><mutation else=\"1\"></mutation><value name=\"IF0\"><block type=\"compare_mcitems\"><value name=\"a\"><block type=\"entity_iteminoffhand\"><value name=\"entity\"><block type=\"entity_from_deps\"></block></value></block></value><value name=\"b\"><block type=\"mcitem_all\"><field name=\"value\">CUSTOM:Wanderer</field></block></value></block></value><statement name=\"DO0\"><block type=\"variables_set_number\"><mutation xmlns=\"http://www.w3.org/1999/xhtml\" is_player_var=\"false\" has_entity=\"false\"></mutation><field name=\"VAR\">local:delay</field><value name=\"VAL\"><block type=\"math_number\"><field name=\"NUM\">140</field></block></value></block></statement><statement name=\"ELSE\"><block type=\"variables_set_number\"><mutation xmlns=\"http://www.w3.org/1999/xhtml\" is_player_var=\"false\" has_entity=\"false\"></mutation><field name=\"VAR\">local:delay</field><value name=\"VAL\"><block type=\"math_number\"><field name=\"NUM\">1</field></block></value></block></statement><next><block type=\"wait\"><value name=\"ticks\"><block type=\"variables_get_number\"><mutation xmlns=\"http://www.w3.org/1999/xhtml\" is_player_var=\"false\" has_entity=\"false\"></mutation><field name=\"VAR\">local:delay</field></block></value><statement name=\"do\"><block type=\"execute_command\"><value name=\"command\"><block type=\"text\"><field name=\"TEXT\">playsound minecraft:block.beacon.power_select ambient @a[distance=..100] ~ ~ ~ 1 0 0.025</field></block></value><value name=\"x\"><block type=\"math_dual_ops\"><field name=\"OP\">ADD</field><value name=\"A\"><block type=\"math_singular_ops\"><field name=\"OP\">ROUNDDOWN</field><value name=\"NUM\"><block type=\"coord_x\"></block></value></block></value><value name=\"B\"><block type=\"math_number\"><field name=\"NUM\">0.5</field></block></value></block></value><value name=\"y\"><block type=\"math_dual_ops\"><field name=\"OP\">ADD</field><value name=\"A\"><block type=\"math_singular_ops\"><field name=\"OP\">ROUNDDOWN</field><value name=\"NUM\"><block type=\"coord_y\"></block></value></block></value><value name=\"B\"><block type=\"math_number\"><field name=\"NUM\">1.5</field></block></value></block></value><value name=\"z\"><block type=\"math_dual_ops\"><field name=\"OP\">ADD</field><value name=\"A\"><block type=\"math_singular_ops\"><field name=\"OP\">ROUNDDOWN</field><value name=\"NUM\"><block type=\"coord_z\"></block></value></block></value><value name=\"B\"><block type=\"math_number\"><field name=\"NUM\">0.5</field></block></value></block></value><next><block type=\"execute_command\"><value name=\"command\"><block type=\"text\"><field name=\"TEXT\">execute at @e[name=LOTW-placed_lantern] if block ~ ~-0.5 ~ lotw:lantern_stick run playsound minecraft:block.beacon.power_select ambient @a[distance=..100] ~ ~0.25 ~ 1 0 0.025</field></block></value><value name=\"x\"><block type=\"coord_x\"></block></value><value name=\"y\"><block type=\"coord_y\"></block></value><value name=\"z\"><block type=\"coord_z\"></block></value><next><block type=\"wait\"><value name=\"ticks\"><block type=\"math_number\"><field name=\"NUM\">10</field></block></value><statement name=\"do\"><block type=\"execute_command\"><value name=\"command\"><block type=\"text\"><field name=\"TEXT\">particle minecraft:portal ~ ~ ~ 0 0 0 2 20 force</field></block></value><value name=\"x\"><block type=\"math_dual_ops\"><field name=\"OP\">ADD</field><value name=\"A\"><block type=\"math_singular_ops\"><field name=\"OP\">ROUNDDOWN</field><value name=\"NUM\"><block type=\"coord_x\"></block></value></block></value><value name=\"B\"><block type=\"math_number\"><field name=\"NUM\">0.5</field></block></value></block></value><value name=\"y\"><block type=\"math_dual_ops\"><field name=\"OP\">ADD</field><value name=\"A\"><block type=\"math_singular_ops\"><field name=\"OP\">ROUNDDOWN</field><value name=\"NUM\"><block type=\"coord_y\"></block></value></block></value><value name=\"B\"><block type=\"math_number\"><field name=\"NUM\">1.5</field></block></value></block></value><value name=\"z\"><block type=\"math_dual_ops\"><field name=\"OP\">ADD</field><value name=\"A\"><block type=\"math_singular_ops\"><field name=\"OP\">ROUNDDOWN</field><value name=\"NUM\"><block type=\"coord_z\"></block></value></block></value><value name=\"B\"><block type=\"math_number\"><field name=\"NUM\">0.5</field></block></value></block></value><next><block type=\"execute_command\"><value name=\"command\"><block type=\"text\"><field name=\"TEXT\">execute at @e[name=LOTW-placed_lantern] if block ~ ~-0.5 ~ lotw:lantern_stick run particle minecraft:portal ~ ~0.25 ~ 0 0 0 2 20 force</field></block></value><value name=\"x\"><block type=\"coord_x\"></block></value><value name=\"y\"><block type=\"coord_y\"></block></value><value name=\"z\"><block type=\"coord_z\"></block></value><next><block type=\"wait\"><value name=\"ticks\"><block type=\"math_number\"><field name=\"NUM\">50</field></block></value><statement name=\"do\"><block type=\"controls_if\"><value name=\"IF0\"><block type=\"logic_boolean\"><field name=\"BOOL\">TRUE</field></block></value><statement name=\"DO0\"><block type=\"execute_command\"><value name=\"command\"><block type=\"text\"><field name=\"TEXT\">execute at @e[type=!armor_stand,distance=..2,limit=1] at @e[name=LOTW-placed_lantern] if block ~ ~-0.5 ~ lotw:lantern_stick run particle minecraft:flash ~ ~0.25 ~ 0 0 0 0 1 force</field></block></value><value name=\"x\"><block type=\"math_dual_ops\"><field name=\"OP\">ADD</field><value name=\"A\"><block type=\"math_singular_ops\"><field name=\"OP\">ROUNDDOWN</field><value name=\"NUM\"><block type=\"coord_x\"></block></value></block></value><value name=\"B\"><block type=\"math_number\"><field name=\"NUM\">0.5</field></block></value></block></value><value name=\"y\"><block type=\"math_dual_ops\"><field name=\"OP\">ADD</field><value name=\"A\"><block type=\"math_singular_ops\"><field name=\"OP\">ROUNDDOWN</field><value name=\"NUM\"><block type=\"coord_y\"></block></value></block></value><value name=\"B\"><block type=\"math_number\"><field name=\"NUM\">1.5</field></block></value></block></value><value name=\"z\"><block type=\"math_dual_ops\"><field name=\"OP\">ADD</field><value name=\"A\"><block type=\"math_singular_ops\"><field name=\"OP\">ROUNDDOWN</field><value name=\"NUM\"><block type=\"coord_z\"></block></value></block></value><value name=\"B\"><block type=\"math_number\"><field name=\"NUM\">0.5</field></block></value></block></value><next><block type=\"execute_command\"><value name=\"command\"><block type=\"text\"><field name=\"TEXT\">execute as @e[type=!armor_stand,distance=..2,limit=1] at @s at @e[name=LOTW-placed_lantern] if block ~ ~-0.5 ~ lotw:lantern_stick positioned as @s run particle minecraft:flash ~ ~ ~ 0 0 0 0 1 force</field></block></value><value name=\"x\"><block type=\"math_dual_ops\"><field name=\"OP\">ADD</field><value name=\"A\"><block type=\"math_singular_ops\"><field name=\"OP\">ROUNDDOWN</field><value name=\"NUM\"><block type=\"coord_x\"></block></value></block></value><value name=\"B\"><block type=\"math_number\"><field name=\"NUM\">0.5</field></block></value></block></value><value name=\"y\"><block type=\"math_dual_ops\"><field name=\"OP\">ADD</field><value name=\"A\"><block type=\"math_singular_ops\"><field name=\"OP\">ROUNDDOWN</field><value name=\"NUM\"><block type=\"coord_y\"></block></value></block></value><value name=\"B\"><block type=\"math_number\"><field name=\"NUM\">1.5</field></block></value></block></value><value name=\"z\"><block type=\"math_dual_ops\"><field name=\"OP\">ADD</field><value name=\"A\"><block type=\"math_singular_ops\"><field name=\"OP\">ROUNDDOWN</field><value name=\"NUM\"><block type=\"coord_z\"></block></value></block></value><value name=\"B\"><block type=\"math_number\"><field name=\"NUM\">0.5</field></block></value></block></value><next><block type=\"execute_command\"><value name=\"command\"><block type=\"text\"><field name=\"TEXT\">execute at @e[type=!armor_stand,distance=..2,limit=1] at @e[name=LOTW-placed_lantern] if block ~ ~-0.5 ~ lotw:lantern_stick run particle minecraft:reverse_portal ~ ~0.25 ~ 0 0 0 0.1 10 force</field></block></value><value name=\"x\"><block type=\"math_dual_ops\"><field name=\"OP\">ADD</field><value name=\"A\"><block type=\"math_singular_ops\"><field name=\"OP\">ROUNDDOWN</field><value name=\"NUM\"><block type=\"coord_x\"></block></value></block></value><value name=\"B\"><block type=\"math_number\"><field name=\"NUM\">0.5</field></block></value></block></value><value name=\"y\"><block type=\"math_dual_ops\"><field name=\"OP\">ADD</field><value name=\"A\"><block type=\"math_singular_ops\"><field name=\"OP\">ROUNDDOWN</field><value name=\"NUM\"><block type=\"coord_y\"></block></value></block></value><value name=\"B\"><block type=\"math_number\"><field name=\"NUM\">1.5</field></block></value></block></value><value name=\"z\"><block type=\"math_dual_ops\"><field name=\"OP\">ADD</field><value name=\"A\"><block type=\"math_singular_ops\"><field name=\"OP\">ROUNDDOWN</field><value name=\"NUM\"><block type=\"coord_z\"></block></value></block></value><value name=\"B\"><block type=\"math_number\"><field name=\"NUM\">0.5</field></block></value></block></value><next><block type=\"execute_command\"><value name=\"command\"><block type=\"text\"><field name=\"TEXT\">execute as @e[type=!armor_stand,distance=..2,limit=1] at @s at @e[name=LOTW-placed_lantern] if block ~ ~-0.5 ~ lotw:lantern_stick positioned as @s run particle minecraft:reverse_portal ~ ~ ~ 0 0 0 0.1 10 force</field></block></value><value name=\"x\"><block type=\"math_dual_ops\"><field name=\"OP\">ADD</field><value name=\"A\"><block type=\"math_singular_ops\"><field name=\"OP\">ROUNDDOWN</field><value name=\"NUM\"><block type=\"coord_x\"></block></value></block></value><value name=\"B\"><block type=\"math_number\"><field name=\"NUM\">0.5</field></block></value></block></value><value name=\"y\"><block type=\"math_dual_ops\"><field name=\"OP\">ADD</field><value name=\"A\"><block type=\"math_singular_ops\"><field name=\"OP\">ROUNDDOWN</field><value name=\"NUM\"><block type=\"coord_y\"></block></value></block></value><value name=\"B\"><block type=\"math_number\"><field name=\"NUM\">1.5</field></block></value></block></value><value name=\"z\"><block type=\"math_dual_ops\"><field name=\"OP\">ADD</field><value name=\"A\"><block type=\"math_singular_ops\"><field name=\"OP\">ROUNDDOWN</field><value name=\"NUM\"><block type=\"coord_z\"></block></value></block></value><value name=\"B\"><block type=\"math_number\"><field name=\"NUM\">0.5</field></block></value></block></value><next><block type=\"execute_command\"><value name=\"command\"><block type=\"text\"><field name=\"TEXT\">execute at @e[type=!armor_stand,distance=..2,limit=1] at @e[name=LOTW-placed_lantern] if block ~ ~-0.5 ~ lotw:lantern_stick run particle minecraft:witch ~ ~0.25 ~ 0 0 0 1 20 force</field></block></value><value name=\"x\"><block type=\"math_dual_ops\"><field name=\"OP\">ADD</field><value name=\"A\"><block type=\"math_singular_ops\"><field name=\"OP\">ROUNDDOWN</field><value name=\"NUM\"><block type=\"coord_x\"></block></value></block></value><value name=\"B\"><block type=\"math_number\"><field name=\"NUM\">0.5</field></block></value></block></value><value name=\"y\"><block type=\"math_dual_ops\"><field name=\"OP\">ADD</field><value name=\"A\"><block type=\"math_singular_ops\"><field name=\"OP\">ROUNDDOWN</field><value name=\"NUM\"><block type=\"coord_y\"></block></value></block></value><value name=\"B\"><block type=\"math_number\"><field name=\"NUM\">1.5</field></block></value></block></value><value name=\"z\"><block type=\"math_dual_ops\"><field name=\"OP\">ADD</field><value name=\"A\"><block type=\"math_singular_ops\"><field name=\"OP\">ROUNDDOWN</field><value name=\"NUM\"><block type=\"coord_z\"></block></value></block></value><value name=\"B\"><block type=\"math_number\"><field name=\"NUM\">0.5</field></block></value></block></value><next><block type=\"execute_command\"><value name=\"command\"><block type=\"text\"><field name=\"TEXT\">execute as @e[type=!armor_stand,distance=..2,limit=1] at @s at @e[name=LOTW-placed_lantern] if block ~ ~-0.5 ~ lotw:lantern_stick positioned as @s run particle minecraft:witch ~ ~ ~ 0 0 0 1 20 force</field></block></value><value name=\"x\"><block type=\"math_dual_ops\"><field name=\"OP\">ADD</field><value name=\"A\"><block type=\"math_singular_ops\"><field name=\"OP\">ROUNDDOWN</field><value name=\"NUM\"><block type=\"coord_x\"></block></value></block></value><value name=\"B\"><block type=\"math_number\"><field name=\"NUM\">0.5</field></block></value></block></value><value name=\"y\"><block type=\"math_dual_ops\"><field name=\"OP\">ADD</field><value name=\"A\"><block type=\"math_singular_ops\"><field name=\"OP\">ROUNDDOWN</field><value name=\"NUM\"><block type=\"coord_y\"></block></value></block></value><value name=\"B\"><block type=\"math_number\"><field name=\"NUM\">1.5</field></block></value></block></value><value name=\"z\"><block type=\"math_dual_ops\"><field name=\"OP\">ADD</field><value name=\"A\"><block type=\"math_singular_ops\"><field name=\"OP\">ROUNDDOWN</field><value name=\"NUM\"><block type=\"coord_z\"></block></value></block></value><value name=\"B\"><block type=\"math_number\"><field name=\"NUM\">0.5</field></block></value></block></value></block></next></block></next></block></next></block></next></block></next></block></statement><next><block type=\"controls_if\"><value name=\"IF0\"><block type=\"logic_boolean\"><field name=\"BOOL\">TRUE</field></block></value><statement name=\"DO0\"><block type=\"execute_command\"><value name=\"command\"><block type=\"text\"><field name=\"TEXT\">execute as @e[type=!armor_stand,distance=..2,limit=1] at @s at @e[name=LOTW-placed_lantern] if block ~ ~-0.5 ~ lotw:lantern_stick positioned as @s run playsound minecraft:entity.illusioner.cast_spell ambient @a[distance=..100] ~ ~0.25 ~ 2 0 0.025</field></block></value><value name=\"x\"><block type=\"math_dual_ops\"><field name=\"OP\">ADD</field><value name=\"A\"><block type=\"math_singular_ops\"><field name=\"OP\">ROUNDDOWN</field><value name=\"NUM\"><block type=\"coord_x\"></block></value></block></value><value name=\"B\"><block type=\"math_number\"><field name=\"NUM\">0.5</field></block></value></block></value><value name=\"y\"><block type=\"math_dual_ops\"><field name=\"OP\">ADD</field><value name=\"A\"><block type=\"math_singular_ops\"><field name=\"OP\">ROUNDDOWN</field><value name=\"NUM\"><block type=\"coord_y\"></block></value></block></value><value name=\"B\"><block type=\"math_number\"><field name=\"NUM\">1.5</field></block></value></block></value><value name=\"z\"><block type=\"math_dual_ops\"><field name=\"OP\">ADD</field><value name=\"A\"><block type=\"math_singular_ops\"><field name=\"OP\">ROUNDDOWN</field><value name=\"NUM\"><block type=\"coord_z\"></block></value></block></value><value name=\"B\"><block type=\"math_number\"><field name=\"NUM\">0.5</field></block></value></block></value></block></statement><next><block type=\"execute_command\"><value name=\"command\"><block type=\"text\"><field name=\"TEXT\">execute as @e[type=!armor_stand,distance=..2,limit=1] at @s at @e[name=LOTW-placed_lantern] if block ~ ~-0.5 ~ lotw:lantern_stick run tp @s ^ ^-0.5 ^-1</field></block></value><value name=\"x\"><block type=\"math_dual_ops\"><field name=\"OP\">ADD</field><value name=\"A\"><block type=\"math_singular_ops\"><field name=\"OP\">ROUNDDOWN</field><value name=\"NUM\"><block type=\"coord_x\"></block></value></block></value><value name=\"B\"><block type=\"math_number\"><field name=\"NUM\">0.5</field></block></value></block></value><value name=\"y\"><block type=\"math_dual_ops\"><field name=\"OP\">ADD</field><value name=\"A\"><block type=\"math_singular_ops\"><field name=\"OP\">ROUNDDOWN</field><value name=\"NUM\"><block type=\"coord_y\"></block></value></block></value><value name=\"B\"><block type=\"math_number\"><field name=\"NUM\">1.5</field></block></value></block></value><value name=\"z\"><block type=\"math_dual_ops\"><field name=\"OP\">ADD</field><value name=\"A\"><block type=\"math_singular_ops\"><field name=\"OP\">ROUNDDOWN</field><value name=\"NUM\"><block type=\"coord_z\"></block></value></block></value><value name=\"B\"><block type=\"math_number\"><field name=\"NUM\">0.5</field></block></value></block></value><next><block type=\"controls_if\"><value name=\"IF0\"><block type=\"logic_boolean\"><field name=\"BOOL\">TRUE</field></block></value><statement name=\"DO0\"><block type=\"execute_command\"><value name=\"command\"><block type=\"text\"><field name=\"TEXT\">execute as @e[name=LOTW-placed_lantern] at @s if block ~ ~-0.5 ~ lotw:lantern_stick positioned ~ ~-0.5 ~-1 at @e[type=!armor_stand,distance=..0.01,limit=1] at @s run playsound minecraft:entity.illusioner.cast_spell ambient @a[distance=..100] ~ ~ ~ 2 0 0.025</field></block></value><value name=\"x\"><block type=\"coord_x\"></block></value><value name=\"y\"><block type=\"coord_y\"></block></value><value name=\"z\"><block type=\"coord_z\"></block></value><next><block type=\"execute_command\"><value name=\"command\"><block type=\"text\"><field name=\"TEXT\">execute as @e[name=LOTW-placed_lantern] at @s if block ~ ~-0.5 ~ lotw:lantern_stick positioned ~ ~-0.5 ~-1 at @e[type=!armor_stand,distance=..0.01,limit=1] at @s run playsound minecraft:block.bell.use ambient @a[distance=..100] ~ ~ ~ 2 0 0.025</field></block></value><value name=\"x\"><block type=\"coord_x\"></block></value><value name=\"y\"><block type=\"coord_y\"></block></value><value name=\"z\"><block type=\"coord_z\"></block></value></block></next></block></statement><next><block type=\"execute_command\"><value name=\"command\"><block type=\"text\"><field name=\"TEXT\">kill @e[name=LOTW-wanderer,distance=..1,limit=1]</field></block></value><value name=\"x\"><block type=\"math_dual_ops\"><field name=\"OP\">ADD</field><value name=\"A\"><block type=\"math_singular_ops\"><field name=\"OP\">ROUNDDOWN</field><value name=\"NUM\"><block type=\"coord_x\"></block></value></block></value><value name=\"B\"><block type=\"math_number\"><field name=\"NUM\">0.5</field></block></value></block></value><value name=\"y\"><block type=\"math_dual_ops\"><field name=\"OP\">ADD</field><value name=\"A\"><block type=\"math_singular_ops\"><field name=\"OP\">ROUNDDOWN</field><value name=\"NUM\"><block type=\"coord_y\"></block></value></block></value><value name=\"B\"><block type=\"math_number\"><field name=\"NUM\">1.5</field></block></value></block></value><value name=\"z\"><block type=\"math_dual_ops\"><field name=\"OP\">ADD</field><value name=\"A\"><block type=\"math_singular_ops\"><field name=\"OP\">ROUNDDOWN</field><value name=\"NUM\"><block type=\"coord_z\"></block></value></block></value><value name=\"B\"><block type=\"math_number\"><field name=\"NUM\">0.5</field></block></value></block></value><next><block type=\"execute_command\"><value name=\"command\"><block type=\"text\"><field name=\"TEXT\">fill ~ ~ ~ ~ ~ ~ air replace lotw:wanderer_block</field></block></value><value name=\"x\"><block type=\"math_dual_ops\"><field name=\"OP\">ADD</field><value name=\"A\"><block type=\"math_singular_ops\"><field name=\"OP\">ROUNDDOWN</field><value name=\"NUM\"><block type=\"coord_x\"></block></value></block></value><value name=\"B\"><block type=\"math_number\"><field name=\"NUM\">0.5</field></block></value></block></value><value name=\"y\"><block type=\"math_dual_ops\"><field name=\"OP\">ADD</field><value name=\"A\"><block type=\"math_singular_ops\"><field name=\"OP\">ROUNDDOWN</field><value name=\"NUM\"><block type=\"coord_y\"></block></value></block></value><value name=\"B\"><block type=\"math_number\"><field name=\"NUM\">1.5</field></block></value></block></value><value name=\"z\"><block type=\"math_dual_ops\"><field name=\"OP\">ADD</field><value name=\"A\"><block type=\"math_singular_ops\"><field name=\"OP\">ROUNDDOWN</field><value name=\"NUM\"><block type=\"coord_z\"></block></value></block></value><value name=\"B\"><block type=\"math_number\"><field name=\"NUM\">0.5</field></block></value></block></value></block></next></block></next></block></next></block></next></block></next></block></statement></block></next></block></next></block></statement></block></next></block></next></block></statement></block></next></block></next></block></next></block></statement></block></next></block></xml>"
  }
}