{
  "_fv": 34,
  "_type": "gui",
  "definition": {
    "type": 0,
    "width": 0,
    "height": 0,
    "inventoryOffsetX": 0,
    "inventoryOffsetY": 0,
    "renderBgLayer": true,
    "doesPauseGame": false,
    "components": [
      {
        "type": "image",
        "data": {
          "image": "tph_book.png",
          "use1Xscale": false,
          "name": "tph_book.png",
          "x": 134,
          "y": 8
        }
      },
      {
        "type": "button",
        "data": {
          "text": "Close",
          "onClick": {
            "name": "CloseGUI"
          },
          "width": 48,
          "height": 20,
          "name": "Close",
          "x": 374,
          "y": 192
        }
      },
      {
        "type": "button",
        "data": {
          "text": ">",
          "onClick": {
            "name": "InfoSpellGUInext"
          },
          "width": 8,
          "height": 20,
          "name": ">",
          "x": 414,
          "y": 88
        }
      },
      {
        "type": "button",
        "data": {
          "text": "{",
          "onClick": {
            "name": "InfoSpellGUIhome"
          },
          "width": 8,
          "height": 20,
          "name": "{",
          "x": 134,
          "y": 16
        }
      },
      {
        "type": "button",
        "data": {
          "text": "<",
          "onClick": {
            "name": "InfoSpellGUIprevious"
          },
          "width": 8,
          "height": 20,
          "name": "<",
          "x": 134,
          "y": 88
        }
      },
      {
        "type": "image",
        "data": {
          "image": "basicspell8.png",
          "use1Xscale": false,
          "name": "basicspell8.png",
          "x": 150,
          "y": 24
        }
      },
      {
        "type": "image",
        "data": {
          "image": "basicspell10.png",
          "use1Xscale": false,
          "name": "basicspell10.png",
          "x": 286,
          "y": 24
        }
      },
      {
        "type": "label",
        "data": {
          "text": "FLOWER OF",
          "color": {
            "value": -16777216,
            "falpha": 0.0
          },
          "name": "FLOWER OF",
          "x": 306,
          "y": 28
        }
      },
      {
        "type": "label",
        "data": {
          "text": "MYCORRHIZAL",
          "color": {
            "value": -16777216,
            "falpha": 0.0
          },
          "name": "MYCORRHIZAL",
          "x": 170,
          "y": 28
        }
      },
      {
        "type": "label",
        "data": {
          "text": "Create new respawn",
          "color": {
            "value": -10079488,
            "falpha": 0.0
          },
          "name": "Create new respawn",
          "x": 294,
          "y": 56
        }
      },
      {
        "type": "label",
        "data": {
          "text": "point for ally players.",
          "color": {
            "value": -10079488,
            "falpha": 0.0
          },
          "name": "point for ally players.",
          "x": 286,
          "y": 68
        }
      },
      {
        "type": "label",
        "data": {
          "text": "B : Lily of The Valley",
          "color": {
            "value": -6737152,
            "falpha": 0.0
          },
          "name": "B : Lily of The Valley",
          "x": 286,
          "y": 132
        }
      },
      {
        "type": "label",
        "data": {
          "text": "Slowly pull items and",
          "color": {
            "value": -10079488,
            "falpha": 0.0
          },
          "name": "Slowly pull items and",
          "x": 158,
          "y": 56
        }
      },
      {
        "type": "label",
        "data": {
          "text": "exp orbs to the lantern.",
          "color": {
            "value": -10079488,
            "falpha": 0.0
          },
          "name": "exp orbs to the lantern.",
          "x": 150,
          "y": 68
        }
      },
      {
        "type": "label",
        "data": {
          "text": "Y : Vine",
          "color": {
            "value": -6737152,
            "falpha": 0.0
          },
          "name": "Y : Vine",
          "x": 150,
          "y": 156
        }
      },
      {
        "type": "button",
        "data": {
          "text": "X",
          "onClick": {
            "name": "BasicSpell8cancel"
          },
          "width": 8,
          "height": 20,
          "name": "X",
          "x": 262,
          "y": 160
        }
      },
      {
        "type": "label",
        "data": {
          "text": "RESURRECTION",
          "color": {
            "value": -16777216,
            "falpha": 0.0
          },
          "name": "RESURRECTION",
          "x": 306,
          "y": 40
        }
      },
      {
        "type": "label",
        "data": {
          "text": "M : 7",
          "color": {
            "value": -6737152,
            "falpha": 0.0
          },
          "name": "M : 7",
          "x": 150,
          "y": 168
        }
      },
      {
        "type": "label",
        "data": {
          "text": "M : 10",
          "color": {
            "value": -6737152,
            "falpha": 0.0
          },
          "name": "M : 10",
          "x": 286,
          "y": 168
        }
      },
      {
        "type": "button",
        "data": {
          "text": "X",
          "onClick": {
            "name": "BasicSpell9cancel"
          },
          "width": 16,
          "height": 20,
          "name": "X",
          "x": 390,
          "y": 160
        }
      },
      {
        "type": "button",
        "data": {
          "text": "-",
          "onClick": {
            "name": "BasicSpell8clear"
          },
          "width": 8,
          "height": 20,
          "name": "-",
          "x": 254,
          "y": 160
        }
      },
      {
        "type": "label",
        "data": {
          "text": "Mana : [<VAR:integer:mana>/30]",
          "color": {
            "value": -6710887,
            "falpha": 0.0
          },
          "name": "Mana : [<VAR:integer:mana>/30]",
          "x": 134,
          "y": 196
        }
      },
      {
        "type": "label",
        "data": {
          "text": "G : Dead Bush",
          "color": {
            "value": -6737152,
            "falpha": 0.0
          },
          "name": "G : Dead Bush",
          "x": 150,
          "y": 144
        }
      },
      {
        "type": "label",
        "data": {
          "text": "D : White Tulip",
          "color": {
            "value": -6737152,
            "falpha": 0.0
          },
          "name": "D : White Tulip",
          "x": 286,
          "y": 156
        }
      },
      {
        "type": "label",
        "data": {
          "text": "Y : Azure Bluet",
          "color": {
            "value": -6737152,
            "falpha": 0.0
          },
          "name": "Y : Azure Bluet",
          "x": 286,
          "y": 144
        }
      },
      {
        "type": "button",
        "data": {
          "text": "Back",
          "onClick": {
            "name": "ClickLanternGround"
          },
          "displayCondition": {
            "name": "ReturnLanternGoundTRUE"
          },
          "width": 48,
          "height": 20,
          "name": "Back",
          "x": 326,
          "y": 192
        }
      },
      {
        "type": "label",
        "data": {
          "text": "NETWORK",
          "color": {
            "value": -16777216,
            "falpha": 0.0
          },
          "name": "NETWORK",
          "x": 170,
          "y": 40
        }
      }
    ],
    "gridSettings": {
      "sx": 8,
      "sy": 8,
      "ox": 11,
      "oy": 15,
      "snapOnGrid": true
    }
  }
}