{
  "_fv": 34,
  "_type": "procedure",
  "definition": {
    "procedurexml": "<xml xmlns=\"https://developers.google.com/blockly/xml\"><block type=\"event_trigger\" deletable=\"false\" x=\"40\" y=\"40\"><field name=\"trigger\">no_ext_trigger</field><next><block type=\"controls_if\"><value name=\"IF0\"><block type=\"logic_boolean\"><field name=\"BOOL\">TRUE</field></block></value><statement name=\"DO0\"><block type=\"execute_command\"><value name=\"command\"><block type=\"text_join\"><mutation items=\"7\"></mutation><value name=\"ADD0\"><block type=\"text\"><field name=\"TEXT\">execute as @e[tag=LOTW-custom_planting_bag</field></block></value><value name=\"ADD1\"><block type=\"text\"><field name=\"TEXT\">1</field></block></value><value name=\"ADD2\"><block type=\"text\"><field name=\"TEXT\">] at @s run data merge entity @s {HandItems:[{},{id:\"</field></block></value><value name=\"ADD3\"><block type=\"variables_get_string\"><mutation xmlns=\"http://www.w3.org/1999/xhtml\" is_player_var=\"false\" has_entity=\"false\"></mutation><field name=\"VAR\">global:custom_planting_bag_1_plant</field></block></value><value name=\"ADD4\"><block type=\"text\"><field name=\"TEXT\">\",Count:1b}],CustomName:'{\"text\":\"LOTW-custom_planting_</field></block></value><value name=\"ADD5\"><block type=\"text_replace\" inline=\"false\"><value name=\"what\"><block type=\"text\"><field name=\"TEXT\">.0</field></block></value><value name=\"with\"><block type=\"text\"><field name=\"TEXT\"></field></block></value><value name=\"text\"><block type=\"text_format_number\" inline=\"false\"><value name=\"number\"><block type=\"variables_get_number\"><mutation xmlns=\"http://www.w3.org/1999/xhtml\" is_player_var=\"false\" has_entity=\"false\"></mutation><field name=\"VAR\">global:custom_planting_bag_1_stage</field></block></value><value name=\"format\"><block type=\"text\"><field name=\"TEXT\">##.#</field></block></value></block></value></block></value><value name=\"ADD6\"><block type=\"text\"><field name=\"TEXT\">\"}'}</field></block></value></block></value><value name=\"x\"><block type=\"coord_x\"></block></value><value name=\"y\"><block type=\"coord_y\"></block></value><value name=\"z\"><block type=\"coord_z\"></block></value><next><block type=\"execute_command\"><value name=\"command\"><block type=\"text_join\"><mutation items=\"7\"></mutation><value name=\"ADD0\"><block type=\"text\"><field name=\"TEXT\">execute as @e[tag=LOTW-custom_planting_bag</field></block></value><value name=\"ADD1\"><block type=\"text\"><field name=\"TEXT\">2</field></block></value><value name=\"ADD2\"><block type=\"text\"><field name=\"TEXT\">] at @s run data merge entity @s {HandItems:[{},{id:\"</field></block></value><value name=\"ADD3\"><block type=\"variables_get_string\"><mutation xmlns=\"http://www.w3.org/1999/xhtml\" is_player_var=\"false\" has_entity=\"false\"></mutation><field name=\"VAR\">global:custom_planting_bag_2_plant</field></block></value><value name=\"ADD4\"><block type=\"text\"><field name=\"TEXT\">\",Count:1b}],CustomName:'{\"text\":\"LOTW-custom_planting_</field></block></value><value name=\"ADD5\"><block type=\"text_replace\" inline=\"false\"><value name=\"what\"><block type=\"text\"><field name=\"TEXT\">.0</field></block></value><value name=\"with\"><block type=\"text\"><field name=\"TEXT\"></field></block></value><value name=\"text\"><block type=\"text_format_number\" inline=\"false\"><value name=\"number\"><block type=\"variables_get_number\"><mutation xmlns=\"http://www.w3.org/1999/xhtml\" is_player_var=\"false\" has_entity=\"false\"></mutation><field name=\"VAR\">global:custom_planting_bag_2_stage</field></block></value><value name=\"format\"><block type=\"text\"><field name=\"TEXT\">##.#</field></block></value></block></value></block></value><value name=\"ADD6\"><block type=\"text\"><field name=\"TEXT\">\"}'}</field></block></value></block></value><value name=\"x\"><block type=\"coord_x\"></block></value><value name=\"y\"><block type=\"coord_y\"></block></value><value name=\"z\"><block type=\"coord_z\"></block></value><next><block type=\"execute_command\"><value name=\"command\"><block type=\"text_join\"><mutation items=\"7\"></mutation><value name=\"ADD0\"><block type=\"text\"><field name=\"TEXT\">execute as @e[tag=LOTW-custom_planting_bag</field></block></value><value name=\"ADD1\"><block type=\"text\"><field name=\"TEXT\">3</field></block></value><value name=\"ADD2\"><block type=\"text\"><field name=\"TEXT\">] at @s run data merge entity @s {HandItems:[{},{id:\"</field></block></value><value name=\"ADD3\"><block type=\"variables_get_string\"><mutation xmlns=\"http://www.w3.org/1999/xhtml\" is_player_var=\"false\" has_entity=\"false\"></mutation><field name=\"VAR\">global:custom_planting_bag_3_plant</field></block></value><value name=\"ADD4\"><block type=\"text\"><field name=\"TEXT\">\",Count:1b}],CustomName:'{\"text\":\"LOTW-custom_planting_</field></block></value><value name=\"ADD5\"><block type=\"text_replace\" inline=\"false\"><value name=\"what\"><block type=\"text\"><field name=\"TEXT\">.0</field></block></value><value name=\"with\"><block type=\"text\"><field name=\"TEXT\"></field></block></value><value name=\"text\"><block type=\"text_format_number\" inline=\"false\"><value name=\"number\"><block type=\"variables_get_number\"><mutation xmlns=\"http://www.w3.org/1999/xhtml\" is_player_var=\"false\" has_entity=\"false\"></mutation><field name=\"VAR\">global:custom_planting_bag_3_stage</field></block></value><value name=\"format\"><block type=\"text\"><field name=\"TEXT\">##.#</field></block></value></block></value></block></value><value name=\"ADD6\"><block type=\"text\"><field name=\"TEXT\">\"}'}</field></block></value></block></value><value name=\"x\"><block type=\"coord_x\"></block></value><value name=\"y\"><block type=\"coord_y\"></block></value><value name=\"z\"><block type=\"coord_z\"></block></value><next><block type=\"execute_command\"><value name=\"command\"><block type=\"text_join\"><mutation items=\"7\"></mutation><value name=\"ADD0\"><block type=\"text\"><field name=\"TEXT\">execute as @e[tag=LOTW-custom_planting_bag</field></block></value><value name=\"ADD1\"><block type=\"text\"><field name=\"TEXT\">4</field></block></value><value name=\"ADD2\"><block type=\"text\"><field name=\"TEXT\">] at @s run data merge entity @s {HandItems:[{},{id:\"</field></block></value><value name=\"ADD3\"><block type=\"variables_get_string\"><mutation xmlns=\"http://www.w3.org/1999/xhtml\" is_player_var=\"false\" has_entity=\"false\"></mutation><field name=\"VAR\">global:custom_planting_bag_4_plant</field></block></value><value name=\"ADD4\"><block type=\"text\"><field name=\"TEXT\">\",Count:1b}],CustomName:'{\"text\":\"LOTW-custom_planting_</field></block></value><value name=\"ADD5\"><block type=\"text_replace\" inline=\"false\"><value name=\"what\"><block type=\"text\"><field name=\"TEXT\">.0</field></block></value><value name=\"with\"><block type=\"text\"><field name=\"TEXT\"></field></block></value><value name=\"text\"><block type=\"text_format_number\" inline=\"false\"><value name=\"number\"><block type=\"variables_get_number\"><mutation xmlns=\"http://www.w3.org/1999/xhtml\" is_player_var=\"false\" has_entity=\"false\"></mutation><field name=\"VAR\">global:custom_planting_bag_4_stage</field></block></value><value name=\"format\"><block type=\"text\"><field name=\"TEXT\">##.#</field></block></value></block></value></block></value><value name=\"ADD6\"><block type=\"text\"><field name=\"TEXT\">\"}'}</field></block></value></block></value><value name=\"x\"><block type=\"coord_x\"></block></value><value name=\"y\"><block type=\"coord_y\"></block></value><value name=\"z\"><block type=\"coord_z\"></block></value><next><block type=\"execute_command\"><value name=\"command\"><block type=\"text_join\"><mutation items=\"7\"></mutation><value name=\"ADD0\"><block type=\"text\"><field name=\"TEXT\">execute as @e[tag=LOTW-custom_planting_bag</field></block></value><value name=\"ADD1\"><block type=\"text\"><field name=\"TEXT\">5</field></block></value><value name=\"ADD2\"><block type=\"text\"><field name=\"TEXT\">] at @s run data merge entity @s {HandItems:[{},{id:\"</field></block></value><value name=\"ADD3\"><block type=\"variables_get_string\"><mutation xmlns=\"http://www.w3.org/1999/xhtml\" is_player_var=\"false\" has_entity=\"false\"></mutation><field name=\"VAR\">global:custom_planting_bag_5_plant</field></block></value><value name=\"ADD4\"><block type=\"text\"><field name=\"TEXT\">\",Count:1b}],CustomName:'{\"text\":\"LOTW-custom_planting_</field></block></value><value name=\"ADD5\"><block type=\"text_replace\" inline=\"false\"><value name=\"what\"><block type=\"text\"><field name=\"TEXT\">.0</field></block></value><value name=\"with\"><block type=\"text\"><field name=\"TEXT\"></field></block></value><value name=\"text\"><block type=\"text_format_number\" inline=\"false\"><value name=\"number\"><block type=\"variables_get_number\"><mutation xmlns=\"http://www.w3.org/1999/xhtml\" is_player_var=\"false\" has_entity=\"false\"></mutation><field name=\"VAR\">global:custom_planting_bag_5_stage</field></block></value><value name=\"format\"><block type=\"text\"><field name=\"TEXT\">##.#</field></block></value></block></value></block></value><value name=\"ADD6\"><block type=\"text\"><field name=\"TEXT\">\"}'}</field></block></value></block></value><value name=\"x\"><block type=\"coord_x\"></block></value><value name=\"y\"><block type=\"coord_y\"></block></value><value name=\"z\"><block type=\"coord_z\"></block></value><next><block type=\"execute_command\"><value name=\"command\"><block type=\"text_join\"><mutation items=\"7\"></mutation><value name=\"ADD0\"><block type=\"text\"><field name=\"TEXT\">execute as @e[tag=LOTW-custom_planting_bag</field></block></value><value name=\"ADD1\"><block type=\"text\"><field name=\"TEXT\">6</field></block></value><value name=\"ADD2\"><block type=\"text\"><field name=\"TEXT\">] at @s run data merge entity @s {HandItems:[{},{id:\"</field></block></value><value name=\"ADD3\"><block type=\"variables_get_string\"><mutation xmlns=\"http://www.w3.org/1999/xhtml\" is_player_var=\"false\" has_entity=\"false\"></mutation><field name=\"VAR\">global:custom_planting_bag_6_plant</field></block></value><value name=\"ADD4\"><block type=\"text\"><field name=\"TEXT\">\",Count:1b}],CustomName:'{\"text\":\"LOTW-custom_planting_</field></block></value><value name=\"ADD5\"><block type=\"text_replace\" inline=\"false\"><value name=\"what\"><block type=\"text\"><field name=\"TEXT\">.0</field></block></value><value name=\"with\"><block type=\"text\"><field name=\"TEXT\"></field></block></value><value name=\"text\"><block type=\"text_format_number\" inline=\"false\"><value name=\"number\"><block type=\"variables_get_number\"><mutation xmlns=\"http://www.w3.org/1999/xhtml\" is_player_var=\"false\" has_entity=\"false\"></mutation><field name=\"VAR\">global:custom_planting_bag_6_stage</field></block></value><value name=\"format\"><block type=\"text\"><field name=\"TEXT\">##.#</field></block></value></block></value></block></value><value name=\"ADD6\"><block type=\"text\"><field name=\"TEXT\">\"}'}</field></block></value></block></value><value name=\"x\"><block type=\"coord_x\"></block></value><value name=\"y\"><block type=\"coord_y\"></block></value><value name=\"z\"><block type=\"coord_z\"></block></value></block></next></block></next></block></next></block></next></block></next></block></statement></block></next></block></xml>"
  }
}