{
  "_fv": 34,
  "_type": "rangeditem",
  "definition": {
    "renderType": 0,
    "texture": "protector_fireball",
    "customModelName": "Normal",
    "name": "Protector's Fireball",
    "specialInfo": [],
    "creativeTab": {
      "value": "CUSTOM:LotwTab"
    },
    "stackSize": 1,
    "ammoItem": {
      "value": ""
    },
    "shootConstantly": false,
    "usageCount": 10,
    "actionSound": {
      "value": "entity.endereye.death"
    },
    "hasGlow": false,
    "animation": "none",
    "enableMeleeDamage": false,
    "damageVsEntity": 0.0,
    "bulletPower": 1.0,
    "bulletDamage": 0.5,
    "bulletKnockback": 0,
    "bulletParticles": false,
    "bulletIgnitesFire": false,
    "bulletItemTexture": {
      "value": "Blocks.AIR"
    },
    "bulletModel": "Default",
    "customBulletModelTexture": ""
  }
}