{
  "_fv": 34,
  "_type": "gui",
  "definition": {
    "type": 0,
    "width": 0,
    "height": 0,
    "inventoryOffsetX": 0,
    "inventoryOffsetY": 0,
    "renderBgLayer": true,
    "doesPauseGame": false,
    "components": [
      {
        "type": "image",
        "data": {
          "image": "tph_book.png",
          "use1Xscale": false,
          "name": "tph_book.png",
          "x": 134,
          "y": 8
        }
      },
      {
        "type": "button",
        "data": {
          "text": "Close",
          "onClick": {
            "name": "CloseGUI"
          },
          "width": 48,
          "height": 20,
          "name": "Close",
          "x": 374,
          "y": 192
        }
      },
      {
        "type": "label",
        "data": {
          "text": "Mana : [<VAR:integer:mana>/30]",
          "color": {
            "value": -6710887,
            "falpha": 0.0
          },
          "name": "Mana : [<VAR:integer:mana>/30]",
          "x": 134,
          "y": 196
        }
      },
      {
        "type": "button",
        "data": {
          "text": ">",
          "onClick": {
            "name": "InfoSpellGUInext"
          },
          "width": 8,
          "height": 20,
          "name": ">",
          "x": 414,
          "y": 88
        }
      },
      {
        "type": "button",
        "data": {
          "text": "{",
          "onClick": {
            "name": "InfoSpellGUIhome"
          },
          "width": 8,
          "height": 20,
          "name": "{",
          "x": 134,
          "y": 16
        }
      },
      {
        "type": "button",
        "data": {
          "text": "<",
          "onClick": {
            "name": "InfoSpellGUIprevious"
          },
          "width": 8,
          "height": 20,
          "name": "<",
          "x": 134,
          "y": 88
        }
      },
      {
        "type": "image",
        "data": {
          "image": "spell10.png",
          "use1Xscale": false,
          "name": "spell10.png",
          "x": 150,
          "y": 24
        }
      },
      {
        "type": "image",
        "data": {
          "image": "spell9.png",
          "use1Xscale": false,
          "name": "spell9.png",
          "x": 286,
          "y": 24
        }
      },
      {
        "type": "label",
        "data": {
          "text": "PHAROS OF THE SKY",
          "color": {
            "value": -16777216,
            "falpha": 0.0
          },
          "name": "PHAROS OF THE SKY",
          "x": 170,
          "y": 28
        }
      },
      {
        "type": "label",
        "data": {
          "text": "BIOSPHERE",
          "color": {
            "value": -16777216,
            "falpha": 0.0
          },
          "name": "BIOSPHERE",
          "x": 306,
          "y": 28
        }
      },
      {
        "type": "label",
        "data": {
          "text": "G : White Tulip",
          "color": {
            "value": -6737152,
            "falpha": 0.0
          },
          "name": "G : White Tulip",
          "x": 286,
          "y": 156
        }
      },
      {
        "type": "label",
        "data": {
          "text": "M : 30",
          "color": {
            "value": -6737152,
            "falpha": 0.0
          },
          "name": "M : 30",
          "x": 286,
          "y": 168
        }
      },
      {
        "type": "label",
        "data": {
          "text": "Not Update Yet",
          "color": {
            "value": -10079488,
            "falpha": 0.0
          },
          "name": "Not Update Yet",
          "x": 306,
          "y": 92
        }
      },
      {
        "type": "label",
        "data": {
          "text": "The spell of detection.",
          "color": {
            "value": -10079488,
            "falpha": 0.0
          },
          "name": "The spell of detection.",
          "x": 158,
          "y": 44
        }
      },
      {
        "type": "label",
        "data": {
          "text": "Create a hologram map of",
          "color": {
            "value": -10079488,
            "falpha": 0.0
          },
          "name": "Create a hologram map of",
          "x": 150,
          "y": 56
        }
      },
      {
        "type": "label",
        "data": {
          "text": "entities like the stars",
          "color": {
            "value": -10079488,
            "falpha": 0.0
          },
          "name": "entities like the stars",
          "x": 150,
          "y": 68
        }
      },
      {
        "type": "label",
        "data": {
          "text": "in the nebula.",
          "color": {
            "value": -10079488,
            "falpha": 0.0
          },
          "name": "in the nebula.",
          "x": 150,
          "y": 80
        }
      },
      {
        "type": "label",
        "data": {
          "text": "Y : Large Fern",
          "color": {
            "value": -6737152,
            "falpha": 0.0
          },
          "name": "Y : Large Fern",
          "x": 150,
          "y": 132
        }
      },
      {
        "type": "label",
        "data": {
          "text": "B : Corn Flower",
          "color": {
            "value": -6737152,
            "falpha": 0.0
          },
          "name": "B : Corn Flower",
          "x": 150,
          "y": 144
        }
      },
      {
        "type": "label",
        "data": {
          "text": "R : Orange Tulip",
          "color": {
            "value": -6737152,
            "falpha": 0.0
          },
          "name": "R : Orange Tulip",
          "x": 150,
          "y": 156
        }
      },
      {
        "type": "label",
        "data": {
          "text": "M : 30",
          "color": {
            "value": -6737152,
            "falpha": 0.0
          },
          "name": "M : 30",
          "x": 150,
          "y": 168
        }
      },
      {
        "type": "label",
        "data": {
          "text": "P : Dark Oak Sapling",
          "color": {
            "value": -6737152,
            "falpha": 0.0
          },
          "name": "P : Dark Oak Sapling",
          "x": 150,
          "y": 120
        }
      },
      {
        "type": "label",
        "data": {
          "text": "G : Sunflower",
          "color": {
            "value": -6737152,
            "falpha": 0.0
          },
          "name": "G : Sunflower",
          "x": 150,
          "y": 108
        }
      },
      {
        "type": "button",
        "data": {
          "text": "Back",
          "onClick": {
            "name": "ClickLanternGround"
          },
          "displayCondition": {
            "name": "ReturnLanternGoundTRUE"
          },
          "width": 48,
          "height": 20,
          "name": "Back",
          "x": 326,
          "y": 192
        }
      }
    ],
    "gridSettings": {
      "sx": 8,
      "sy": 8,
      "ox": 11,
      "oy": 15,
      "snapOnGrid": true
    }
  }
}