{
  "_fv": 34,
  "_type": "gui",
  "definition": {
    "type": 0,
    "width": 0,
    "height": 0,
    "inventoryOffsetX": 0,
    "inventoryOffsetY": 0,
    "renderBgLayer": true,
    "doesPauseGame": false,
    "components": [
      {
        "type": "image",
        "data": {
          "image": "tph_book.png",
          "use1Xscale": false,
          "name": "tph_book.png",
          "x": 134,
          "y": 8
        }
      },
      {
        "type": "button",
        "data": {
          "text": "Close",
          "onClick": {
            "name": "CloseGUI"
          },
          "width": 48,
          "height": 20,
          "name": "Close",
          "x": 374,
          "y": 192
        }
      },
      {
        "type": "label",
        "data": {
          "text": "Mana : [<VAR:integer:mana>/30]",
          "color": {
            "value": -6710887,
            "falpha": 0.0
          },
          "name": "Mana : [<VAR:integer:mana>/30]",
          "x": 134,
          "y": 196
        }
      },
      {
        "type": "button",
        "data": {
          "text": "{",
          "onClick": {
            "name": "InfoSpellGUIhome"
          },
          "width": 8,
          "height": 20,
          "name": "{",
          "x": 134,
          "y": 16
        }
      },
      {
        "type": "button",
        "data": {
          "text": "<",
          "onClick": {
            "name": "InfoSpellGUIprevious"
          },
          "width": 8,
          "height": 20,
          "name": "<",
          "x": 134,
          "y": 88
        }
      },
      {
        "type": "image",
        "data": {
          "image": "spell12.png",
          "use1Xscale": false,
          "name": "spell12.png",
          "x": 150,
          "y": 24
        }
      },
      {
        "type": "label",
        "data": {
          "text": "MOON SHINES",
          "color": {
            "value": -16777216,
            "falpha": 0.0
          },
          "name": "MOON SHINES",
          "x": 170,
          "y": 28
        }
      },
      {
        "type": "label",
        "data": {
          "text": "M : 30",
          "color": {
            "value": -6737152,
            "falpha": 0.0
          },
          "name": "M : 30",
          "x": 150,
          "y": 168
        }
      },
      {
        "type": "label",
        "data": {
          "text": "Not Update Yet",
          "color": {
            "value": -10079488,
            "falpha": 0.0
          },
          "name": "Not Update Yet",
          "x": 174,
          "y": 92
        }
      },
      {
        "type": "label",
        "data": {
          "text": "G : Dandelion",
          "color": {
            "value": -6737152,
            "falpha": 0.0
          },
          "name": "G : Dandelion",
          "x": 150,
          "y": 156
        }
      },
      {
        "type": "button",
        "data": {
          "text": "Back",
          "onClick": {
            "name": "ClickLanternGround"
          },
          "displayCondition": {
            "name": "ReturnLanternGoundTRUE"
          },
          "width": 48,
          "height": 20,
          "name": "Back",
          "x": 326,
          "y": 192
        }
      },
      {
        "type": "image",
        "data": {
          "image": "advance_spell7.png",
          "use1Xscale": false,
          "name": "advance_spell7.png",
          "x": 286,
          "y": 24
        }
      },
      {
        "type": "label",
        "data": {
          "text": "ENCANTAMIENTOS",
          "color": {
            "value": -16777216,
            "falpha": 0.0
          },
          "name": "ENCANTAMIENTOS",
          "x": 306,
          "y": 28
        }
      },
      {
        "type": "label",
        "data": {
          "text": "The spell of books.",
          "color": {
            "value": -10079488,
            "falpha": 0.0
          },
          "name": "The spell of books.",
          "x": 294,
          "y": 44
        }
      },
      {
        "type": "label",
        "data": {
          "text": "Generate an enchanted",
          "color": {
            "value": -10079488,
            "falpha": 0.0
          },
          "name": "Generate an enchanted",
          "x": 286,
          "y": 56
        }
      },
      {
        "type": "label",
        "data": {
          "text": "books, use spell books",
          "color": {
            "value": -10079488,
            "falpha": 0.0
          },
          "name": "books, use spell books",
          "x": 286,
          "y": 68
        }
      },
      {
        "type": "label",
        "data": {
          "text": "and manage enchantments",
          "color": {
            "value": -10079488,
            "falpha": 0.0
          },
          "name": "and manage enchantments",
          "x": 286,
          "y": 80
        }
      },
      {
        "type": "label",
        "data": {
          "text": "in any items.",
          "color": {
            "value": -10079488,
            "falpha": 0.0
          },
          "name": "in any items.",
          "x": 286,
          "y": 92
        }
      },
      {
        "type": "label",
        "data": {
          "text": "M : 30",
          "color": {
            "value": -6737152,
            "falpha": 0.0
          },
          "name": "M : 30",
          "x": 286,
          "y": 168
        }
      },
      {
        "type": "label",
        "data": {
          "text": "G : Sunflower",
          "color": {
            "value": -6737152,
            "falpha": 0.0
          },
          "name": "G : Sunflower",
          "x": 286,
          "y": 108
        }
      },
      {
        "type": "label",
        "data": {
          "text": "P : Allium",
          "color": {
            "value": -6737152,
            "falpha": 0.0
          },
          "name": "P : Allium",
          "x": 286,
          "y": 120
        }
      },
      {
        "type": "label",
        "data": {
          "text": "Y : Acia Sapling",
          "color": {
            "value": -6737152,
            "falpha": 0.0
          },
          "name": "Y : Acia Sapling",
          "x": 286,
          "y": 132
        }
      },
      {
        "type": "label",
        "data": {
          "text": "B : Blue Archid",
          "color": {
            "value": -6737152,
            "falpha": 0.0
          },
          "name": "B : Blue Archid",
          "x": 286,
          "y": 144
        }
      },
      {
        "type": "label",
        "data": {
          "text": "R : Crimson Fungus",
          "color": {
            "value": -6737152,
            "falpha": 0.0
          },
          "name": "R : Crimson Fungus",
          "x": 286,
          "y": 156
        }
      }
    ],
    "gridSettings": {
      "sx": 8,
      "sy": 8,
      "ox": 11,
      "oy": 15,
      "snapOnGrid": true
    }
  }
}