{
  "_fv": 34,
  "_type": "gui",
  "definition": {
    "type": 0,
    "width": 0,
    "height": 0,
    "inventoryOffsetX": 0,
    "inventoryOffsetY": 0,
    "renderBgLayer": true,
    "doesPauseGame": false,
    "components": [
      {
        "type": "image",
        "data": {
          "image": "tph_book.png",
          "use1Xscale": false,
          "name": "tph_book.png",
          "x": 134,
          "y": 8
        }
      },
      {
        "type": "button",
        "data": {
          "text": "Close",
          "onClick": {
            "name": "CloseGUI"
          },
          "width": 48,
          "height": 20,
          "name": "Close",
          "x": 374,
          "y": 192
        }
      },
      {
        "type": "label",
        "data": {
          "text": "Mana : [<VAR:integer:mana>/30]",
          "color": {
            "value": -6710887,
            "falpha": 0.0
          },
          "name": "Mana : [<VAR:integer:mana>/30]",
          "x": 134,
          "y": 196
        }
      },
      {
        "type": "button",
        "data": {
          "text": ">",
          "onClick": {
            "name": "InfoSpellGUInext"
          },
          "width": 8,
          "height": 20,
          "name": ">",
          "x": 414,
          "y": 88
        }
      },
      {
        "type": "button",
        "data": {
          "text": "{",
          "onClick": {
            "name": "InfoSpellGUIhome"
          },
          "width": 8,
          "height": 20,
          "name": "{",
          "x": 134,
          "y": 16
        }
      },
      {
        "type": "button",
        "data": {
          "text": "<",
          "onClick": {
            "name": "InfoSpellGUIprevious"
          },
          "width": 8,
          "height": 20,
          "name": "<",
          "x": 134,
          "y": 88
        }
      },
      {
        "type": "image",
        "data": {
          "image": "spell1.png",
          "use1Xscale": false,
          "name": "spell1.png",
          "x": 150,
          "y": 24
        }
      },
      {
        "type": "image",
        "data": {
          "image": "spell2.png",
          "use1Xscale": false,
          "name": "spell2.png",
          "x": 286,
          "y": 24
        }
      },
      {
        "type": "label",
        "data": {
          "text": "WEAPON MANIPULATION",
          "color": {
            "value": -16777216,
            "falpha": 0.0
          },
          "name": "WEAPON MANIPULATION",
          "x": 170,
          "y": 28
        }
      },
      {
        "type": "label",
        "data": {
          "text": "LOST IN REALITY",
          "color": {
            "value": -16777216,
            "falpha": 0.0
          },
          "name": "LOST IN REALITY",
          "x": 306,
          "y": 28
        }
      },
      {
        "type": "label",
        "data": {
          "text": "G : Brown Mushroom",
          "color": {
            "value": -6737152,
            "falpha": 0.0
          },
          "name": "G : Brown Mushroom",
          "x": 286,
          "y": 156
        }
      },
      {
        "type": "label",
        "data": {
          "text": "M : 30",
          "color": {
            "value": -6737152,
            "falpha": 0.0
          },
          "name": "M : 30",
          "x": 286,
          "y": 168
        }
      },
      {
        "type": "label",
        "data": {
          "text": "Not Update Yet",
          "color": {
            "value": -10079488,
            "falpha": 0.0
          },
          "name": "Not Update Yet",
          "x": 306,
          "y": 92
        }
      },
      {
        "type": "label",
        "data": {
          "text": "The spell of weapon",
          "color": {
            "value": -10079488,
            "falpha": 0.0
          },
          "name": "The spell of weapon",
          "x": 158,
          "y": 44
        }
      },
      {
        "type": "label",
        "data": {
          "text": "and objects controlling,",
          "color": {
            "value": -10079488,
            "falpha": 0.0
          },
          "name": "and objects controlling,",
          "x": 150,
          "y": 56
        }
      },
      {
        "type": "label",
        "data": {
          "text": "use your magic to move",
          "color": {
            "value": -10079488,
            "falpha": 0.0
          },
          "name": "use your magic to move",
          "x": 150,
          "y": 68
        }
      },
      {
        "type": "label",
        "data": {
          "text": "objects like telekinesis",
          "color": {
            "value": -10079488,
            "falpha": 0.0
          },
          "name": "objects like telekinesis",
          "x": 150,
          "y": 80
        }
      },
      {
        "type": "label",
        "data": {
          "text": "P : Wither Rose",
          "color": {
            "value": -6737152,
            "falpha": 0.0
          },
          "name": "P : Wither Rose",
          "x": 150,
          "y": 132
        }
      },
      {
        "type": "label",
        "data": {
          "text": "Y : Red Tulip",
          "color": {
            "value": -6737152,
            "falpha": 0.0
          },
          "name": "Y : Red Tulip",
          "x": 150,
          "y": 144
        }
      },
      {
        "type": "label",
        "data": {
          "text": "B : Red Mushroom",
          "color": {
            "value": -6737152,
            "falpha": 0.0
          },
          "name": "B : Red Mushroom",
          "x": 150,
          "y": 156
        }
      },
      {
        "type": "label",
        "data": {
          "text": "M : 30",
          "color": {
            "value": -6737152,
            "falpha": 0.0
          },
          "name": "M : 30",
          "x": 150,
          "y": 168
        }
      },
      {
        "type": "label",
        "data": {
          "text": "and use their skills.",
          "color": {
            "value": -10079488,
            "falpha": 0.0
          },
          "name": "and use their skills.",
          "x": 150,
          "y": 92
        }
      },
      {
        "type": "label",
        "data": {
          "text": "G : Dead Bush",
          "color": {
            "value": -6737152,
            "falpha": 0.0
          },
          "name": "G : Dead Bush",
          "x": 150,
          "y": 120
        }
      },
      {
        "type": "label",
        "data": {
          "text": "R : Rose Bush",
          "color": {
            "value": -6737152,
            "falpha": 0.0
          },
          "name": "R : Rose Bush",
          "x": 150,
          "y": 108
        }
      },
      {
        "type": "button",
        "data": {
          "text": "Back",
          "onClick": {
            "name": "ClickLanternGround"
          },
          "displayCondition": {
            "name": "ReturnLanternGoundTRUE"
          },
          "width": 48,
          "height": 20,
          "name": "Back",
          "x": 326,
          "y": 192
        }
      }
    ],
    "gridSettings": {
      "sx": 8,
      "sy": 8,
      "ox": 11,
      "oy": 15,
      "snapOnGrid": true
    }
  }
}