{
  "_fv": 34,
  "_type": "gui",
  "definition": {
    "type": 0,
    "width": 0,
    "height": 0,
    "inventoryOffsetX": 0,
    "inventoryOffsetY": 0,
    "renderBgLayer": true,
    "doesPauseGame": false,
    "components": [
      {
        "type": "image",
        "data": {
          "image": "tph_book.png",
          "use1Xscale": false,
          "name": "tph_book.png",
          "x": 134,
          "y": 8
        }
      },
      {
        "type": "button",
        "data": {
          "text": "Close",
          "onClick": {
            "name": "CloseGUI"
          },
          "width": 48,
          "height": 20,
          "name": "Close",
          "x": 374,
          "y": 192
        }
      },
      {
        "type": "label",
        "data": {
          "text": "LANTERN OF",
          "color": {
            "value": -16777216,
            "falpha": 0.0
          },
          "name": "LANTERN OF",
          "x": 182,
          "y": 88
        }
      },
      {
        "type": "image",
        "data": {
          "image": "1_cornflower.png",
          "use1Xscale": false,
          "name": "1_cornflower.png",
          "x": 238,
          "y": 112
        }
      },
      {
        "type": "image",
        "data": {
          "image": "1_blue_orchid.png",
          "use1Xscale": false,
          "name": "1_blue_orchid.png",
          "x": 254,
          "y": 92
        }
      },
      {
        "type": "image",
        "data": {
          "image": "1_fern.png",
          "use1Xscale": false,
          "name": "1_fern.png",
          "x": 150,
          "y": 92
        }
      },
      {
        "type": "image",
        "data": {
          "image": "1_rose_bush.png",
          "use1Xscale": false,
          "name": "1_rose_bush.png",
          "x": 166,
          "y": 112
        }
      },
      {
        "type": "label",
        "data": {
          "text": "THE WOODLANDS",
          "color": {
            "value": -16777216,
            "falpha": 0.0
          },
          "name": "THE WOODLANDS",
          "x": 170,
          "y": 100
        }
      },
      {
        "type": "button",
        "data": {
          "text": "Basic Spells",
          "onClick": {
            "name": "InfoSpellGUIWarpBasicSpell"
          },
          "width": 120,
          "height": 20,
          "name": "Basic Spells",
          "x": 286,
          "y": 96
        }
      },
      {
        "type": "button",
        "data": {
          "text": "Ally List",
          "onClick": {
            "name": "InfoSpellGUIWarpAllyList"
          },
          "width": 120,
          "height": 20,
          "name": "Ally List",
          "x": 286,
          "y": 48
        }
      },
      {
        "type": "button",
        "data": {
          "text": " User Pack",
          "onClick": {
            "name": "InfoSpellGUIWarpUserPack"
          },
          "width": 120,
          "height": 20,
          "name": " User Pack",
          "x": 286,
          "y": 72
        }
      },
      {
        "type": "label",
        "data": {
          "text": "Mana : [<VAR:integer:mana>/30]",
          "color": {
            "value": -10079488,
            "falpha": 0.0
          },
          "name": "Mana : [<VAR:integer:mana>/30]",
          "x": 286,
          "y": 156
        }
      },
      {
        "type": "label",
        "data": {
          "text": "Charge : [<VAR:integer:mana_charge>/60]",
          "color": {
            "value": -10079488,
            "falpha": 0.0
          },
          "name": "Charge : [<VAR:integer:mana_charge>/60]",
          "x": 286,
          "y": 168
        }
      },
      {
        "type": "button",
        "data": {
          "text": ">",
          "onClick": {
            "name": "InfoSpellGUInext"
          },
          "width": 8,
          "height": 20,
          "name": ">",
          "x": 414,
          "y": 88
        }
      },
      {
        "type": "button",
        "data": {
          "text": "Advance Spells",
          "onClick": {
            "name": "InfoSpellGUIWarpAdvanceSpells"
          },
          "width": 120,
          "height": 20,
          "name": "Advance Spells",
          "x": 286,
          "y": 120
        }
      },
      {
        "type": "button",
        "data": {
          "text": "Back",
          "onClick": {
            "name": "ClickLanternGround"
          },
          "displayCondition": {
            "name": "ReturnLanternGoundTRUE"
          },
          "width": 48,
          "height": 20,
          "name": "Back",
          "x": 326,
          "y": 192
        }
      },
      {
        "type": "button",
        "data": {
          "text": "Alternative Keyboard",
          "onClick": {
            "name": "InfoSpellGUIWarpAlternativeKeyboard"
          },
          "width": 120,
          "height": 20,
          "name": "Alternative Keyboard",
          "x": 286,
          "y": 24
        }
      }
    ],
    "gridSettings": {
      "sx": 8,
      "sy": 8,
      "ox": 11,
      "oy": 15,
      "snapOnGrid": true
    }
  }
}