{
  "_fv": 34,
  "_type": "item",
  "definition": {
    "renderType": 0,
    "texture": "letter_from_the_other_side",
    "customModelName": "Normal",
    "name": "Invitation",
    "rarity": "COMMON",
    "creativeTab": {
      "value": "CUSTOM:LotwTab"
    },
    "stackSize": 64,
    "enchantability": 0,
    "useDuration": 0,
    "toolType": 1.0,
    "damageCount": 0,
    "recipeRemainder": {
      "value": ""
    },
    "destroyAnyBlock": false,
    "immuneToFire": false,
    "stayInGridWhenCrafting": false,
    "damageOnCrafting": false,
    "enableMeleeDamage": false,
    "damageVsEntity": 0.0,
    "specialInfo": [
      "------------------------------",
      "Info",
      "> Right click to open invitation page",
      "> Accept this will teleport you and nearby entity to nature mage's lantern",
      "> Use around 20 seconds to open the portal door",
      "> Time left in 60 seconds",
      "------------------------------"
    ],
    "hasGlow": false,
    "guiBoundTo": "<NONE>",
    "inventorySize": 9,
    "inventoryStackSize": 64,
    "onRightClickedInAir": {
      "name": "BasicSpell6openGUIpage"
    },
    "isFood": false,
    "nutritionalValue": 0,
    "saturation": 0.30000001192092896,
    "eatResultItem": {
      "value": ""
    },
    "isMeat": false,
    "isAlwaysEdible": false,
    "animation": "eat"
  }
}