{
  "_fv": 34,
  "_type": "livingentity",
  "definition": {
    "mobName": "Protector",
    "mobLabel": "",
    "mobModelName": "Chicken",
    "mobModelTexture": "no_texture.png",
    "mobModelGlowTexture": "",
    "modelWidth": 0.25,
    "modelHeight": 0.25,
    "modelShadowSize": 0.0,
    "mountedYOffset": 0.0,
    "hasSpawnEgg": true,
    "spawnEggBaseColor": {
      "value": -52429,
      "falpha": 0.0
    },
    "spawnEggDotColor": {
      "value": -39322,
      "falpha": 0.0
    },
    "creativeTab": {
      "value": "CUSTOM:LotwTab"
    },
    "isBoss": false,
    "bossBarColor": "PINK",
    "bossBarType": "PROGRESS",
    "equipmentMainHand": {
      "value": "Items.GLOWSTONE_DUST"
    },
    "equipmentOffHand": {
      "value": ""
    },
    "equipmentHelmet": {
      "value": ""
    },
    "equipmentBody": {
      "value": ""
    },
    "equipmentLeggings": {
      "value": ""
    },
    "equipmentBoots": {
      "value": ""
    },
    "mobBehaviourType": "Creature",
    "mobCreatureType": "UNDEFINED",
    "attackStrength": 0,
    "attackKnockback": 0.0,
    "knockbackResistance": 10.0,
    "movementSpeed": 0.0,
    "armorBaseValue": 0.0,
    "trackingRange": 64,
    "followRange": 32,
    "health": 1,
    "xpAmount": 0,
    "waterMob": false,
    "flyingMob": true,
    "guiBoundTo": "<NONE>",
    "inventorySize": 9,
    "inventoryStackSize": 64,
    "disableCollisions": true,
    "ridable": false,
    "canControlForward": false,
    "canControlStrafe": false,
    "immuneToFire": false,
    "immuneToArrows": false,
    "immuneToFallDamage": false,
    "immuneToCactus": false,
    "immuneToDrowning": false,
    "immuneToLightning": false,
    "immuneToPotions": false,
    "immuneToPlayer": false,
    "immuneToExplosion": false,
    "immuneToTrident": false,
    "immuneToAnvil": false,
    "immuneToWither": false,
    "immuneToDragonBreath": false,
    "mobDrop": {
      "value": ""
    },
    "livingSound": {
      "value": ""
    },
    "hurtSound": {
      "value": "entity.bat.hurt"
    },
    "deathSound": {
      "value": "entity.bat.death"
    },
    "stepSound": {
      "value": ""
    },
    "spawnParticles": false,
    "particleToSpawn": {
      "value": "CUSTOM:Warning"
    },
    "particleSpawningShape": "Top",
    "particleSpawningRadious": 0.0,
    "particleAmount": 1,
    "hasAI": true,
    "aiBase": "(none)",
    "aixml": "<xml xmlns=\"https://developers.google.com/blockly/xml\"><block type=\"aitasks_container\" deletable=\"false\" x=\"40\" y=\"40\"><next><block type=\"attack_entity\"><field name=\"insight\">FALSE</field><field name=\"nearby\">FALSE</field><field name=\"entity\">EntityMonster</field><field name=\"condition\">null,null</field><next><block type=\"attack_action\"><field name=\"callhelp\">TRUE</field><field name=\"condition\">null,null</field></block></next></block></next></block><block type=\"attack_fly\" x=\"686\" y=\"124\"><field name=\"radius\">20</field><field name=\"speed\">0</field><field name=\"condition\">null,null</field></block></xml>",
    "breedable": false,
    "tameable": false,
    "breedTriggerItems": [],
    "ranged": true,
    "rangedAttackItem": {
      "value": "CUSTOM:Fireball"
    },
    "rangedItemType": "Fireball",
    "spawnThisMob": false,
    "doesDespawnWhenIdle": false,
    "spawningProbability": 1,
    "mobSpawningType": "creature",
    "minNumberOfMobsPerGroup": 4,
    "maxNumberOfMobsPerGroup": 4,
    "restrictionBiomes": [],
    "spawnInDungeons": false
  }
}