{
  "_fv": 34,
  "_type": "procedure",
  "definition": {
    "procedurexml": "<xml xmlns=\"https://developers.google.com/blockly/xml\"><block type=\"event_trigger\" deletable=\"false\" x=\"40\" y=\"40\"><field name=\"trigger\">no_ext_trigger</field><next><block type=\"wait\"><value name=\"ticks\"><block type=\"math_number\"><field name=\"NUM\">20</field></block></value><statement name=\"do\"><block type=\"controls_if\"><mutation else=\"1\"></mutation><value name=\"IF0\"><block type=\"math_binary_ops\"><field name=\"OP\">EQ</field><value name=\"A\"><block type=\"math_random_int_between\"><value name=\"min\"><block type=\"math_number\"><field name=\"NUM\">1</field></block></value><value name=\"max\"><block type=\"math_number\"><field name=\"NUM\">2</field></block></value></block></value><value name=\"B\"><block type=\"math_number\"><field name=\"NUM\">1</field></block></value></block></value><statement name=\"DO0\"><block type=\"execute_command\"><value name=\"command\"><block type=\"text_join\"><mutation items=\"3\"></mutation><value name=\"ADD0\"><block type=\"text\"><field name=\"TEXT\">execute as @e[type=item,nbt={OnGround:1b,Item:{id:\"lotw:random_seed\"}}] at @s if block ~ ~-0.1 ~ #lotw:random_seed_ground_block at @e[type=item,nbt={OnGround:1b,Item:{id:\"lotw:random_seed\"}}] run summon armor_stand ~ ~-0.7 ~ {Tags:[\"LOTW-ally\",\"LOTW-custom_planting\"],NoGravity:1b,Invisible:1b,Marker:1b,CustomName:'{\"text\":\"LOTW-custom_planting_0\"}',Small:1b,ShowArms:1b,Pose:{LeftArm:[0.0f,90.0f,90.0f]},HandItems:[{},{id:\"\",Count:1b}],Rotation:[</field></block></value><value name=\"ADD1\"><block type=\"math_random_number_between\"><value name=\"min\"><block type=\"math_number\"><field name=\"NUM\">1</field></block></value><value name=\"max\"><block type=\"math_number\"><field name=\"NUM\">360</field></block></value></block></value><value name=\"ADD2\"><block type=\"text\"><field name=\"TEXT\">f]}</field></block></value></block></value><value name=\"x\"><block type=\"coord_x\"></block></value><value name=\"y\"><block type=\"coord_y\"></block></value><value name=\"z\"><block type=\"coord_z\"></block></value><next><block type=\"execute_command\"><value name=\"command\"><block type=\"text\"><field name=\"TEXT\">execute as @e[type=item,nbt={OnGround:1b,Item:{id:\"lotw:random_seed\"}}] at @s if block ~ ~-0.1 ~ #lotw:random_seed_ground_block at @e[type=item,nbt={OnGround:1b,Item:{id:\"lotw:random_seed\"}}] positioned ~ ~-0.71 ~ as @e[tag=LOTW-custom_planting,distance=..0.01,limit=1,sort=nearest] at @s run tp @s ^0.125 ^ ^-0.025</field></block></value><value name=\"x\"><block type=\"coord_x\"></block></value><value name=\"y\"><block type=\"coord_y\"></block></value><value name=\"z\"><block type=\"coord_z\"></block></value></block></next></block></statement><statement name=\"ELSE\"><block type=\"execute_command\"><value name=\"command\"><block type=\"text_join\"><mutation items=\"3\"></mutation><value name=\"ADD0\"><block type=\"text\"><field name=\"TEXT\">execute as @e[type=item,nbt={OnGround:1b,Item:{id:\"lotw:random_seed\"}}] at @s if block ~ ~-0.1 ~ #lotw:random_seed_ground_block at @e[type=item,nbt={OnGround:1b,Item:{id:\"lotw:random_seed\"}}] run summon armor_stand ~ ~-1.41 ~ {Tags:[\"LOTW-ally\",\"LOTW-custom_planting\"],NoGravity:1b,Invisible:1b,Marker:1b,CustomName:'{\"text\":\"LOTW-custom_planting_0\"}',Small:0b,ShowArms:1b,Pose:{LeftArm:[0.0f,90.0f,90.0f]},HandItems:[{},{id:\"\",Count:1b}],Rotation:[</field></block></value><value name=\"ADD1\"><block type=\"math_random_number_between\"><value name=\"min\"><block type=\"math_number\"><field name=\"NUM\">1</field></block></value><value name=\"max\"><block type=\"math_number\"><field name=\"NUM\">360</field></block></value></block></value><value name=\"ADD2\"><block type=\"text\"><field name=\"TEXT\">f]}</field></block></value></block></value><value name=\"x\"><block type=\"coord_x\"></block></value><value name=\"y\"><block type=\"coord_y\"></block></value><value name=\"z\"><block type=\"coord_z\"></block></value><next><block type=\"execute_command\"><value name=\"command\"><block type=\"text\"><field name=\"TEXT\">execute as @e[type=item,nbt={OnGround:1b,Item:{id:\"lotw:random_seed\"}}] at @s if block ~ ~-0.1 ~ #lotw:random_seed_ground_block at @e[type=item,nbt={OnGround:1b,Item:{id:\"lotw:random_seed\"}}] positioned ~ ~-1.41 ~ as @e[tag=LOTW-custom_planting,distance=..0.01,limit=1,sort=nearest] at @s run tp @s ^0.25 ^ ^-0.025</field></block></value><value name=\"x\"><block type=\"coord_x\"></block></value><value name=\"y\"><block type=\"coord_y\"></block></value><value name=\"z\"><block type=\"coord_z\"></block></value></block></next></block></statement><next><block type=\"execute_command\"><value name=\"command\"><block type=\"text_join\"><mutation items=\"3\"></mutation><value name=\"ADD0\"><block type=\"text\"><field name=\"TEXT\">execute as @e[type=item,nbt={OnGround:1b,Item:{id:\"lotw:random_seed\"}}] at @s if block ~ ~-0.1 ~ #lotw:random_seed_ground_block at @e[type=item,nbt={OnGround:1b,Item:{id:\"lotw:random_seed\"}}] run playsound minecraft:entity.chicken.egg ambient @a[distance=..100] ~ ~ ~ 0.5 </field></block></value><value name=\"ADD1\"><block type=\"math_random_number_between\"><value name=\"min\"><block type=\"math_number\"><field name=\"NUM\">0.5</field></block></value><value name=\"max\"><block type=\"math_number\"><field name=\"NUM\">2</field></block></value></block></value><value name=\"ADD2\"><block type=\"text\"><field name=\"TEXT\"> 0.025</field></block></value></block></value><value name=\"x\"><block type=\"coord_x\"></block></value><value name=\"y\"><block type=\"coord_y\"></block></value><value name=\"z\"><block type=\"coord_z\"></block></value><next><block type=\"execute_command\"><value name=\"command\"><block type=\"text\"><field name=\"TEXT\">execute as @e[type=item,nbt={OnGround:1b,Item:{id:\"lotw:random_seed\"}}] at @s if block ~ ~-0.1 ~ #lotw:random_seed_ground_block at @e[type=item,nbt={OnGround:1b,Item:{id:\"lotw:random_seed\"}}] run particle minecraft:block dirt ~ ~ ~ 0 0 0 0 5 force</field></block></value><value name=\"x\"><block type=\"coord_x\"></block></value><value name=\"y\"><block type=\"coord_y\"></block></value><value name=\"z\"><block type=\"coord_z\"></block></value><next><block type=\"execute_command\"><value name=\"command\"><block type=\"text\"><field name=\"TEXT\">execute as @e[type=item,nbt={OnGround:1b,Item:{id:\"lotw:random_seed\"}}] at @s if block ~ ~-0.1 ~ #lotw:random_seed_ground_block run kill @e[type=item,nbt={OnGround:1b,Item:{id:\"lotw:random_seed\"}}]</field></block></value><value name=\"x\"><block type=\"coord_x\"></block></value><value name=\"y\"><block type=\"coord_y\"></block></value><value name=\"z\"><block type=\"coord_z\"></block></value></block></next></block></next></block></next></block></statement></block></next></block></xml>"
  }
}