{
  "_fv": 34,
  "_type": "procedure",
  "definition": {
    "procedurexml": "<xml xmlns=\"https://developers.google.com/blockly/xml\"><block type=\"event_trigger\" deletable=\"false\" x=\"40\" y=\"40\"><field name=\"trigger\">no_ext_trigger</field><next><block type=\"controls_if\"><value name=\"IF0\"><block type=\"logic_binary_ops\" inline=\"false\" collapsed=\"true\"><field name=\"OP\">OR</field><value name=\"A\"><block type=\"logic_binary_ops\" inline=\"false\"><field name=\"OP\">OR</field><value name=\"A\"><block type=\"text_binary_ops\"><value name=\"A\"><block type=\"variables_get_string\"><mutation xmlns=\"http://www.w3.org/1999/xhtml\" is_player_var=\"false\" has_entity=\"false\"></mutation><field name=\"VAR\">global:ally_list_chat</field></block></value><value name=\"B\"><block type=\"text\"><field name=\"TEXT\">User</field></block></value></block></value><value name=\"B\"><block type=\"text_binary_ops\"><value name=\"A\"><block type=\"variables_get_string\"><mutation xmlns=\"http://www.w3.org/1999/xhtml\" is_player_var=\"false\" has_entity=\"false\"></mutation><field name=\"VAR\">global:ally_list_chat</field></block></value><value name=\"B\"><block type=\"text\"><field name=\"TEXT\">User and Chosen</field></block></value></block></value></block></value><value name=\"B\"><block type=\"logic_binary_ops\" inline=\"false\"><field name=\"OP\">OR</field><value name=\"A\"><block type=\"text_binary_ops\"><value name=\"A\"><block type=\"variables_get_string\"><mutation xmlns=\"http://www.w3.org/1999/xhtml\" is_player_var=\"false\" has_entity=\"false\"></mutation><field name=\"VAR\">global:ally_list_chat</field></block></value><value name=\"B\"><block type=\"text\"><field name=\"TEXT\">User and Ally</field></block></value></block></value><value name=\"B\"><block type=\"text_binary_ops\"><value name=\"A\"><block type=\"variables_get_string\"><mutation xmlns=\"http://www.w3.org/1999/xhtml\" is_player_var=\"false\" has_entity=\"false\"></mutation><field name=\"VAR\">global:ally_list_chat</field></block></value><value name=\"B\"><block type=\"text\"><field name=\"TEXT\">User, Chosen and Ally</field></block></value></block></value></block></value></block></value><statement name=\"DO0\"><block type=\"execute_command\"><value name=\"command\"><block type=\"text_join\"><mutation items=\"5\"></mutation><value name=\"ADD0\"><block type=\"text\"><field name=\"TEXT\">execute if entity </field></block></value><value name=\"ADD1\"><block type=\"text\" collapsed=\"true\"><field name=\"TEXT\">@e[type=!armor_stand,tag=!LOTW-user,tag=LOTW-ally]</field></block></value><value name=\"ADD2\"><block type=\"text\"><field name=\"TEXT\"> run tellraw @p[tag=LOTW-user] [\"\",{\"text\":\"Removed \",\"color\":\"gold\"},{\"text\":\"\",\"color\":\"gray\",\"extra\":[{\"selector\":\"</field></block></value><value name=\"ADD3\"><block type=\"text\" collapsed=\"true\"><field name=\"TEXT\">@e[type=!armor_stand,tag=!LOTW-user,tag=LOTW-ally]</field></block></value><value name=\"ADD4\"><block type=\"text\"><field name=\"TEXT\">\"}]},{\"text\":\" from lantern ally list\",\"color\":\"gold\"}]</field></block></value></block></value><value name=\"x\"><block type=\"coord_x\"></block></value><value name=\"y\"><block type=\"coord_y\"></block></value><value name=\"z\"><block type=\"coord_z\"></block></value></block></statement><next><block type=\"controls_if\"><value name=\"IF0\"><block type=\"logic_binary_ops\" inline=\"false\" collapsed=\"true\"><field name=\"OP\">OR</field><value name=\"A\"><block type=\"logic_binary_ops\" inline=\"false\"><field name=\"OP\">OR</field><value name=\"A\"><block type=\"text_binary_ops\"><value name=\"A\"><block type=\"variables_get_string\"><mutation xmlns=\"http://www.w3.org/1999/xhtml\" is_player_var=\"false\" has_entity=\"false\"></mutation><field name=\"VAR\">global:ally_list_chat</field></block></value><value name=\"B\"><block type=\"text\"><field name=\"TEXT\">Chosen</field></block></value></block></value><value name=\"B\"><block type=\"text_binary_ops\"><value name=\"A\"><block type=\"variables_get_string\"><mutation xmlns=\"http://www.w3.org/1999/xhtml\" is_player_var=\"false\" has_entity=\"false\"></mutation><field name=\"VAR\">global:ally_list_chat</field></block></value><value name=\"B\"><block type=\"text\"><field name=\"TEXT\">User and Chosen</field></block></value></block></value></block></value><value name=\"B\"><block type=\"logic_binary_ops\" inline=\"false\"><field name=\"OP\">OR</field><value name=\"A\"><block type=\"text_binary_ops\"><value name=\"A\"><block type=\"variables_get_string\"><mutation xmlns=\"http://www.w3.org/1999/xhtml\" is_player_var=\"false\" has_entity=\"false\"></mutation><field name=\"VAR\">global:ally_list_chat</field></block></value><value name=\"B\"><block type=\"text\"><field name=\"TEXT\">Chosen and Ally</field></block></value></block></value><value name=\"B\"><block type=\"text_binary_ops\"><value name=\"A\"><block type=\"variables_get_string\"><mutation xmlns=\"http://www.w3.org/1999/xhtml\" is_player_var=\"false\" has_entity=\"false\"></mutation><field name=\"VAR\">global:ally_list_chat</field></block></value><value name=\"B\"><block type=\"text\"><field name=\"TEXT\">User, Chosen and Ally</field></block></value></block></value></block></value></block></value><statement name=\"DO0\"><block type=\"execute_command\"><value name=\"command\"><block type=\"text_join\"><mutation items=\"5\"></mutation><value name=\"ADD0\"><block type=\"text\"><field name=\"TEXT\">execute if entity </field></block></value><value name=\"ADD1\"><block type=\"text\" collapsed=\"true\"><field name=\"TEXT\">@e[type=!armor_stand,tag=!LOTW-user,tag=LOTW-ally]</field></block></value><value name=\"ADD2\"><block type=\"text\"><field name=\"TEXT\"> run tellraw </field></block></value><value name=\"ADD3\"><block type=\"text\" collapsed=\"true\"><field name=\"TEXT\">@e[type=!armor_stand,tag=!LOTW-user,tag=LOTW-ally]</field></block></value><value name=\"ADD4\"><block type=\"text\"><field name=\"TEXT\"> [\"\",{\"text\":\"\",\"color\":\"gold\",\"extra\":[{\"selector\":\"@p[tag=LOTW-user]\"}]},{\"text\":\" removed you from lantern ally list\",\"color\":\"gold\"}]</field></block></value></block></value><value name=\"x\"><block type=\"coord_x\"></block></value><value name=\"y\"><block type=\"coord_y\"></block></value><value name=\"z\"><block type=\"coord_z\"></block></value></block></statement><next><block type=\"execute_command\"><value name=\"command\"><block type=\"text_join\"><mutation items=\"5\"></mutation><value name=\"ADD0\"><block type=\"text\"><field name=\"TEXT\">execute if entity </field></block></value><value name=\"ADD1\"><block type=\"text\" collapsed=\"true\"><field name=\"TEXT\">@e[type=!armor_stand,tag=!LOTW-user,tag=LOTW-ally]</field></block></value><value name=\"ADD2\"><block type=\"text\"><field name=\"TEXT\"> run effect give </field></block></value><value name=\"ADD3\"><block type=\"text\" collapsed=\"true\"><field name=\"TEXT\">@e[type=!armor_stand,tag=!LOTW-user,tag=LOTW-ally]</field></block></value><value name=\"ADD4\"><block type=\"text\"><field name=\"TEXT\">glowing 5 1 true</field></block></value></block></value><value name=\"x\"><block type=\"coord_x\"></block></value><value name=\"y\"><block type=\"coord_y\"></block></value><value name=\"z\"><block type=\"coord_z\"></block></value><next><block type=\"execute_command\"><value name=\"command\"><block type=\"text_join\"><mutation items=\"5\"></mutation><value name=\"ADD0\"><block type=\"text\"><field name=\"TEXT\">execute if entity </field></block></value><value name=\"ADD1\"><block type=\"text\" collapsed=\"true\"><field name=\"TEXT\">@e[type=!armor_stand,tag=!LOTW-user,tag=LOTW-ally]</field></block></value><value name=\"ADD2\"><block type=\"text\"><field name=\"TEXT\"> run tag </field></block></value><value name=\"ADD3\"><block type=\"text\" collapsed=\"true\"><field name=\"TEXT\">@e[type=!armor_stand,tag=!LOTW-user,tag=LOTW-ally]</field></block></value><value name=\"ADD4\"><block type=\"text\"><field name=\"TEXT\"> remove LOTW-ally</field></block></value></block></value><value name=\"x\"><block type=\"coord_x\"></block></value><value name=\"y\"><block type=\"coord_y\"></block></value><value name=\"z\"><block type=\"coord_z\"></block></value></block></next></block></next></block></next></block></next></block></xml>"
  }
}