{
  "_fv": 34,
  "_type": "procedure",
  "definition": {
    "procedurexml": "<xml xmlns=\"https://developers.google.com/blockly/xml\"><variables><variable type=\"Number\" id=\"distance\">distance</variable></variables><block type=\"event_trigger\" deletable=\"false\" x=\"40\" y=\"40\"><field name=\"trigger\">no_ext_trigger</field><next><block type=\"execute_command\"><value name=\"command\"><block type=\"text\"><field name=\"TEXT\">kill @e[tag=LOTW-spell2direction]</field></block></value><value name=\"x\"><block type=\"coord_x\"></block></value><value name=\"y\"><block type=\"coord_y\"></block></value><value name=\"z\"><block type=\"coord_z\"></block></value><next><block type=\"execute_command\"><value name=\"command\"><block type=\"text_join\"><mutation items=\"3\"></mutation><value name=\"ADD0\"><block type=\"text\"><field name=\"TEXT\">execute at @e[name=LOTW-spell2main] run summon armor_stand ~ ~0.05 ~-</field></block></value><value name=\"ADD1\"><block type=\"math_dual_ops\"><field name=\"OP\">ADD</field><value name=\"A\"><block type=\"variables_get_number\"><mutation xmlns=\"http://www.w3.org/1999/xhtml\" is_player_var=\"false\" has_entity=\"false\"></mutation><field name=\"VAR\">global:spell2_size</field></block></value><value name=\"B\"><block type=\"math_number\"><field name=\"NUM\">0.5</field></block></value></block></value><value name=\"ADD2\"><block type=\"text\"><field name=\"TEXT\"> {CustomName:'{\"text\":\"N\",\"color\":\"red\"}}',Tags:[\"LOTW-ally\",\"LOTW-spell2direction\"],CustomNameVisible:1b,Marker:1b,Invisible:1b,Small:1b,NoGravity:1b}</field></block></value></block></value><value name=\"x\"><block type=\"coord_x\"></block></value><value name=\"y\"><block type=\"coord_y\"></block></value><value name=\"z\"><block type=\"coord_z\"></block></value><next><block type=\"execute_command\"><value name=\"command\"><block type=\"text_join\"><mutation items=\"3\"></mutation><value name=\"ADD0\"><block type=\"text\"><field name=\"TEXT\">execute at @e[name=LOTW-spell2main] run summon armor_stand ~ ~0.05 ~</field></block></value><value name=\"ADD1\"><block type=\"math_dual_ops\"><field name=\"OP\">ADD</field><value name=\"A\"><block type=\"variables_get_number\"><mutation xmlns=\"http://www.w3.org/1999/xhtml\" is_player_var=\"false\" has_entity=\"false\"></mutation><field name=\"VAR\">global:spell2_size</field></block></value><value name=\"B\"><block type=\"math_number\"><field name=\"NUM\">0.5</field></block></value></block></value><value name=\"ADD2\"><block type=\"text\"><field name=\"TEXT\"> {CustomName:'{\"text\":\"S\",\"color\":\"blue\"}}',Tags:[\"LOTW-ally\",\"LOTW-spell2direction\"],CustomNameVisible:1b,Marker:1b,Invisible:1b,Small:1b,NoGravity:1b}</field></block></value></block></value><value name=\"x\"><block type=\"coord_x\"></block></value><value name=\"y\"><block type=\"coord_y\"></block></value><value name=\"z\"><block type=\"coord_z\"></block></value><next><block type=\"execute_command\"><value name=\"command\"><block type=\"text_join\"><mutation items=\"3\"></mutation><value name=\"ADD0\"><block type=\"text\"><field name=\"TEXT\">execute at @e[name=LOTW-spell2main] run summon armor_stand ~</field></block></value><value name=\"ADD1\"><block type=\"math_dual_ops\"><field name=\"OP\">ADD</field><value name=\"A\"><block type=\"variables_get_number\"><mutation xmlns=\"http://www.w3.org/1999/xhtml\" is_player_var=\"false\" has_entity=\"false\"></mutation><field name=\"VAR\">global:spell2_size</field></block></value><value name=\"B\"><block type=\"math_number\"><field name=\"NUM\">0.5</field></block></value></block></value><value name=\"ADD2\"><block type=\"text\"><field name=\"TEXT\"> ~0.05 ~ {CustomName:'{\"text\":\"E\",\"color\":\"yellow\"}}',Tags:[\"LOTW-ally\",\"LOTW-spell2direction\"],CustomNameVisible:1b,Marker:1b,Invisible:1b,Small:1b,NoGravity:1b}</field></block></value></block></value><value name=\"x\"><block type=\"coord_x\"></block></value><value name=\"y\"><block type=\"coord_y\"></block></value><value name=\"z\"><block type=\"coord_z\"></block></value><next><block type=\"execute_command\"><value name=\"command\"><block type=\"text_join\"><mutation items=\"3\"></mutation><value name=\"ADD0\"><block type=\"text\"><field name=\"TEXT\">execute at @e[name=LOTW-spell2main] run summon armor_stand ~-</field></block></value><value name=\"ADD1\"><block type=\"math_dual_ops\"><field name=\"OP\">ADD</field><value name=\"A\"><block type=\"variables_get_number\"><mutation xmlns=\"http://www.w3.org/1999/xhtml\" is_player_var=\"false\" has_entity=\"false\"></mutation><field name=\"VAR\">global:spell2_size</field></block></value><value name=\"B\"><block type=\"math_number\"><field name=\"NUM\">0.5</field></block></value></block></value><value name=\"ADD2\"><block type=\"text\"><field name=\"TEXT\"> ~0.05 ~ {CustomName:'{\"text\":\"W\",\"color\":\"green\"}}',Tags:[\"LOTW-ally\",\"LOTW-spell2direction\"],CustomNameVisible:1b,Marker:1b,Invisible:1b,Small:1b,NoGravity:1b}</field></block></value></block></value><value name=\"x\"><block type=\"coord_x\"></block></value><value name=\"y\"><block type=\"coord_y\"></block></value><value name=\"z\"><block type=\"coord_z\"></block></value></block></next></block></next></block></next></block></next></block></next></block></xml>"
  }
}