{
  "_fv": 34,
  "_type": "procedure",
  "definition": {
    "procedurexml": "<?xml version=\"1.0\" encoding=\"UTF-8\" standalone=\"no\"?><xml xmlns=\"https://developers.google.com/blockly/xml\"><block deletable=\"false\" type=\"event_trigger\" x=\"40\" y=\"40\"><field name=\"trigger\">no_ext_trigger</field><next><block type=\"execute_command\"><value name=\"command\"><block type=\"text\"><field name=\"TEXT\">/tellraw @p[tag=LOTW-user] [\"\",{\"text\":\"Tracker List : \",\"color\":\"gold\"},{\"text\":\"\",\"color\":\"gray\",\"extra\":[{\"selector\":\"@e[tag=LOTW-spelltracker]\"}]}]</field></block></value><value name=\"x\"><block type=\"coord_x\"/></value><value name=\"y\"><block type=\"coord_y\"/></value><value name=\"z\"><block type=\"coord_z\"/></value></block></next></block></xml>"
  }
}