{
  "_fv": 34,
  "_type": "gui",
  "definition": {
    "type": 0,
    "width": 0,
    "height": 0,
    "inventoryOffsetX": 0,
    "inventoryOffsetY": 0,
    "renderBgLayer": false,
    "doesPauseGame": false,
    "components": [
      {
        "type": "label",
        "data": {
          "text": "Mana : [<VAR:integer:mana>/30]",
          "color": {
            "value": -6710887,
            "falpha": 0.0
          },
          "name": "Mana : [<VAR:integer:mana>/30]",
          "x": 134,
          "y": 196
        }
      },
      {
        "type": "label",
        "data": {
          "text": "",
          "color": {
            "value": -6750208,
            "falpha": 0.0
          },
          "name": "",
          "x": 278,
          "y": 32
        }
      },
      {
        "type": "image",
        "data": {
          "image": "tph_book.png",
          "use1Xscale": false,
          "name": "tph_book.png",
          "x": 134,
          "y": 8
        }
      },
      {
        "type": "label",
        "data": {
          "text": "Spell Active Setting",
          "color": {
            "value": -10092544,
            "falpha": 0.0
          },
          "name": "Spell Active Setting",
          "x": 286,
          "y": 24
        }
      },
      {
        "type": "button",
        "data": {
          "text": "#",
          "onClick": {
            "name": "Spell4buttonSwitchShoot"
          },
          "width": 8,
          "height": 20,
          "name": "#",
          "x": 378,
          "y": 40
        }
      },
      {
        "type": "label",
        "data": {
          "text": "<VAR:spell4_switch_shoot>",
          "color": {
            "value": -6724096,
            "falpha": 0.0
          },
          "name": "<VAR:spell4_switch_shoot>",
          "x": 390,
          "y": 44
        }
      },
      {
        "type": "label",
        "data": {
          "text": "- Lock Shoot",
          "color": {
            "value": -6737152,
            "falpha": 0.0
          },
          "name": "- Lock Shoot",
          "x": 286,
          "y": 44
        }
      },
      {
        "type": "label",
        "data": {
          "text": "- Lock Reverse",
          "color": {
            "value": -6737152,
            "falpha": 0.0
          },
          "name": "- Lock Reverse",
          "x": 286,
          "y": 64
        }
      },
      {
        "type": "button",
        "data": {
          "text": "#",
          "onClick": {
            "name": "Spell4buttonSwitchReverse"
          },
          "width": 8,
          "height": 20,
          "name": "#",
          "x": 378,
          "y": 60
        }
      },
      {
        "type": "label",
        "data": {
          "text": "<VAR:spell4_switch_reverse>",
          "color": {
            "value": -6724096,
            "falpha": 0.0
          },
          "name": "<VAR:spell4_switch_reverse>",
          "x": 390,
          "y": 64
        }
      },
      {
        "type": "label",
        "data": {
          "text": "- Follow Range",
          "color": {
            "value": -6737152,
            "falpha": 0.0
          },
          "name": "- Follow Range",
          "x": 286,
          "y": 84
        }
      },
      {
        "type": "button",
        "data": {
          "text": "#",
          "onClick": {
            "name": "Spell4buttonFollowYou"
          },
          "width": 8,
          "height": 20,
          "name": "#",
          "x": 378,
          "y": 80
        }
      },
      {
        "type": "label",
        "data": {
          "text": "<VAR:spell4_follow_you>",
          "color": {
            "value": -6724096,
            "falpha": 0.0
          },
          "name": "<VAR:spell4_follow_you>",
          "x": 390,
          "y": 84
        }
      },
      {
        "type": "button",
        "data": {
          "text": "<",
          "onClick": {
            "name": "OpenAdvanceSpellGUI"
          },
          "width": 8,
          "height": 20,
          "name": "<",
          "x": 134,
          "y": 88
        }
      },
      {
        "type": "image",
        "data": {
          "image": "spell4_image_2.png",
          "use1Xscale": false,
          "name": "spell4_image_2.png",
          "x": 290,
          "y": 116
        }
      },
      {
        "type": "label",
        "data": {
          "text": "Display Setting",
          "color": {
            "value": -10092544,
            "falpha": 0.0
          },
          "name": "Display Setting",
          "x": 150,
          "y": 24
        }
      },
      {
        "type": "label",
        "data": {
          "text": "- Overlay",
          "color": {
            "value": -6737152,
            "falpha": 0.0
          },
          "name": "- Overlay",
          "x": 150,
          "y": 44
        }
      },
      {
        "type": "label",
        "data": {
          "text": "- Target Arrow",
          "color": {
            "value": -6737152,
            "falpha": 0.0
          },
          "name": "- Target Arrow",
          "x": 150,
          "y": 64
        }
      },
      {
        "type": "button",
        "data": {
          "text": "#",
          "onClick": {
            "name": "Spell4buttonOverlay"
          },
          "width": 8,
          "height": 20,
          "name": "#",
          "x": 242,
          "y": 40
        }
      },
      {
        "type": "label",
        "data": {
          "text": "<VAR:spell4_overlay>",
          "color": {
            "value": -6724096,
            "falpha": 0.0
          },
          "name": "<VAR:spell4_overlay>",
          "x": 254,
          "y": 44
        }
      },
      {
        "type": "button",
        "data": {
          "text": "#",
          "onClick": {
            "name": "Spell4buttonArrow"
          },
          "width": 8,
          "height": 20,
          "name": "#",
          "x": 242,
          "y": 60
        }
      },
      {
        "type": "label",
        "data": {
          "text": "<VAR:spell4_arrow>",
          "color": {
            "value": -6724096,
            "falpha": 0.0
          },
          "name": "<VAR:spell4_arrow>",
          "x": 254,
          "y": 64
        }
      },
      {
        "type": "label",
        "data": {
          "text": "Spell Inactive Setting",
          "color": {
            "value": -10092544,
            "falpha": 0.0
          },
          "name": "Spell Inactive Setting",
          "x": 150,
          "y": 84
        }
      },
      {
        "type": "label",
        "data": {
          "text": "- At Lantern",
          "color": {
            "value": -6737152,
            "falpha": 0.0
          },
          "name": "- At Lantern",
          "x": 150,
          "y": 104
        }
      },
      {
        "type": "label",
        "data": {
          "text": "- Free Flying",
          "color": {
            "value": -6737152,
            "falpha": 0.0
          },
          "name": "- Free Flying",
          "x": 150,
          "y": 124
        }
      },
      {
        "type": "label",
        "data": {
          "text": "- Gravity",
          "color": {
            "value": -6737152,
            "falpha": 0.0
          },
          "name": "- Gravity",
          "x": 150,
          "y": 144
        }
      },
      {
        "type": "label",
        "data": {
          "text": "- Boundary",
          "color": {
            "value": -6737152,
            "falpha": 0.0
          },
          "name": "- Boundary",
          "x": 150,
          "y": 164
        }
      },
      {
        "type": "button",
        "data": {
          "text": "#",
          "onClick": {
            "name": "Spell4buttonAroundLantern"
          },
          "width": 8,
          "height": 20,
          "name": "#",
          "x": 242,
          "y": 100
        }
      },
      {
        "type": "button",
        "data": {
          "text": "#",
          "onClick": {
            "name": "Spell4buttonFreeFlying"
          },
          "width": 8,
          "height": 20,
          "name": "#",
          "x": 242,
          "y": 120
        }
      },
      {
        "type": "button",
        "data": {
          "text": "#",
          "onClick": {
            "name": "Spell4buttonGravity"
          },
          "width": 8,
          "height": 20,
          "name": "#",
          "x": 242,
          "y": 140
        }
      },
      {
        "type": "button",
        "data": {
          "text": "#",
          "onClick": {
            "name": "Spell4buttonSize"
          },
          "width": 8,
          "height": 20,
          "name": "#",
          "x": 242,
          "y": 160
        }
      },
      {
        "type": "label",
        "data": {
          "text": "<VAR:spell4_pause_around_lantern>",
          "color": {
            "value": -6724096,
            "falpha": 0.0
          },
          "name": "<VAR:spell4_pause_around_lantern>",
          "x": 254,
          "y": 104
        }
      },
      {
        "type": "label",
        "data": {
          "text": "<VAR:spell4_pause_free_flying>",
          "color": {
            "value": -6724096,
            "falpha": 0.0
          },
          "name": "<VAR:spell4_pause_free_flying>",
          "x": 254,
          "y": 124
        }
      },
      {
        "type": "label",
        "data": {
          "text": "<VAR:spell4_pause_gravity>",
          "color": {
            "value": -6724096,
            "falpha": 0.0
          },
          "name": "<VAR:spell4_pause_gravity>",
          "x": 254,
          "y": 144
        }
      },
      {
        "type": "label",
        "data": {
          "text": "<VAR:integer:spell4_pause_size>",
          "color": {
            "value": -6724096,
            "falpha": 0.0
          },
          "name": "<VAR:integer:spell4_pause_size>",
          "x": 254,
          "y": 164
        }
      }
    ],
    "gridSettings": {
      "sx": 8,
      "sy": 8,
      "ox": 11,
      "oy": 15,
      "snapOnGrid": true
    }
  }
}