{
  "_fv": 34,
  "_type": "procedure",
  "definition": {
    "procedurexml": "<xml xmlns=\"https://developers.google.com/blockly/xml\"><block type=\"event_trigger\" deletable=\"false\" x=\"40\" y=\"40\"><field name=\"trigger\">no_ext_trigger</field><next><block type=\"execute_command\"><value name=\"command\"><block type=\"text\"><field name=\"TEXT\">kill @e[tag=LOTW-zodiac_circle]</field></block></value><value name=\"x\"><block type=\"coord_x\"></block></value><value name=\"y\"><block type=\"coord_y\"></block></value><value name=\"z\"><block type=\"coord_z\"></block></value><next><block type=\"wait\"><value name=\"ticks\"><block type=\"math_number\"><field name=\"NUM\">5</field></block></value><statement name=\"do\"><block type=\"controls_if\"><mutation elseif=\"1\"></mutation><value name=\"IF0\"><block type=\"text_binary_ops\"><value name=\"A\"><block type=\"variables_get_string\"><mutation xmlns=\"http://www.w3.org/1999/xhtml\" is_player_var=\"false\" has_entity=\"false\"></mutation><field name=\"VAR\">global:spell1_invisible_circle</field></block></value><value name=\"B\"><block type=\"text\"><field name=\"TEXT\">Off</field></block></value></block></value><statement name=\"DO0\"><block type=\"execute_command\"><value name=\"command\"><block type=\"text\"><field name=\"TEXT\">execute at @e[name=LOTW-placed_lantern] if block ~ ~-0.5 ~ lotw:lantern_stick run summon armor_stand ~ ~-2.4 ~ {Tags:[\"LOTW-ally\",\"LOTW-zodiac_circle\",\"LOTW-circle_hr_s\"],CustomName:'{\"text\":\"LOTW-zodiac_circle\"}',NoGravity:1b,Marker:1b,Invisible:1b,ShowArms:1b,Pose:{LeftArm:[0f,0f,0f],RightArm:[0f,0f,0f]},ArmorItems:[{},{},{},{id:\"lotw:zodiac_circle\",Count:1b}]}</field></block></value><value name=\"x\"><block type=\"coord_x\"></block></value><value name=\"y\"><block type=\"coord_y\"></block></value><value name=\"z\"><block type=\"coord_z\"></block></value></block></statement><value name=\"IF1\"><block type=\"text_binary_ops\"><value name=\"A\"><block type=\"variables_get_string\"><mutation xmlns=\"http://www.w3.org/1999/xhtml\" is_player_var=\"false\" has_entity=\"false\"></mutation><field name=\"VAR\">global:spell1_invisible_circle</field></block></value><value name=\"B\"><block type=\"text\"><field name=\"TEXT\">On</field></block></value></block></value><statement name=\"DO1\"><block type=\"execute_command\"><value name=\"command\"><block type=\"text\"><field name=\"TEXT\">execute at @e[name=LOTW-placed_lantern] if block ~ ~-0.5 ~ lotw:lantern_stick run summon armor_stand ~ ~-2.4 ~ {Tags:[\"LOTW-ally\",\"LOTW-zodiac_circle\",\"LOTW-circle_hr_s\"],CustomName:'{\"text\":\"LOTW-zodiac_circle\"}',NoGravity:1b,Marker:1b,Invisible:1b,ShowArms:1b}</field></block></value><value name=\"x\"><block type=\"coord_x\"></block></value><value name=\"y\"><block type=\"coord_y\"></block></value><value name=\"z\"><block type=\"coord_z\"></block></value></block></statement><next><block type=\"execute_command\"><value name=\"command\"><block type=\"text\"><field name=\"TEXT\">execute at @e[name=LOTW-placed_lantern] if block ~ ~-0.5 ~ lotw:lantern_stick run summon armor_stand ~ ~-1 ~ {Tags:[\"LOTW-ally\",\"LOTW-zodiac_circle\"],CustomName:'{\"text\":\"LOTW-zodiac_door_spin\"}',NoGravity:1b,Marker:1b,Invisible:1b}</field></block></value><value name=\"x\"><block type=\"coord_x\"></block></value><value name=\"y\"><block type=\"coord_y\"></block></value><value name=\"z\"><block type=\"coord_z\"></block></value><next><block type=\"controls_if\"><value name=\"IF0\"><block type=\"text_binary_ops\"><value name=\"A\"><block type=\"variables_get_string\"><mutation xmlns=\"http://www.w3.org/1999/xhtml\" is_player_var=\"false\" has_entity=\"false\"></mutation><field name=\"VAR\">global:spell1_invisible_card</field></block></value><value name=\"B\"><block type=\"text\"><field name=\"TEXT\">Off</field></block></value></block></value><statement name=\"DO0\"><block type=\"controls_if\" collapsed=\"true\"><value name=\"IF0\"><block type=\"logic_boolean\"><field name=\"BOOL\">TRUE</field></block></value><statement name=\"DO0\"><block type=\"execute_command\"><value name=\"command\"><block type=\"text\"><field name=\"TEXT\">execute at @e[name=LOTW-zodiac_circle] run summon armor_stand ~ ~4 ~ {Tags:[\"LOTW-ally\",\"LOTW-zodiac_circle\",\"LOTW-zodiac_door\"],CustomName:'{\"text\":\"LOTW-zodiac_door1\"}',NoGravity:1b,Marker:1b,Invisible:1b,ShowArms:1b,Pose:{LeftArm:[0f,0f,0f],RightArm:[0f,0f,0f]},HandItems:[{id:\"lotw:zodiac_\",Count:1b},{}]}</field></block></value><value name=\"x\"><block type=\"coord_x\"></block></value><value name=\"y\"><block type=\"coord_y\"></block></value><value name=\"z\"><block type=\"coord_z\"></block></value><next><block type=\"execute_command\"><value name=\"command\"><block type=\"text\"><field name=\"TEXT\">execute at @e[name=LOTW-zodiac_circle] run summon armor_stand ~ ~4 ~ {Tags:[\"LOTW-ally\",\"LOTW-zodiac_circle\",\"LOTW-zodiac_door\"],CustomName:'{\"text\":\"LOTW-zodiac_door2\"}',NoGravity:1b,Marker:1b,Invisible:1b,ShowArms:1b,Pose:{LeftArm:[0f,0f,0f],RightArm:[0f,0f,0f]},HandItems:[{id:\"lotw:zodiac_\",Count:1b},{}]}</field></block></value><value name=\"x\"><block type=\"coord_x\"></block></value><value name=\"y\"><block type=\"coord_y\"></block></value><value name=\"z\"><block type=\"coord_z\"></block></value><next><block type=\"execute_command\"><value name=\"command\"><block type=\"text\"><field name=\"TEXT\">execute at @e[name=LOTW-zodiac_circle] run summon armor_stand ~ ~4 ~ {Tags:[\"LOTW-ally\",\"LOTW-zodiac_circle\",\"LOTW-zodiac_door\"],CustomName:'{\"text\":\"LOTW-zodiac_door3\"}',NoGravity:1b,Marker:1b,Invisible:1b,ShowArms:1b,Pose:{LeftArm:[0f,0f,0f],RightArm:[0f,0f,0f]},HandItems:[{id:\"lotw:zodiac_\",Count:1b},{}]}</field></block></value><value name=\"x\"><block type=\"coord_x\"></block></value><value name=\"y\"><block type=\"coord_y\"></block></value><value name=\"z\"><block type=\"coord_z\"></block></value><next><block type=\"execute_command\"><value name=\"command\"><block type=\"text\"><field name=\"TEXT\">execute at @e[name=LOTW-zodiac_circle] run summon armor_stand ~ ~4 ~ {Tags:[\"LOTW-ally\",\"LOTW-zodiac_circle\",\"LOTW-zodiac_door\"],CustomName:'{\"text\":\"LOTW-zodiac_door4\"}',NoGravity:1b,Marker:1b,Invisible:1b,ShowArms:1b,Pose:{LeftArm:[0f,0f,0f],RightArm:[0f,0f,0f]},HandItems:[{id:\"lotw:zodiac_\",Count:1b},{}]}</field></block></value><value name=\"x\"><block type=\"coord_x\"></block></value><value name=\"y\"><block type=\"coord_y\"></block></value><value name=\"z\"><block type=\"coord_z\"></block></value><next><block type=\"execute_command\"><value name=\"command\"><block type=\"text\"><field name=\"TEXT\">execute at @e[name=LOTW-zodiac_circle] run summon armor_stand ~ ~4 ~ {Tags:[\"LOTW-ally\",\"LOTW-zodiac_circle\",\"LOTW-zodiac_door\"],CustomName:'{\"text\":\"LOTW-zodiac_door5\"}',NoGravity:1b,Marker:1b,Invisible:1b,ShowArms:1b,Pose:{LeftArm:[0f,0f,0f],RightArm:[0f,0f,0f]},HandItems:[{id:\"lotw:zodiac_\",Count:1b},{}]}</field></block></value><value name=\"x\"><block type=\"coord_x\"></block></value><value name=\"y\"><block type=\"coord_y\"></block></value><value name=\"z\"><block type=\"coord_z\"></block></value><next><block type=\"execute_command\"><value name=\"command\"><block type=\"text\"><field name=\"TEXT\">execute at @e[name=LOTW-zodiac_circle] run summon armor_stand ~ ~4 ~ {Tags:[\"LOTW-ally\",\"LOTW-zodiac_circle\",\"LOTW-zodiac_door\"],CustomName:'{\"text\":\"LOTW-zodiac_door6\"}',NoGravity:1b,Marker:1b,Invisible:1b,ShowArms:1b,Pose:{LeftArm:[0f,0f,0f],RightArm:[0f,0f,0f]},HandItems:[{id:\"lotw:zodiac_\",Count:1b},{}]}</field></block></value><value name=\"x\"><block type=\"coord_x\"></block></value><value name=\"y\"><block type=\"coord_y\"></block></value><value name=\"z\"><block type=\"coord_z\"></block></value></block></next></block></next></block></next></block></next></block></next></block></statement><next><block type=\"controls_if\"><mutation elseif=\"6\"></mutation><value name=\"IF0\"><block type=\"math_binary_ops\"><field name=\"OP\">EQ</field><value name=\"A\"><block type=\"variables_get_number\"><mutation xmlns=\"http://www.w3.org/1999/xhtml\" is_player_var=\"false\" has_entity=\"false\"></mutation><field name=\"VAR\">global:spell1_distance</field></block></value><value name=\"B\"><block type=\"math_number\"><field name=\"NUM\">2</field></block></value></block></value><statement name=\"DO0\"><block type=\"execute_command\"><value name=\"command\"><block type=\"text_join\"><mutation items=\"3\"></mutation><value name=\"ADD0\"><block type=\"text\"><field name=\"TEXT\">execute at @e[name=LOTW-zodiac_circle] run summon armor_stand ~ ~</field></block></value><value name=\"ADD1\"><block type=\"text\"><field name=\"TEXT\">6</field></block></value><value name=\"ADD2\"><block type=\"text\"><field name=\"TEXT\"> ~ {Tags:[\"LOTW-ally\",\"LOTW-zodiac_circle\",\"LOTW-zodiac_door\"],CustomName:'{\"text\":\"LOTW-zodiac_door0\"}',NoGravity:1b,Marker:1b,Invisible:1b,ShowArms:1b,Pose:{LeftArm:[0f,0f,0f],RightArm:[0f,0f,0f]},HandItems:[{id:\"lotw:zodiac_\",Count:1b},{}]}</field></block></value></block></value><value name=\"x\"><block type=\"coord_x\"></block></value><value name=\"y\"><block type=\"coord_y\"></block></value><value name=\"z\"><block type=\"coord_z\"></block></value></block></statement><value name=\"IF1\"><block type=\"math_binary_ops\"><field name=\"OP\">EQ</field><value name=\"A\"><block type=\"variables_get_number\"><mutation xmlns=\"http://www.w3.org/1999/xhtml\" is_player_var=\"false\" has_entity=\"false\"></mutation><field name=\"VAR\">global:spell1_distance</field></block></value><value name=\"B\"><block type=\"math_number\"><field name=\"NUM\">4</field></block></value></block></value><statement name=\"DO1\"><block type=\"execute_command\"><value name=\"command\"><block type=\"text_join\"><mutation items=\"3\"></mutation><value name=\"ADD0\"><block type=\"text\"><field name=\"TEXT\">execute at @e[name=LOTW-zodiac_circle] run summon armor_stand ~ ~</field></block></value><value name=\"ADD1\"><block type=\"text\"><field name=\"TEXT\">8</field></block></value><value name=\"ADD2\"><block type=\"text\"><field name=\"TEXT\"> ~ {Tags:[\"LOTW-ally\",\"LOTW-zodiac_circle\",\"LOTW-zodiac_door\"],CustomName:'{\"text\":\"LOTW-zodiac_door0\"}',NoGravity:1b,Marker:1b,Invisible:1b,ShowArms:1b,Pose:{LeftArm:[0f,0f,0f],RightArm:[0f,0f,0f]},HandItems:[{id:\"lotw:zodiac_\",Count:1b},{}]}</field></block></value></block></value><value name=\"x\"><block type=\"coord_x\"></block></value><value name=\"y\"><block type=\"coord_y\"></block></value><value name=\"z\"><block type=\"coord_z\"></block></value></block></statement><value name=\"IF2\"><block type=\"math_binary_ops\"><field name=\"OP\">EQ</field><value name=\"A\"><block type=\"variables_get_number\"><mutation xmlns=\"http://www.w3.org/1999/xhtml\" is_player_var=\"false\" has_entity=\"false\"></mutation><field name=\"VAR\">global:spell1_distance</field></block></value><value name=\"B\"><block type=\"math_number\"><field name=\"NUM\">6</field></block></value></block></value><statement name=\"DO2\"><block type=\"execute_command\"><value name=\"command\"><block type=\"text_join\"><mutation items=\"3\"></mutation><value name=\"ADD0\"><block type=\"text\"><field name=\"TEXT\">execute at @e[name=LOTW-zodiac_circle] run summon armor_stand ~ ~</field></block></value><value name=\"ADD1\"><block type=\"text\"><field name=\"TEXT\">10</field></block></value><value name=\"ADD2\"><block type=\"text\"><field name=\"TEXT\"> ~ {Tags:[\"LOTW-ally\",\"LOTW-zodiac_circle\",\"LOTW-zodiac_door\"],CustomName:'{\"text\":\"LOTW-zodiac_door0\"}',NoGravity:1b,Marker:1b,Invisible:1b,ShowArms:1b,Pose:{LeftArm:[0f,0f,0f],RightArm:[0f,0f,0f]},HandItems:[{id:\"lotw:zodiac_\",Count:1b},{}]}</field></block></value></block></value><value name=\"x\"><block type=\"coord_x\"></block></value><value name=\"y\"><block type=\"coord_y\"></block></value><value name=\"z\"><block type=\"coord_z\"></block></value></block></statement><value name=\"IF3\"><block type=\"math_binary_ops\"><field name=\"OP\">EQ</field><value name=\"A\"><block type=\"variables_get_number\"><mutation xmlns=\"http://www.w3.org/1999/xhtml\" is_player_var=\"false\" has_entity=\"false\"></mutation><field name=\"VAR\">global:spell1_distance</field></block></value><value name=\"B\"><block type=\"math_number\"><field name=\"NUM\">10</field></block></value></block></value><statement name=\"DO3\"><block type=\"execute_command\"><value name=\"command\"><block type=\"text_join\"><mutation items=\"3\"></mutation><value name=\"ADD0\"><block type=\"text\"><field name=\"TEXT\">execute at @e[name=LOTW-zodiac_circle] run summon armor_stand ~ ~</field></block></value><value name=\"ADD1\"><block type=\"text\"><field name=\"TEXT\">12.5</field></block></value><value name=\"ADD2\"><block type=\"text\"><field name=\"TEXT\"> ~ {Tags:[\"LOTW-ally\",\"LOTW-zodiac_circle\",\"LOTW-zodiac_door\"],CustomName:'{\"text\":\"LOTW-zodiac_door0\"}',NoGravity:1b,Marker:1b,Invisible:1b,ShowArms:1b,Pose:{LeftArm:[0f,0f,0f],RightArm:[0f,0f,0f]},HandItems:[{id:\"lotw:zodiac_\",Count:1b},{}]}</field></block></value></block></value><value name=\"x\"><block type=\"coord_x\"></block></value><value name=\"y\"><block type=\"coord_y\"></block></value><value name=\"z\"><block type=\"coord_z\"></block></value></block></statement><value name=\"IF4\"><block type=\"math_binary_ops\"><field name=\"OP\">EQ</field><value name=\"A\"><block type=\"variables_get_number\"><mutation xmlns=\"http://www.w3.org/1999/xhtml\" is_player_var=\"false\" has_entity=\"false\"></mutation><field name=\"VAR\">global:spell1_distance</field></block></value><value name=\"B\"><block type=\"math_number\"><field name=\"NUM\">25</field></block></value></block></value><statement name=\"DO4\"><block type=\"execute_command\"><value name=\"command\"><block type=\"text_join\"><mutation items=\"3\"></mutation><value name=\"ADD0\"><block type=\"text\"><field name=\"TEXT\">execute at @e[name=LOTW-zodiac_circle] run summon armor_stand ~ ~</field></block></value><value name=\"ADD1\"><block type=\"text\"><field name=\"TEXT\">15</field></block></value><value name=\"ADD2\"><block type=\"text\"><field name=\"TEXT\"> ~ {Tags:[\"LOTW-ally\",\"LOTW-zodiac_circle\",\"LOTW-zodiac_door\"],CustomName:'{\"text\":\"LOTW-zodiac_door0\"}',NoGravity:1b,Marker:1b,Invisible:1b,ShowArms:1b,Pose:{LeftArm:[0f,0f,0f],RightArm:[0f,0f,0f]},HandItems:[{id:\"lotw:zodiac_\",Count:1b},{}]}</field></block></value></block></value><value name=\"x\"><block type=\"coord_x\"></block></value><value name=\"y\"><block type=\"coord_y\"></block></value><value name=\"z\"><block type=\"coord_z\"></block></value></block></statement><value name=\"IF5\"><block type=\"math_binary_ops\"><field name=\"OP\">EQ</field><value name=\"A\"><block type=\"variables_get_number\"><mutation xmlns=\"http://www.w3.org/1999/xhtml\" is_player_var=\"false\" has_entity=\"false\"></mutation><field name=\"VAR\">global:spell1_distance</field></block></value><value name=\"B\"><block type=\"math_number\"><field name=\"NUM\">50</field></block></value></block></value><statement name=\"DO5\"><block type=\"execute_command\"><value name=\"command\"><block type=\"text_join\"><mutation items=\"3\"></mutation><value name=\"ADD0\"><block type=\"text\"><field name=\"TEXT\">execute at @e[name=LOTW-zodiac_circle] run summon armor_stand ~ ~</field></block></value><value name=\"ADD1\"><block type=\"text\"><field name=\"TEXT\">25</field></block></value><value name=\"ADD2\"><block type=\"text\"><field name=\"TEXT\"> ~ {Tags:[\"LOTW-ally\",\"LOTW-zodiac_circle\",\"LOTW-zodiac_door\"],CustomName:'{\"text\":\"LOTW-zodiac_door0\"}',NoGravity:1b,Marker:1b,Invisible:1b,ShowArms:1b,Pose:{LeftArm:[0f,0f,0f],RightArm:[0f,0f,0f]},HandItems:[{id:\"lotw:zodiac_\",Count:1b},{}]}</field></block></value></block></value><value name=\"x\"><block type=\"coord_x\"></block></value><value name=\"y\"><block type=\"coord_y\"></block></value><value name=\"z\"><block type=\"coord_z\"></block></value></block></statement><value name=\"IF6\"><block type=\"math_binary_ops\"><field name=\"OP\">EQ</field><value name=\"A\"><block type=\"variables_get_number\"><mutation xmlns=\"http://www.w3.org/1999/xhtml\" is_player_var=\"false\" has_entity=\"false\"></mutation><field name=\"VAR\">global:spell1_distance</field></block></value><value name=\"B\"><block type=\"math_number\"><field name=\"NUM\">100</field></block></value></block></value><statement name=\"DO6\"><block type=\"execute_command\"><value name=\"command\"><block type=\"text_join\"><mutation items=\"3\"></mutation><value name=\"ADD0\"><block type=\"text\"><field name=\"TEXT\">execute at @e[name=LOTW-zodiac_circle] run summon armor_stand ~ ~</field></block></value><value name=\"ADD1\"><block type=\"text\"><field name=\"TEXT\">40</field></block></value><value name=\"ADD2\"><block type=\"text\"><field name=\"TEXT\"> ~ {Tags:[\"LOTW-ally\",\"LOTW-zodiac_circle\",\"LOTW-zodiac_door\"],CustomName:'{\"text\":\"LOTW-zodiac_door0\"}',NoGravity:1b,Marker:1b,Invisible:1b,ShowArms:1b,Pose:{LeftArm:[0f,0f,0f],RightArm:[0f,0f,0f]},HandItems:[{id:\"lotw:zodiac_\",Count:1b},{}]}</field></block></value></block></value><value name=\"x\"><block type=\"coord_x\"></block></value><value name=\"y\"><block type=\"coord_y\"></block></value><value name=\"z\"><block type=\"coord_z\"></block></value></block></statement></block></next></block></statement><next><block type=\"call_procedure\"><field name=\"procedure\">Spell1doorUpdate</field></block></next></block></next></block></next></block></statement></block></next></block></next></block></xml>"
  }
}