{
  "_fv": 34,
  "_type": "procedure",
  "definition": {
    "procedurexml": "<xml xmlns=\"https://developers.google.com/blockly/xml\"><block type=\"event_trigger\" deletable=\"false\" x=\"40\" y=\"40\"><field name=\"trigger\">no_ext_trigger</field><next><block type=\"execute_command\"><value name=\"command\"><block type=\"text\"><field name=\"TEXT\">kill @e[name=LOTW-dome_main]</field></block></value><value name=\"x\"><block type=\"coord_x\"></block></value><value name=\"y\"><block type=\"coord_y\"></block></value><value name=\"z\"><block type=\"coord_z\"></block></value><next><block type=\"controls_if\"><value name=\"IF0\"><block type=\"math_binary_ops\"><field name=\"OP\">GTE</field><value name=\"A\"><block type=\"variables_get_number\"><mutation xmlns=\"http://www.w3.org/1999/xhtml\" is_player_var=\"false\" has_entity=\"false\"></mutation><field name=\"VAR\">global:spell3_speed</field></block></value><value name=\"B\"><block type=\"math_number\"><field name=\"NUM\">1</field></block></value></block></value><statement name=\"DO0\"><block type=\"execute_command\"><value name=\"command\"><block type=\"text\"><field name=\"TEXT\">execute at @e[name=LOTW-dome_position] run summon armor_stand ~ ~ ~ {Tags:[\"LOTW-ally\"],Invisible:1b,NoGravity:1b,Marker:1b,CustomName:'{\"text\":\"LOTW-dome_main\"}',Rotation:[0f,90f]}</field></block></value><value name=\"x\"><block type=\"coord_x\"></block></value><value name=\"y\"><block type=\"coord_y\"></block></value><value name=\"z\"><block type=\"coord_z\"></block></value></block></statement><next><block type=\"controls_if\"><value name=\"IF0\"><block type=\"math_binary_ops\"><field name=\"OP\">GTE</field><value name=\"A\"><block type=\"variables_get_number\"><mutation xmlns=\"http://www.w3.org/1999/xhtml\" is_player_var=\"false\" has_entity=\"false\"></mutation><field name=\"VAR\">global:spell3_speed</field></block></value><value name=\"B\"><block type=\"math_number\"><field name=\"NUM\">2</field></block></value></block></value><statement name=\"DO0\"><block type=\"execute_command\"><value name=\"command\"><block type=\"text\"><field name=\"TEXT\">execute at @e[name=LOTW-dome_position] run summon armor_stand ~ ~ ~ {Tags:[\"LOTW-ally\"],Invisible:1b,NoGravity:1b,Marker:1b,CustomName:'{\"text\":\"LOTW-dome_main\"}',Rotation:[180f,90f]}</field></block></value><value name=\"x\"><block type=\"coord_x\"></block></value><value name=\"y\"><block type=\"coord_y\"></block></value><value name=\"z\"><block type=\"coord_z\"></block></value></block></statement><next><block type=\"controls_if\"><value name=\"IF0\"><block type=\"math_binary_ops\"><field name=\"OP\">GTE</field><value name=\"A\"><block type=\"variables_get_number\"><mutation xmlns=\"http://www.w3.org/1999/xhtml\" is_player_var=\"false\" has_entity=\"false\"></mutation><field name=\"VAR\">global:spell3_speed</field></block></value><value name=\"B\"><block type=\"math_number\"><field name=\"NUM\">4</field></block></value></block></value><statement name=\"DO0\"><block type=\"execute_command\"><value name=\"command\"><block type=\"text\"><field name=\"TEXT\">execute at @e[name=LOTW-dome_position] run summon armor_stand ~ ~ ~ {Tags:[\"LOTW-ally\"],Invisible:1b,NoGravity:1b,Marker:1b,CustomName:'{\"text\":\"LOTW-dome_main\"}',Rotation:[90f,90f]}</field></block></value><value name=\"x\"><block type=\"coord_x\"></block></value><value name=\"y\"><block type=\"coord_y\"></block></value><value name=\"z\"><block type=\"coord_z\"></block></value><next><block type=\"execute_command\"><value name=\"command\"><block type=\"text\"><field name=\"TEXT\">execute at @e[name=LOTW-dome_position] run summon armor_stand ~ ~ ~ {Tags:[\"LOTW-ally\"],Invisible:1b,NoGravity:1b,Marker:1b,CustomName:'{\"text\":\"LOTW-dome_main\"}',Rotation:[270f,90f]}</field></block></value><value name=\"x\"><block type=\"coord_x\"></block></value><value name=\"y\"><block type=\"coord_y\"></block></value><value name=\"z\"><block type=\"coord_z\"></block></value></block></next></block></statement><next><block type=\"controls_if\"><value name=\"IF0\"><block type=\"math_binary_ops\"><field name=\"OP\">GTE</field><value name=\"A\"><block type=\"variables_get_number\"><mutation xmlns=\"http://www.w3.org/1999/xhtml\" is_player_var=\"false\" has_entity=\"false\"></mutation><field name=\"VAR\">global:spell3_speed</field></block></value><value name=\"B\"><block type=\"math_number\"><field name=\"NUM\">8</field></block></value></block></value><statement name=\"DO0\"><block type=\"execute_command\"><value name=\"command\"><block type=\"text\"><field name=\"TEXT\">execute at @e[name=LOTW-dome_position] run summon armor_stand ~ ~ ~ {Tags:[\"LOTW-ally\"],Invisible:1b,NoGravity:1b,Marker:1b,CustomName:'{\"text\":\"LOTW-dome_main\"}',Rotation:[45f,90f]}</field></block></value><value name=\"x\"><block type=\"coord_x\"></block></value><value name=\"y\"><block type=\"coord_y\"></block></value><value name=\"z\"><block type=\"coord_z\"></block></value><next><block type=\"execute_command\"><value name=\"command\"><block type=\"text\"><field name=\"TEXT\">execute at @e[name=LOTW-dome_position] run summon armor_stand ~ ~ ~ {Tags:[\"LOTW-ally\"],Invisible:1b,NoGravity:1b,Marker:1b,CustomName:'{\"text\":\"LOTW-dome_main\"}',Rotation:[135f,90f]}</field></block></value><value name=\"x\"><block type=\"coord_x\"></block></value><value name=\"y\"><block type=\"coord_y\"></block></value><value name=\"z\"><block type=\"coord_z\"></block></value><next><block type=\"execute_command\"><value name=\"command\"><block type=\"text\"><field name=\"TEXT\">execute at @e[name=LOTW-dome_position] run summon armor_stand ~ ~ ~ {Tags:[\"LOTW-ally\"],Invisible:1b,NoGravity:1b,Marker:1b,CustomName:'{\"text\":\"LOTW-dome_main\"}',Rotation:[225f,90f]}</field></block></value><value name=\"x\"><block type=\"coord_x\"></block></value><value name=\"y\"><block type=\"coord_y\"></block></value><value name=\"z\"><block type=\"coord_z\"></block></value><next><block type=\"execute_command\"><value name=\"command\"><block type=\"text\"><field name=\"TEXT\">execute at @e[name=LOTW-dome_position] run summon armor_stand ~ ~ ~ {Tags:[\"LOTW-ally\"],Invisible:1b,NoGravity:1b,Marker:1b,CustomName:'{\"text\":\"LOTW-dome_main\"}',Rotation:[315f,90f]}</field></block></value><value name=\"x\"><block type=\"coord_x\"></block></value><value name=\"y\"><block type=\"coord_y\"></block></value><value name=\"z\"><block type=\"coord_z\"></block></value></block></next></block></next></block></next></block></statement><next><block type=\"controls_if\"><value name=\"IF0\"><block type=\"math_binary_ops\"><field name=\"OP\">GTE</field><value name=\"A\"><block type=\"variables_get_number\"><mutation xmlns=\"http://www.w3.org/1999/xhtml\" is_player_var=\"false\" has_entity=\"false\"></mutation><field name=\"VAR\">global:spell3_speed</field></block></value><value name=\"B\"><block type=\"math_number\"><field name=\"NUM\">16</field></block></value></block></value><statement name=\"DO0\"><block type=\"execute_command\"><value name=\"command\"><block type=\"text\"><field name=\"TEXT\">execute at @e[name=LOTW-dome_position] run summon armor_stand ~ ~ ~ {Tags:[\"LOTW-ally\"],Invisible:1b,NoGravity:1b,Marker:1b,CustomName:'{\"text\":\"LOTW-dome_main\"}',Rotation:[22.5f,90f]}</field></block></value><value name=\"x\"><block type=\"coord_x\"></block></value><value name=\"y\"><block type=\"coord_y\"></block></value><value name=\"z\"><block type=\"coord_z\"></block></value><next><block type=\"execute_command\"><value name=\"command\"><block type=\"text\"><field name=\"TEXT\">execute at @e[name=LOTW-dome_position] run summon armor_stand ~ ~ ~ {Tags:[\"LOTW-ally\"],Invisible:1b,NoGravity:1b,Marker:1b,CustomName:'{\"text\":\"LOTW-dome_main\"}',Rotation:[112.5f,90f]}</field></block></value><value name=\"x\"><block type=\"coord_x\"></block></value><value name=\"y\"><block type=\"coord_y\"></block></value><value name=\"z\"><block type=\"coord_z\"></block></value><next><block type=\"execute_command\"><value name=\"command\"><block type=\"text\"><field name=\"TEXT\">execute at @e[name=LOTW-dome_position] run summon armor_stand ~ ~ ~ {Tags:[\"LOTW-ally\"],Invisible:1b,NoGravity:1b,Marker:1b,CustomName:'{\"text\":\"LOTW-dome_main\"}',Rotation:[202.5f,90f]}</field></block></value><value name=\"x\"><block type=\"coord_x\"></block></value><value name=\"y\"><block type=\"coord_y\"></block></value><value name=\"z\"><block type=\"coord_z\"></block></value><next><block type=\"execute_command\"><value name=\"command\"><block type=\"text\"><field name=\"TEXT\">execute at @e[name=LOTW-dome_position] run summon armor_stand ~ ~ ~ {Tags:[\"LOTW-ally\"],Invisible:1b,NoGravity:1b,Marker:1b,CustomName:'{\"text\":\"LOTW-dome_main\"}',Rotation:[292.5f,90f]}</field></block></value><value name=\"x\"><block type=\"coord_x\"></block></value><value name=\"y\"><block type=\"coord_y\"></block></value><value name=\"z\"><block type=\"coord_z\"></block></value><next><block type=\"execute_command\"><value name=\"command\"><block type=\"text\"><field name=\"TEXT\">execute at @e[name=LOTW-dome_position] run summon armor_stand ~ ~ ~ {Tags:[\"LOTW-ally\"],Invisible:1b,NoGravity:1b,Marker:1b,CustomName:'{\"text\":\"LOTW-dome_main\"}',Rotation:[67.5f,90f]}</field></block></value><value name=\"x\"><block type=\"coord_x\"></block></value><value name=\"y\"><block type=\"coord_y\"></block></value><value name=\"z\"><block type=\"coord_z\"></block></value><next><block type=\"execute_command\"><value name=\"command\"><block type=\"text\"><field name=\"TEXT\">execute at @e[name=LOTW-dome_position] run summon armor_stand ~ ~ ~ {Tags:[\"LOTW-ally\"],Invisible:1b,NoGravity:1b,Marker:1b,CustomName:'{\"text\":\"LOTW-dome_main\"}',Rotation:[157.5f,90f]}</field></block></value><value name=\"x\"><block type=\"coord_x\"></block></value><value name=\"y\"><block type=\"coord_y\"></block></value><value name=\"z\"><block type=\"coord_z\"></block></value><next><block type=\"execute_command\"><value name=\"command\"><block type=\"text\"><field name=\"TEXT\">execute at @e[name=LOTW-dome_position] run summon armor_stand ~ ~ ~ {Tags:[\"LOTW-ally\"],Invisible:1b,NoGravity:1b,Marker:1b,CustomName:'{\"text\":\"LOTW-dome_main\"}',Rotation:[247.5f,90f]}</field></block></value><value name=\"x\"><block type=\"coord_x\"></block></value><value name=\"y\"><block type=\"coord_y\"></block></value><value name=\"z\"><block type=\"coord_z\"></block></value><next><block type=\"execute_command\"><value name=\"command\"><block type=\"text\"><field name=\"TEXT\">execute at @e[name=LOTW-dome_position] run summon armor_stand ~ ~ ~ {Tags:[\"LOTW-ally\"],Invisible:1b,NoGravity:1b,Marker:1b,CustomName:'{\"text\":\"LOTW-dome_main\"}',Rotation:[337.5f,90f]}</field></block></value><value name=\"x\"><block type=\"coord_x\"></block></value><value name=\"y\"><block type=\"coord_y\"></block></value><value name=\"z\"><block type=\"coord_z\"></block></value></block></next></block></next></block></next></block></next></block></next></block></next></block></next></block></statement></block></next></block></next></block></next></block></next></block></next></block></next></block></xml>"
  }
}