{
  "_fv": 34,
  "_type": "gui",
  "definition": {
    "type": 0,
    "width": 0,
    "height": 0,
    "inventoryOffsetX": 0,
    "inventoryOffsetY": 0,
    "renderBgLayer": false,
    "doesPauseGame": false,
    "components": [
      {
        "type": "label",
        "data": {
          "text": "Mana : [<VAR:integer:mana>/30]",
          "color": {
            "value": -6710887,
            "falpha": 0.0
          },
          "name": "Mana : [<VAR:integer:mana>/30]",
          "x": 230,
          "y": 196
        }
      },
      {
        "type": "button",
        "data": {
          "text": "Back",
          "onClick": {
            "name": "ClickLanternGround"
          },
          "width": 48,
          "height": 20,
          "name": "Back",
          "x": 374,
          "y": 192
        }
      },
      {
        "type": "button",
        "data": {
          "text": "Cancel Spell",
          "onClick": {
            "name": "Spell4cancel"
          },
          "width": 88,
          "height": 20,
          "name": "Cancel Spell",
          "x": 134,
          "y": 192
        }
      },
      {
        "type": "label",
        "data": {
          "text": "",
          "color": {
            "value": -6750208,
            "falpha": 0.0
          },
          "name": "",
          "x": 278,
          "y": 32
        }
      },
      {
        "type": "label",
        "data": {
          "text": "WEAPON MANIPULATION",
          "color": {
            "value": -16777216,
            "falpha": 0.0
          },
          "name": "WEAPON MANIPULATION",
          "x": 170,
          "y": 28
        }
      },
      {
        "type": "label",
        "data": {
          "text": "The spell of weapon",
          "color": {
            "value": -10079488,
            "falpha": 0.0
          },
          "name": "The spell of weapon",
          "x": 158,
          "y": 44
        }
      },
      {
        "type": "label",
        "data": {
          "text": "and objects controlling,",
          "color": {
            "value": -10079488,
            "falpha": 0.0
          },
          "name": "and objects controlling,",
          "x": 150,
          "y": 56
        }
      },
      {
        "type": "image",
        "data": {
          "image": "tph_book.png",
          "use1Xscale": false,
          "name": "tph_book.png",
          "x": 134,
          "y": 8
        }
      },
      {
        "type": "image",
        "data": {
          "image": "spell1.png",
          "use1Xscale": false,
          "name": "spell1.png",
          "x": 150,
          "y": 24
        }
      },
      {
        "type": "label",
        "data": {
          "text": "use your magic to move",
          "color": {
            "value": -10079488,
            "falpha": 0.0
          },
          "name": "use your magic to move",
          "x": 150,
          "y": 68
        }
      },
      {
        "type": "image",
        "data": {
          "image": "spell4_image.png",
          "use1Xscale": false,
          "name": "spell4_image.png",
          "x": 154,
          "y": 108
        }
      },
      {
        "type": "button",
        "data": {
          "text": "20 mana",
          "onClick": {
            "name": "Spell4getActivateWeapon"
          },
          "width": 56,
          "height": 20,
          "name": "20 mana",
          "x": 214,
          "y": 160
        }
      },
      {
        "type": "label",
        "data": {
          "text": "Set Weapon",
          "color": {
            "value": -10092544,
            "falpha": 0.0
          },
          "name": "Set Weapon",
          "x": 150,
          "y": 164
        }
      },
      {
        "type": "label",
        "data": {
          "text": "- Bow",
          "color": {
            "value": -6737152,
            "falpha": 0.0
          },
          "name": "- Bow",
          "x": 286,
          "y": 104
        }
      },
      {
        "type": "image",
        "data": {
          "image": "spell_costs.png",
          "use1Xscale": false,
          "displayCondition": {
            "name": "Spell4returnShowKeyTRUE"
          },
          "name": "spell_costs.png",
          "x": -18,
          "y": 12
        }
      },
      {
        "type": "label",
        "data": {
          "text": "Default Key",
          "color": {
            "value": -10092544,
            "falpha": 0.0
          },
          "displayCondition": {
            "name": "Spell4returnShowKeyTRUE"
          },
          "name": "Default Key",
          "x": 38,
          "y": 28
        }
      },
      {
        "type": "label",
        "data": {
          "text": "2 = Mode",
          "color": {
            "value": -6737152,
            "falpha": 0.0
          },
          "displayCondition": {
            "name": "Spell4returnShowKeyTRUE"
          },
          "name": "2 = Mode",
          "x": 26,
          "y": 124
        }
      },
      {
        "type": "label",
        "data": {
          "text": "1 = Weapon",
          "color": {
            "value": -6737152,
            "falpha": 0.0
          },
          "displayCondition": {
            "name": "Spell4returnShowKeyTRUE"
          },
          "name": "1 = Weapon",
          "x": 26,
          "y": 112
        }
      },
      {
        "type": "label",
        "data": {
          "text": "Tab = Reset",
          "color": {
            "value": -6737152,
            "falpha": 0.0
          },
          "displayCondition": {
            "name": "Spell4returnShowKeyTRUE"
          },
          "name": "Tab = Reset",
          "x": 26,
          "y": 52
        }
      },
      {
        "type": "label",
        "data": {
          "text": "Shift = Shoot",
          "color": {
            "value": -6737152,
            "falpha": 0.0
          },
          "displayCondition": {
            "name": "Spell4returnShowKeyTRUE"
          },
          "name": "Shift = Shoot",
          "x": 26,
          "y": 64
        }
      },
      {
        "type": "label",
        "data": {
          "text": "5 = Skill",
          "color": {
            "value": -6737152,
            "falpha": 0.0
          },
          "displayCondition": {
            "name": "Spell4returnShowKeyTRUE"
          },
          "name": "5 = Skill",
          "x": 26,
          "y": 160
        }
      },
      {
        "type": "label",
        "data": {
          "text": "Active Weapons",
          "color": {
            "value": -10092544,
            "falpha": 0.0
          },
          "name": "Active Weapons",
          "x": 286,
          "y": 24
        }
      },
      {
        "type": "button",
        "data": {
          "text": "-",
          "onClick": {
            "name": "Spell4clearType1"
          },
          "width": 8,
          "height": 20,
          "name": "-",
          "x": 378,
          "y": 40
        }
      },
      {
        "type": "button",
        "data": {
          "text": "-",
          "onClick": {
            "name": "Spell4clearType3"
          },
          "width": 8,
          "height": 20,
          "name": "-",
          "x": 378,
          "y": 80
        }
      },
      {
        "type": "label",
        "data": {
          "text": "<VAR:integer:spell4_weapon_count_type1>",
          "color": {
            "value": -6724096,
            "falpha": 0.0
          },
          "name": "<VAR:integer:spell4_weapon_count_type1>",
          "x": 390,
          "y": 44
        }
      },
      {
        "type": "label",
        "data": {
          "text": "<VAR:integer:spell4_weapon_count_type4>",
          "color": {
            "value": -6724096,
            "falpha": 0.0
          },
          "name": "<VAR:integer:spell4_weapon_count_type4>",
          "x": 390,
          "y": 104
        }
      },
      {
        "type": "label",
        "data": {
          "text": "4 = Distance (+)",
          "color": {
            "value": -6737152,
            "falpha": 0.0
          },
          "displayCondition": {
            "name": "Spell4returnShowKeyTRUE"
          },
          "name": "4 = Distance (+)",
          "x": 26,
          "y": 148
        }
      },
      {
        "type": "label",
        "data": {
          "text": "3 = Distance (-)",
          "color": {
            "value": -6737152,
            "falpha": 0.0
          },
          "displayCondition": {
            "name": "Spell4returnShowKeyTRUE"
          },
          "name": "3 = Distance (-)",
          "x": 26,
          "y": 136
        }
      },
      {
        "type": "label",
        "data": {
          "text": "Ctrl = Reverse",
          "color": {
            "value": -6737152,
            "falpha": 0.0
          },
          "displayCondition": {
            "name": "Spell4returnShowKeyTRUE"
          },
          "name": "Ctrl = Reverse",
          "x": 26,
          "y": 76
        }
      },
      {
        "type": "button",
        "data": {
          "text": "Clear All",
          "onClick": {
            "name": "Spell4clear"
          },
          "width": 56,
          "height": 20,
          "name": "Clear All",
          "x": 350,
          "y": 160
        }
      },
      {
        "type": "label",
        "data": {
          "text": "- Sword",
          "color": {
            "value": -6737152,
            "falpha": 0.0
          },
          "name": "- Sword",
          "x": 286,
          "y": 44
        }
      },
      {
        "type": "button",
        "data": {
          "text": "-",
          "onClick": {
            "name": "Spell4clearType4"
          },
          "width": 8,
          "height": 20,
          "name": "-",
          "x": 378,
          "y": 100
        }
      },
      {
        "type": "label",
        "data": {
          "text": "<VAR:integer:spell4_weapon_count_type5>",
          "color": {
            "value": -6724096,
            "falpha": 0.0
          },
          "name": "<VAR:integer:spell4_weapon_count_type5>",
          "x": 390,
          "y": 124
        }
      },
      {
        "type": "label",
        "data": {
          "text": "- Lantern",
          "color": {
            "value": -6737152,
            "falpha": 0.0
          },
          "name": "- Lantern",
          "x": 286,
          "y": 84
        }
      },
      {
        "type": "label",
        "data": {
          "text": "- Beehive",
          "color": {
            "value": -6737152,
            "falpha": 0.0
          },
          "name": "- Beehive",
          "x": 286,
          "y": 124
        }
      },
      {
        "type": "button",
        "data": {
          "text": "-",
          "onClick": {
            "name": "Spell4clearType5"
          },
          "width": 8,
          "height": 20,
          "name": "-",
          "x": 378,
          "y": 120
        }
      },
      {
        "type": "label",
        "data": {
          "text": "- Shield",
          "color": {
            "value": -6737152,
            "falpha": 0.0
          },
          "name": "- Shield",
          "x": 286,
          "y": 64
        }
      },
      {
        "type": "button",
        "data": {
          "text": "-",
          "onClick": {
            "name": "Spell4clearType2"
          },
          "width": 8,
          "height": 20,
          "name": "-",
          "x": 378,
          "y": 60
        }
      },
      {
        "type": "label",
        "data": {
          "text": "<VAR:integer:spell4_weapon_count_type2>",
          "color": {
            "value": -6724096,
            "falpha": 0.0
          },
          "name": "<VAR:integer:spell4_weapon_count_type2>",
          "x": 390,
          "y": 64
        }
      },
      {
        "type": "button",
        "data": {
          "text": "?",
          "onClick": {
            "name": "Spell4buttonShowKey"
          },
          "width": 8,
          "height": 20,
          "name": "?",
          "x": 134,
          "y": 16
        }
      },
      {
        "type": "label",
        "data": {
          "text": "objects like telekinesis",
          "color": {
            "value": -10079488,
            "falpha": 0.0
          },
          "name": "objects like telekinesis",
          "x": 150,
          "y": 80
        }
      },
      {
        "type": "label",
        "data": {
          "text": "and use their skills.",
          "color": {
            "value": -10079488,
            "falpha": 0.0
          },
          "name": "and use their skills.",
          "x": 150,
          "y": 92
        }
      },
      {
        "type": "label",
        "data": {
          "text": "Z = Lock Target",
          "color": {
            "value": -6737152,
            "falpha": 0.0
          },
          "displayCondition": {
            "name": "Spell4returnShowKeyTRUE"
          },
          "name": "Z = Lock Target",
          "x": 26,
          "y": 88
        }
      },
      {
        "type": "button",
        "data": {
          "text": ">",
          "onClick": {
            "name": "Spell4GUI2open"
          },
          "width": 8,
          "height": 20,
          "name": ">",
          "x": 414,
          "y": 88
        }
      },
      {
        "type": "label",
        "data": {
          "text": "<VAR:integer:spell4_weapon_count_type3>",
          "color": {
            "value": -6724096,
            "falpha": 0.0
          },
          "name": "<VAR:integer:spell4_weapon_count_type3>",
          "x": 390,
          "y": 84
        }
      }
    ],
    "gridSettings": {
      "sx": 8,
      "sy": 8,
      "ox": 11,
      "oy": 15,
      "snapOnGrid": true
    }
  }
}