{
	"credit": "Made with Blockbench",
	"texture_size": [64, 64],
	"elements": [
		{
			"from": [7.65, 0.1, 6.15],
			"to": [8.35, 5.9, 9.85],
			"rotation": {"angle": 0, "axis": "y", "origin": [8, 3, 7.05]},
			"color": 1,
			"faces": {
				"north": {"uv": [8.5, 0, 8.75, 0.25], "texture": "#missing"},
				"east": {"uv": [8.5, 0, 12.5, 6], "texture": "#missing"},
				"south": {"uv": [8.5, 0, 8.75, 0.25], "texture": "#missing"},
				"west": {"uv": [8.5, 0, 12.5, 6], "texture": "#missing"},
				"up": {"uv": [8.5, 0, 8.75, 0.25], "rotation": 270, "texture": "#missing"},
				"down": {"uv": [8.5, 0, 8.75, 0.25], "rotation": 90, "texture": "#missing"}
			}
		},
		{
			"from": [8.35, 0, 6],
			"to": [8.5, 6, 10],
			"rotation": {"angle": 0, "axis": "y", "origin": [8, 3, 7.05]},
			"color": 2,
			"faces": {
				"north": {"uv": [3.75, 0, 4, 6], "texture": "#missing"},
				"east": {"uv": [0, 0, 4, 6], "texture": "#missing"},
				"south": {"uv": [0, 0, 0.25, 6], "texture": "#missing"},
				"west": {"uv": [4.25, 0, 8.25, 6], "texture": "#missing"},
				"up": {"uv": [0, 0, 4, 0.25], "rotation": 270, "texture": "#missing"},
				"down": {"uv": [0, 0, 4, 0.25], "rotation": 90, "texture": "#missing"}
			}
		},
		{
			"from": [7.65, 0, 9.85],
			"to": [8.35, 6, 10],
			"rotation": {"angle": 0, "axis": "y", "origin": [8, 3, 7.05]},
			"color": 1,
			"faces": {
				"north": {"uv": [3.75, 0, 4, 6], "texture": "#missing"},
				"east": {"uv": [0, 0, 4, 6], "texture": "#missing"},
				"south": {"uv": [0, 0, 0.25, 6], "texture": "#missing"},
				"west": {"uv": [4.25, 0, 8.25, 6], "texture": "#missing"},
				"up": {"uv": [0, 0, 0.25, 0.25], "rotation": 270, "texture": "#missing"},
				"down": {"uv": [0, 0, 0.25, 0.25], "rotation": 90, "texture": "#missing"}
			}
		},
		{
			"from": [7.5, 0, 6],
			"to": [7.65, 6, 10],
			"rotation": {"angle": 0, "axis": "y", "origin": [8, 3, 7.05]},
			"color": 3,
			"faces": {
				"north": {"uv": [3.75, 0, 4, 6], "texture": "#missing"},
				"east": {"uv": [0, 0, 4, 6], "texture": "#missing"},
				"south": {"uv": [0, 0, 0.25, 6], "texture": "#missing"},
				"west": {"uv": [4.25, 0, 8.25, 6], "texture": "#missing"},
				"up": {"uv": [0, 0, 4, 0.25], "rotation": 90, "texture": "#missing"},
				"down": {"uv": [0, 0, 4, 0.25], "rotation": 270, "texture": "#missing"}
			}
		}
	],
	"display": {
		"thirdperson_righthand": {
			"rotation": [0, 180, 0],
			"translation": [0, 4.25, -2.5],
			"scale": [1.25, 1.25, 1.25]
		},
		"thirdperson_lefthand": {
			"scale": [0, 0, 0]
		},
		"firstperson_righthand": {
			"rotation": [-30, 180, 0],
			"translation": [-4, 10, 1.25]
		},
		"firstperson_lefthand": {
			"scale": [0, 0, 0]
		},
		"ground": {
			"rotation": [45, 0, 0],
			"translation": [0, 10, 4]
		},
		"gui": {
			"rotation": [0, -60, 30],
			"translation": [-2.5, 8.5, 0],
			"scale": [2, 2, 2]
		},
		"head": {
			"translation": [0, 6, 0],
			"scale": [2.75, 2.75, 2.75]
		},
		"fixed": {
			"rotation": [0, 90, 0],
			"translation": [0, 9.25, 0],
			"scale": [2, 2, 2]
		}
	}
}