{
  "_fv": 60,
  "_type": "procedure",
  "definition": {
    "procedurexml": "<xml xmlns=\"https://developers.google.com/blockly/xml\"><block type=\"event_trigger\" deletable=\"false\" x=\"40\" y=\"40\"><field name=\"trigger\">no_ext_trigger</field><next><block type=\"controls_if\"><value name=\"IF0\"><block type=\"math_binary_ops\"><field name=\"OP\">GT</field><value name=\"A\"><block type=\"entity_nbt_num_get\"><value name=\"entity\"><block type=\"entity_from_deps\"></block></value><value name=\"tagName\"><block type=\"text\"><field name=\"TEXT\">building_chance</field></block></value></block></value><value name=\"B\"><block type=\"math_java_constants\"><field name=\"CONSTANT\">RANDOM</field></block></value></block></value><statement name=\"DO0\"><block type=\"entity_execute_command\"><value name=\"command\"><block type=\"text_join\"><mutation items=\"5\"></mutation><value name=\"ADD0\"><block type=\"text\"><field name=\"TEXT\">execute positioned </field></block></value><value name=\"ADD1\"><block type=\"text_join\"><mutation items=\"3\"></mutation><value name=\"ADD0\"><block type=\"text\"><field name=\"TEXT\">^</field></block></value><value name=\"ADD1\"><block type=\"entity_nbt_num_get\"><value name=\"entity\"><block type=\"entity_from_deps\"></block></value><value name=\"tagName\"><block type=\"text\"><field name=\"TEXT\">frequency</field></block></value></block></value><value name=\"ADD2\"><block type=\"text\"><field name=\"TEXT\"> ^ ^</field></block></value></block></value><value name=\"ADD2\"><block type=\"text\"><field name=\"TEXT\"> unless entity @e[name=SKYWIZA-city,distance=..0.5] run summon armor_stand ~ ~ ~ {Tags:[\"SKYWIZA-city_building\"],NoGravity:1b,Invisible:1b,Marker:1b,CustomName:'{\"text\":\"SKYWIZA-city\"}',Rotation:[</field></block></value><value name=\"ADD3\"><block type=\"math_dual_ops\"><field name=\"OP\">ADD</field><value name=\"A\"><block type=\"entity_direction\"><value name=\"entity\"><block type=\"entity_from_deps\"></block></value></block></value><value name=\"B\"><block type=\"math_number\"><field name=\"NUM\">-90</field></block></value></block></value><value name=\"ADD4\"><block type=\"text\"><field name=\"TEXT\">f]}</field></block></value></block></value><value name=\"entity\"><block type=\"entity_from_deps\"></block></value><next><block type=\"entity_execute_command\"><value name=\"command\"><block type=\"text_join\"><mutation items=\"4\"></mutation><value name=\"ADD0\"><block type=\"text\"><field name=\"TEXT\">execute positioned </field></block></value><value name=\"ADD1\"><block type=\"text_join\"><mutation items=\"3\"></mutation><value name=\"ADD0\"><block type=\"text\"><field name=\"TEXT\">^</field></block></value><value name=\"ADD1\"><block type=\"entity_nbt_num_get\"><value name=\"entity\"><block type=\"entity_from_deps\"></block></value><value name=\"tagName\"><block type=\"text\"><field name=\"TEXT\">frequency</field></block></value></block></value><value name=\"ADD2\"><block type=\"text\"><field name=\"TEXT\"> ^ ^</field></block></value></block></value><value name=\"ADD2\"><block type=\"text\"><field name=\"TEXT\"> as @e[tag=SKYWIZA-city_building,tag=!SKYWIZA-city_placed,distance=..0.5] at @s run </field></block></value><value name=\"ADD3\"><block type=\"entity_nbt_text_get\"><value name=\"entity\"><block type=\"entity_from_deps\"></block></value><value name=\"tagName\"><block type=\"text\"><field name=\"TEXT\">building</field></block></value></block></value></block></value><value name=\"entity\"><block type=\"entity_from_deps\"></block></value><next><block type=\"entity_execute_command\"><value name=\"command\"><block type=\"text_join\"><mutation items=\"3\"></mutation><value name=\"ADD0\"><block type=\"text\"><field name=\"TEXT\">execute positioned </field></block></value><value name=\"ADD1\"><block type=\"text_join\"><mutation items=\"3\"></mutation><value name=\"ADD0\"><block type=\"text\"><field name=\"TEXT\">^</field></block></value><value name=\"ADD1\"><block type=\"entity_nbt_num_get\"><value name=\"entity\"><block type=\"entity_from_deps\"></block></value><value name=\"tagName\"><block type=\"text\"><field name=\"TEXT\">frequency</field></block></value></block></value><value name=\"ADD2\"><block type=\"text\"><field name=\"TEXT\"> ^ ^</field></block></value></block></value><value name=\"ADD2\"><block type=\"text\"><field name=\"TEXT\"> run tag @e[tag=SKYWIZA-city_building,tag=!SKYWIZA-city_placed,distance=..0.5] add SKYWIZA-city_placed</field></block></value></block></value><value name=\"entity\"><block type=\"entity_from_deps\"></block></value></block></next></block></next></block></statement><next><block type=\"controls_if\"><value name=\"IF0\"><block type=\"math_binary_ops\"><field name=\"OP\">GT</field><value name=\"A\"><block type=\"entity_nbt_num_get\"><value name=\"entity\"><block type=\"entity_from_deps\"></block></value><value name=\"tagName\"><block type=\"text\"><field name=\"TEXT\">building_chance</field></block></value></block></value><value name=\"B\"><block type=\"math_java_constants\"><field name=\"CONSTANT\">RANDOM</field></block></value></block></value><statement name=\"DO0\"><block type=\"entity_execute_command\"><value name=\"command\"><block type=\"text_join\"><mutation items=\"5\"></mutation><value name=\"ADD0\"><block type=\"text\"><field name=\"TEXT\">execute positioned </field></block></value><value name=\"ADD1\"><block type=\"text_join\"><mutation items=\"3\"></mutation><value name=\"ADD0\"><block type=\"text\"><field name=\"TEXT\">^-</field></block></value><value name=\"ADD1\"><block type=\"entity_nbt_num_get\"><value name=\"entity\"><block type=\"entity_from_deps\"></block></value><value name=\"tagName\"><block type=\"text\"><field name=\"TEXT\">frequency</field></block></value></block></value><value name=\"ADD2\"><block type=\"text\"><field name=\"TEXT\"> ^ ^</field></block></value></block></value><value name=\"ADD2\"><block type=\"text\"><field name=\"TEXT\"> unless entity @e[name=SKYWIZA-city,distance=..0.5] run summon armor_stand ~ ~ ~ {Tags:[\"SKYWIZA-city_building\"],NoGravity:1b,Invisible:1b,Marker:1b,CustomName:'{\"text\":\"SKYWIZA-city\"}',Rotation:[</field></block></value><value name=\"ADD3\"><block type=\"math_dual_ops\"><field name=\"OP\">ADD</field><value name=\"A\"><block type=\"entity_direction\"><value name=\"entity\"><block type=\"entity_from_deps\"></block></value></block></value><value name=\"B\"><block type=\"math_number\"><field name=\"NUM\">90</field></block></value></block></value><value name=\"ADD4\"><block type=\"text\"><field name=\"TEXT\">f]}</field></block></value></block></value><value name=\"entity\"><block type=\"entity_from_deps\"></block></value><next><block type=\"entity_execute_command\"><value name=\"command\"><block type=\"text_join\"><mutation items=\"4\"></mutation><value name=\"ADD0\"><block type=\"text\"><field name=\"TEXT\">execute positioned </field></block></value><value name=\"ADD1\"><block type=\"text_join\"><mutation items=\"3\"></mutation><value name=\"ADD0\"><block type=\"text\"><field name=\"TEXT\">^-</field></block></value><value name=\"ADD1\"><block type=\"entity_nbt_num_get\"><value name=\"entity\"><block type=\"entity_from_deps\"></block></value><value name=\"tagName\"><block type=\"text\"><field name=\"TEXT\">frequency</field></block></value></block></value><value name=\"ADD2\"><block type=\"text\"><field name=\"TEXT\"> ^ ^</field></block></value></block></value><value name=\"ADD2\"><block type=\"text\"><field name=\"TEXT\"> as @e[tag=SKYWIZA-city_building,tag=!SKYWIZA-city_placed,distance=..0.5] at @s run </field></block></value><value name=\"ADD3\"><block type=\"entity_nbt_text_get\"><value name=\"entity\"><block type=\"entity_from_deps\"></block></value><value name=\"tagName\"><block type=\"text\"><field name=\"TEXT\">building</field></block></value></block></value></block></value><value name=\"entity\"><block type=\"entity_from_deps\"></block></value><next><block type=\"entity_execute_command\"><value name=\"command\"><block type=\"text_join\"><mutation items=\"3\"></mutation><value name=\"ADD0\"><block type=\"text\"><field name=\"TEXT\">execute positioned </field></block></value><value name=\"ADD1\"><block type=\"text_join\"><mutation items=\"3\"></mutation><value name=\"ADD0\"><block type=\"text\"><field name=\"TEXT\">^-</field></block></value><value name=\"ADD1\"><block type=\"entity_nbt_num_get\"><value name=\"entity\"><block type=\"entity_from_deps\"></block></value><value name=\"tagName\"><block type=\"text\"><field name=\"TEXT\">frequency</field></block></value></block></value><value name=\"ADD2\"><block type=\"text\"><field name=\"TEXT\"> ^ ^</field></block></value></block></value><value name=\"ADD2\"><block type=\"text\"><field name=\"TEXT\"> run tag @e[tag=SKYWIZA-city_building,tag=!SKYWIZA-city_placed,distance=..0.5] add SKYWIZA-city_placed</field></block></value></block></value><value name=\"entity\"><block type=\"entity_from_deps\"></block></value></block></next></block></next></block></statement></block></next></block></next></block></xml>"
  }
}