{
  "_fv": 60,
  "_type": "procedure",
  "definition": {
    "procedurexml": "<xml xmlns=\"https://developers.google.com/blockly/xml\"><block type=\"event_trigger\" deletable=\"false\" x=\"40\" y=\"40\"><field name=\"trigger\">no_ext_trigger</field><next><block type=\"controls_if\"><mutation else=\"1\"></mutation><value name=\"IF0\"><block type=\"logic_binary_ops\"><field name=\"OP\">EQ</field><value name=\"A\"><block type=\"item_nbt_logic_get\"><value name=\"tagName\"><block type=\"text\"><field name=\"TEXT\">start</field></block></value><value name=\"item\"><block type=\"entity_iteminhand\"><value name=\"entity\"><block type=\"entity_from_deps\"></block></value></block></value></block></value><value name=\"B\"><block type=\"logic_boolean\"><field name=\"BOOL\">TRUE</field></block></value></block></value><statement name=\"DO0\"><block type=\"item_nbt_logic_set\"><value name=\"tagName\"><block type=\"text\"><field name=\"TEXT\">start</field></block></value><value name=\"item\"><block type=\"entity_iteminhand\"><value name=\"entity\"><block type=\"entity_from_deps\"></block></value></block></value><value name=\"tagValue\"><block type=\"logic_boolean\"><field name=\"BOOL\">FALSE</field></block></value><next><block type=\"entity_execute_command\"><value name=\"command\"><block type=\"text\"><field name=\"TEXT\">kill @e[name=SKYWIZA-city]</field></block></value><value name=\"entity\"><block type=\"entity_from_deps\"></block></value><next><block type=\"entity_execute_command\"><value name=\"command\"><block type=\"text\"><field name=\"TEXT\">say Stop</field></block></value><value name=\"entity\"><block type=\"entity_from_deps\"></block></value></block></next></block></next></block></statement><statement name=\"ELSE\"><block type=\"entity_execute_command\"><value name=\"command\"><block type=\"text\"><field name=\"TEXT\">say Start</field></block></value><value name=\"entity\"><block type=\"entity_from_deps\"></block></value><next><block type=\"item_nbt_logic_set\"><value name=\"tagName\"><block type=\"text\"><field name=\"TEXT\">start</field></block></value><value name=\"item\"><block type=\"entity_iteminhand\"><value name=\"entity\"><block type=\"entity_from_deps\"></block></value></block></value><value name=\"tagValue\"><block type=\"logic_boolean\"><field name=\"BOOL\">TRUE</field></block></value><next><block type=\"item_nbt_num_set\"><value name=\"tagName\"><block type=\"text\"><field name=\"TEXT\">center_posX</field></block></value><value name=\"item\"><block type=\"entity_iteminhand\"><value name=\"entity\"><block type=\"entity_from_deps\"></block></value></block></value><value name=\"tagValue\"><block type=\"math_singular_ops\"><field name=\"OP\">ROUNDDOWN</field><value name=\"NUM\"><block type=\"entity_pos_x\"><value name=\"entity\"><block type=\"entity_from_deps\"></block></value></block></value></block></value><next><block type=\"item_nbt_num_set\"><value name=\"tagName\"><block type=\"text\"><field name=\"TEXT\">center_posZ</field></block></value><value name=\"item\"><block type=\"entity_iteminhand\"><value name=\"entity\"><block type=\"entity_from_deps\"></block></value></block></value><value name=\"tagValue\"><block type=\"math_singular_ops\"><field name=\"OP\">ROUNDDOWN</field><value name=\"NUM\"><block type=\"entity_pos_z\"><value name=\"entity\"><block type=\"entity_from_deps\"></block></value></block></value></block></value><next><block type=\"item_nbt_num_set\"><value name=\"tagName\"><block type=\"text\"><field name=\"TEXT\">distance</field></block></value><value name=\"item\"><block type=\"entity_iteminhand\"><value name=\"entity\"><block type=\"entity_from_deps\"></block></value></block></value><value name=\"tagValue\"><block type=\"math_number\"><field name=\"NUM\">1</field></block></value><next><block type=\"controls_if\"><value name=\"IF0\"><block type=\"logic_boolean\"><field name=\"BOOL\">TRUE</field></block></value><statement name=\"DO0\"><block type=\"entity_execute_command\"><value name=\"command\"><block type=\"text_join\"><mutation items=\"3\"></mutation><value name=\"ADD0\"><block type=\"text\"><field name=\"TEXT\">execute positioned ~ 0 ~</field></block></value><value name=\"ADD1\"><block type=\"item_nbt_num_get\"><value name=\"tagName\"><block type=\"text\"><field name=\"TEXT\">frequency</field></block></value><value name=\"item\"><block type=\"entity_iteminhand\"><value name=\"entity\"><block type=\"entity_from_deps\"></block></value></block></value></block></value><value name=\"ADD2\"><block type=\"text\"><field name=\"TEXT\"> run summon armor_stand ~ ~ ~ {Tags:[\"SKYWIZA-city_road\"],NoGravity:1b,Invisible:1b,Marker:1b,CustomName:'{\"text\":\"SKYWIZA-city\"}',Rotation:[0f]}</field></block></value></block></value><value name=\"entity\"><block type=\"entity_from_deps\"></block></value><next><block type=\"entity_execute_command\"><value name=\"command\"><block type=\"text_join\"><mutation items=\"3\"></mutation><value name=\"ADD0\"><block type=\"text\"><field name=\"TEXT\">execute positioned ~ 0 ~-</field></block></value><value name=\"ADD1\"><block type=\"item_nbt_num_get\"><value name=\"tagName\"><block type=\"text\"><field name=\"TEXT\">frequency</field></block></value><value name=\"item\"><block type=\"entity_iteminhand\"><value name=\"entity\"><block type=\"entity_from_deps\"></block></value></block></value></block></value><value name=\"ADD2\"><block type=\"text\"><field name=\"TEXT\"> run summon armor_stand ~ ~ ~ {Tags:[\"SKYWIZA-city_road\"],NoGravity:1b,Invisible:1b,Marker:1b,CustomName:'{\"text\":\"SKYWIZA-city\"}',Rotation:[180f]}</field></block></value></block></value><value name=\"entity\"><block type=\"entity_from_deps\"></block></value><next><block type=\"entity_execute_command\"><value name=\"command\"><block type=\"text_join\"><mutation items=\"3\"></mutation><value name=\"ADD0\"><block type=\"text\"><field name=\"TEXT\">execute positioned ~</field></block></value><value name=\"ADD1\"><block type=\"item_nbt_num_get\"><value name=\"tagName\"><block type=\"text\"><field name=\"TEXT\">frequency</field></block></value><value name=\"item\"><block type=\"entity_iteminhand\"><value name=\"entity\"><block type=\"entity_from_deps\"></block></value></block></value></block></value><value name=\"ADD2\"><block type=\"text\"><field name=\"TEXT\"> 0 ~ run summon armor_stand ~ ~ ~ {Tags:[\"SKYWIZA-city_road\"],NoGravity:1b,Invisible:1b,Marker:1b,CustomName:'{\"text\":\"SKYWIZA-city\"}',Rotation:[270f]}</field></block></value></block></value><value name=\"entity\"><block type=\"entity_from_deps\"></block></value><next><block type=\"entity_execute_command\"><value name=\"command\"><block type=\"text_join\"><mutation items=\"3\"></mutation><value name=\"ADD0\"><block type=\"text\"><field name=\"TEXT\">execute positioned ~-</field></block></value><value name=\"ADD1\"><block type=\"item_nbt_num_get\"><value name=\"tagName\"><block type=\"text\"><field name=\"TEXT\">frequency</field></block></value><value name=\"item\"><block type=\"entity_iteminhand\"><value name=\"entity\"><block type=\"entity_from_deps\"></block></value></block></value></block></value><value name=\"ADD2\"><block type=\"text\"><field name=\"TEXT\"> 0 ~ run summon armor_stand ~ ~ ~ {Tags:[\"SKYWIZA-city_road\"],NoGravity:1b,Invisible:1b,Marker:1b,CustomName:'{\"text\":\"SKYWIZA-city\"}',Rotation:[90f]}</field></block></value></block></value><value name=\"entity\"><block type=\"entity_from_deps\"></block></value><next><block type=\"entity_execute_command\"><value name=\"command\"><block type=\"text\"><field name=\"TEXT\">execute as @e[tag=SKYWIZA-city_road,tag=!SKYWIZA-city_placed] at @s run data modify entity @s ForgeData set from entity @p SelectedItem.tag</field></block></value><value name=\"entity\"><block type=\"entity_from_deps\"></block></value></block></next></block></next></block></next></block></next></block></statement><next><block type=\"entity_execute_command\"><value name=\"command\"><block type=\"text\"><field name=\"TEXT\">summon armor_stand ~ 0 ~ {Tags:[\"SKYWIZA-city_road\",\"SKYWIZA-city_placed\"],NoGravity:1b,Invisible:1b,Marker:1b,CustomName:'{\"text\":\"SKYWIZA-city\"}',Rotation:[0f]}</field></block></value><value name=\"entity\"><block type=\"entity_from_deps\"></block></value><next><block type=\"entity_execute_command\"><value name=\"command\"><block type=\"text_join\"><mutation items=\"2\"></mutation><value name=\"ADD0\"><block type=\"text\"><field name=\"TEXT\">execute positioned ~ 0 ~ as @e[tag=SKYWIZA-city_road,tag=SKYWIZA-city_placed,distance=..0.5] at @s run </field></block></value><value name=\"ADD1\"><block type=\"item_nbt_text_get\"><value name=\"tagName\"><block type=\"text\"><field name=\"TEXT\">road_start</field></block></value><value name=\"item\"><block type=\"entity_iteminhand\"><value name=\"entity\"><block type=\"entity_from_deps\"></block></value></block></value></block></value></block></value><value name=\"entity\"><block type=\"entity_from_deps\"></block></value></block></next></block></next></block></next></block></next></block></next></block></next></block></next></block></statement></block></next></block></xml>"
  }
}