{
  "_fv": 60,
  "_type": "procedure",
  "definition": {
    "procedurexml": "<xml xmlns=\"https://developers.google.com/blockly/xml\"><block type=\"event_trigger\" deletable=\"false\" x=\"235\" y=\"-174\"><field name=\"trigger\">no_ext_trigger</field><next><block type=\"entity_execute_command\"><value name=\"command\"><block type=\"text_join\"><mutation items=\"11\"></mutation><value name=\"ADD0\"><block type=\"text\"><field name=\"TEXT\">execute unless entity @e[tag=SKYWIZA-npc_info_name,nbt={ForgeData:{npc_id:\"</field></block></value><value name=\"ADD1\"><block type=\"entity_nbt_text_get\"><value name=\"entity\"><block type=\"entity_from_deps\"></block></value><value name=\"tagName\"><block type=\"text\"><field name=\"TEXT\">npc_id</field></block></value></block></value><value name=\"ADD2\"><block type=\"text\"><field name=\"TEXT\">\"}}] anchored eyes positioned ^ ^ ^ positioned ~ ~</field></block></value><value name=\"ADD3\"><block type=\"math_number\"><field name=\"NUM\">1.1</field></block></value><value name=\"ADD4\"><block type=\"text\"><field name=\"TEXT\"> ~ run summon armor_stand ~ ~ ~ {Tags:[\"SKYWIZA\",\"SKYWIZA-npc_info\",\"SKYWIZA-npc_info_name\"],Marker:1b,Invisible:1b,CustomName:'{\"text\":\"</field></block></value><value name=\"ADD5\"><block type=\"entity_nbt_text_get\"><value name=\"entity\"><block type=\"entity_from_deps\"></block></value><value name=\"tagName\"><block type=\"text\"><field name=\"TEXT\">name</field></block></value></block></value><value name=\"ADD6\"><block type=\"text\"><field name=\"TEXT\">\",\"color\":\"</field></block></value><value name=\"ADD7\"><block type=\"entity_nbt_text_get\"><value name=\"entity\"><block type=\"entity_from_deps\"></block></value><value name=\"tagName\"><block type=\"text\"><field name=\"TEXT\">name_color</field></block></value></block></value><value name=\"ADD8\"><block type=\"text\"><field name=\"TEXT\">\"}',ForgeData:{npc_id:\"</field></block></value><value name=\"ADD9\"><block type=\"entity_nbt_text_get\"><value name=\"entity\"><block type=\"entity_from_deps\"></block></value><value name=\"tagName\"><block type=\"text\"><field name=\"TEXT\">npc_id</field></block></value></block></value><value name=\"ADD10\"><block type=\"text\"><field name=\"TEXT\">\"},CustomNameVisible:1b}</field></block></value></block></value><value name=\"entity\"><block type=\"entity_from_deps\"></block></value><next><block type=\"entity_execute_command\"><value name=\"command\"><block type=\"text_join\"><mutation items=\"7\"></mutation><value name=\"ADD0\"><block type=\"text\"><field name=\"TEXT\">execute unless entity @e[tag=SKYWIZA-npc_info_do,nbt={ForgeData:{npc_id:\"</field></block></value><value name=\"ADD1\"><block type=\"entity_nbt_text_get\"><value name=\"entity\"><block type=\"entity_from_deps\"></block></value><value name=\"tagName\"><block type=\"text\"><field name=\"TEXT\">npc_id</field></block></value></block></value><value name=\"ADD2\"><block type=\"text\"><field name=\"TEXT\">\"}}] anchored eyes positioned ^ ^ ^ positioned ~ ~</field></block></value><value name=\"ADD3\"><block type=\"math_number\"><field name=\"NUM\">0.75</field></block></value><value name=\"ADD4\"><block type=\"text\"><field name=\"TEXT\"> ~ run summon armor_stand ~ ~ ~ {Tags:[\"SKYWIZA\",\"SKYWIZA-npc_info\",\"SKYWIZA-npc_info_do\"],Marker:1b,Invisible:1b,CustomName:'{\"text\":\"\"}',ForgeData:{npc_id:\"</field></block></value><value name=\"ADD5\"><block type=\"entity_nbt_text_get\"><value name=\"entity\"><block type=\"entity_from_deps\"></block></value><value name=\"tagName\"><block type=\"text\"><field name=\"TEXT\">npc_id</field></block></value></block></value><value name=\"ADD6\"><block type=\"text\"><field name=\"TEXT\">\"},CustomNameVisible:1b}</field></block></value></block></value><value name=\"entity\"><block type=\"entity_from_deps\"></block></value><next><block type=\"call_procedure\"><field name=\"procedure\">NpcSchedule</field></block></next></block></next></block></next></block></xml>"
  }
}