{
  "_fv": 60,
  "_type": "procedure",
  "definition": {
    "procedurexml": "<xml xmlns=\"https://developers.google.com/blockly/xml\"><variables><variable type=\"File\" id=\"file\">file</variable><variable type=\"Number\" id=\"posX\">posX</variable><variable type=\"Number\" id=\"pos2Z\">pos2Z</variable><variable type=\"Number\" id=\"posZ\">posZ</variable><variable type=\"Number\" id=\"pos2X\">pos2X</variable><variable type=\"Number\" id=\"scan_posY\">scan_posY</variable><variable type=\"Number\" id=\"scan_posX\">scan_posX</variable><variable type=\"Number\" id=\"scan_posZ\">scan_posZ</variable><variable type=\"Number\" id=\"pos2Y\">pos2Y</variable><variable type=\"Number\" id=\"posY\">posY</variable><variable type=\"Entity\" id=\"exporter\">exporter</variable><variable type=\"Boolean\" id=\"text_detected\">text_detected</variable></variables><block type=\"event_trigger\" deletable=\"false\" x=\"40\" y=\"40\"><field name=\"trigger\">no_ext_trigger</field><next><block type=\"execute_command\"><value name=\"command\"><block type=\"text_join\"><mutation items=\"3\"></mutation><value name=\"ADD0\"><block type=\"text\" collapsed=\"true\"><field name=\"TEXT\">tellraw @a [{\"text\":\"SKYWIZA : </field></block></value><value name=\"ADD1\"><block type=\"text\"><field name=\"TEXT\">Exporting...</field></block></value><value name=\"ADD2\"><block type=\"text\" collapsed=\"true\"><field name=\"TEXT\">\",\"color\":\"dark_gray\"}]</field></block></value></block></value><value name=\"x\"><block type=\"coord_x\"></block></value><value name=\"y\"><block type=\"coord_y\"></block></value><value name=\"z\"><block type=\"coord_z\"></block></value><next><block type=\"execute_command\"><value name=\"command\"><block type=\"text\"><field name=\"TEXT\">kill @e[name=SKYWIZA-txt_structure]</field></block></value><value name=\"x\"><block type=\"coord_x\"></block></value><value name=\"y\"><block type=\"coord_y\"></block></value><value name=\"z\"><block type=\"coord_z\"></block></value><next><block type=\"execute_command\"><value name=\"command\"><block type=\"text\"><field name=\"TEXT\">summon armor_stand ~ ~ ~ {CustomName:'{\"text\":\"SKYWIZA-txt_structure\"}',NoGravity:1b,ForgeData:{txt_structure:\"nothing\",txt_structure_entity:\"nothing\"}}</field></block></value><value name=\"x\"><block type=\"coord_x\"></block></value><value name=\"y\"><block type=\"coord_y\"></block></value><value name=\"z\"><block type=\"coord_z\"></block></value><next><block type=\"world_entity_inrange_foreach\" inline=\"false\"><value name=\"_placeholder\"><block type=\"entity_iterator\"></block></value><value name=\"x\"><block type=\"entity_pos_x\"><value name=\"entity\"><block type=\"entity_from_deps\"></block></value></block></value><value name=\"y\"><block type=\"entity_pos_y\"><value name=\"entity\"><block type=\"entity_from_deps\"></block></value></block></value><value name=\"z\"><block type=\"entity_pos_z\"><value name=\"entity\"><block type=\"entity_from_deps\"></block></value></block></value><value name=\"range\"><block type=\"math_number\"><field name=\"NUM\">10</field></block></value><statement name=\"foreach\"><block type=\"controls_if\"><value name=\"IF0\"><block type=\"text_binary_ops\"><value name=\"A\"><block type=\"entity_name\"><value name=\"entity\"><block type=\"entity_iterator\"></block></value></block></value><value name=\"B\"><block type=\"text\"><field name=\"TEXT\">SKYWIZA-txt_structure</field></block></value></block></value><statement name=\"DO0\"><block type=\"variables_set_entity\"><mutation xmlns=\"http://www.w3.org/1999/xhtml\" is_player_var=\"false\" has_entity=\"false\"></mutation><field name=\"VAR\">local:exporter</field><value name=\"VAL\"><block type=\"entity_iterator\"></block></value><next><block type=\"controls_flow_statements\"><field name=\"FLOW\">BREAK</field></block></next></block></statement></block></statement><next><block type=\"controls_if\"><value name=\"IF0\"><block type=\"logic_negate\"><value name=\"BOOL\"><block type=\"compare_entities\"><value name=\"a\"><block type=\"variables_get_entity\"><mutation xmlns=\"http://www.w3.org/1999/xhtml\" is_player_var=\"false\" has_entity=\"false\"></mutation><field name=\"VAR\">local:exporter</field></block></value><value name=\"b\"><block type=\"entity_none\"></block></value></block></value></block></value><statement name=\"DO0\"><block type=\"variables_set_file\"><mutation xmlns=\"http://www.w3.org/1999/xhtml\" is_player_var=\"false\" has_entity=\"false\"></mutation><field name=\"VAR\">local:file</field><value name=\"VAL\"><block type=\"file_variable\"><mutation xmlns=\"http://www.w3.org/1999/xhtml\" is_player_var=\"false\" has_entity=\"false\"></mutation><field name=\"VAR\">local:file</field><value name=\"name\"><block type=\"text\"><field name=\"TEXT\">txt_structure.txt</field></block></value><value name=\"location\"><block type=\"text_join\"><mutation items=\"2\"></mutation><value name=\"ADD0\"><block type=\"get_game_directory\"></block></value><value name=\"ADD1\"><block type=\"text\"><field name=\"TEXT\">/config/SKYWIZA/custom/generated</field></block></value></block></value></block></value><next><block type=\"controls_if\"><value name=\"IF0\"><block type=\"logic_negate\"><value name=\"BOOL\"><block type=\"file_exists\"><mutation xmlns=\"http://www.w3.org/1999/xhtml\" is_player_var=\"false\" has_entity=\"false\"></mutation><field name=\"VAR\">local:file</field></block></value></block></value><statement name=\"DO0\"><block type=\"create_file\"><mutation xmlns=\"http://www.w3.org/1999/xhtml\" is_player_var=\"false\" has_entity=\"false\"></mutation><field name=\"VAR\">local:file</field></block></statement><next><block type=\"write_txt\"><mutation xmlns=\"http://www.w3.org/1999/xhtml\" is_player_var=\"false\" has_entity=\"false\"></mutation><field name=\"VAR\">local:file</field><statement name=\"text\"><block type=\"write_line\"><mutation xmlns=\"http://www.w3.org/1999/xhtml\" is_player_var=\"false\" has_entity=\"false\"></mutation><field name=\"VAR\">local:file</field><value name=\"text\"><block type=\"text\"><field name=\"TEXT\"></field></block></value><value name=\"newLine\"><block type=\"logic_boolean\"><field name=\"BOOL\">FALSE</field></block></value></block></statement><value name=\"appendMode\"><block type=\"logic_boolean\"><field name=\"BOOL\">FALSE</field></block></value><next><block type=\"controls_if\" collapsed=\"true\"><value name=\"IF0\"><block type=\"logic_boolean\"><field name=\"BOOL\">TRUE</field></block></value><statement name=\"DO0\"><block type=\"variables_set_number\"><mutation xmlns=\"http://www.w3.org/1999/xhtml\" is_player_var=\"false\" has_entity=\"false\"></mutation><field name=\"VAR\">local:posX</field><value name=\"VAL\"><block type=\"get_command_parameter_blockpos_x\"><field name=\"param\">from</field></block></value><next><block type=\"variables_set_number\"><mutation xmlns=\"http://www.w3.org/1999/xhtml\" is_player_var=\"false\" has_entity=\"false\"></mutation><field name=\"VAR\">local:posY</field><value name=\"VAL\"><block type=\"get_command_parameter_blockpos_y\"><field name=\"param\">from</field></block></value><next><block type=\"variables_set_number\"><mutation xmlns=\"http://www.w3.org/1999/xhtml\" is_player_var=\"false\" has_entity=\"false\"></mutation><field name=\"VAR\">local:posZ</field><value name=\"VAL\"><block type=\"get_command_parameter_blockpos_z\"><field name=\"param\">from</field></block></value><next><block type=\"variables_set_number\"><mutation xmlns=\"http://www.w3.org/1999/xhtml\" is_player_var=\"false\" has_entity=\"false\"></mutation><field name=\"VAR\">local:pos2X</field><value name=\"VAL\"><block type=\"math_dual_ops\"><field name=\"OP\">MINUS</field><value name=\"A\"><block type=\"get_command_parameter_blockpos_x\"><field name=\"param\">to</field></block></value><value name=\"B\"><block type=\"math_number\"><field name=\"NUM\">1</field></block></value></block></value><next><block type=\"variables_set_number\"><mutation xmlns=\"http://www.w3.org/1999/xhtml\" is_player_var=\"false\" has_entity=\"false\"></mutation><field name=\"VAR\">local:pos2Y</field><value name=\"VAL\"><block type=\"math_dual_ops\"><field name=\"OP\">MINUS</field><value name=\"A\"><block type=\"get_command_parameter_blockpos_y\"><field name=\"param\">to</field></block></value><value name=\"B\"><block type=\"math_number\"><field name=\"NUM\">1</field></block></value></block></value><next><block type=\"variables_set_number\"><mutation xmlns=\"http://www.w3.org/1999/xhtml\" is_player_var=\"false\" has_entity=\"false\"></mutation><field name=\"VAR\">local:pos2Z</field><value name=\"VAL\"><block type=\"math_dual_ops\"><field name=\"OP\">MINUS</field><value name=\"A\"><block type=\"get_command_parameter_blockpos_z\"><field name=\"param\">to</field></block></value><value name=\"B\"><block type=\"math_number\"><field name=\"NUM\">1</field></block></value></block></value><next><block type=\"variables_set_number\"><mutation xmlns=\"http://www.w3.org/1999/xhtml\" is_player_var=\"false\" has_entity=\"false\"></mutation><field name=\"VAR\">local:scan_posX</field><value name=\"VAL\"><block type=\"variables_get_number\"><mutation xmlns=\"http://www.w3.org/1999/xhtml\" is_player_var=\"false\" has_entity=\"false\"></mutation><field name=\"VAR\">local:posX</field></block></value><next><block type=\"variables_set_number\"><mutation xmlns=\"http://www.w3.org/1999/xhtml\" is_player_var=\"false\" has_entity=\"false\"></mutation><field name=\"VAR\">local:scan_posY</field><value name=\"VAL\"><block type=\"variables_get_number\"><mutation xmlns=\"http://www.w3.org/1999/xhtml\" is_player_var=\"false\" has_entity=\"false\"></mutation><field name=\"VAR\">local:posY</field></block></value><next><block type=\"variables_set_number\"><mutation xmlns=\"http://www.w3.org/1999/xhtml\" is_player_var=\"false\" has_entity=\"false\"></mutation><field name=\"VAR\">local:scan_posZ</field><value name=\"VAL\"><block type=\"variables_get_number\"><mutation xmlns=\"http://www.w3.org/1999/xhtml\" is_player_var=\"false\" has_entity=\"false\"></mutation><field name=\"VAR\">local:posZ</field></block></value></block></next></block></next></block></next></block></next></block></next></block></next></block></next></block></next></block></statement><next><block type=\"controls_while\"><value name=\"BOOL\"><block type=\"logic_boolean\"><field name=\"BOOL\">TRUE</field></block></value><statement name=\"DO\"><block type=\"write_txt\"><mutation xmlns=\"http://www.w3.org/1999/xhtml\" is_player_var=\"false\" has_entity=\"false\"></mutation><field name=\"VAR\">local:file</field><statement name=\"text\"><block type=\"controls_if\"><mutation else=\"1\"></mutation><value name=\"IF0\"><block type=\"world_data_isair\"><value name=\"x\"><block type=\"variables_get_number\"><mutation xmlns=\"http://www.w3.org/1999/xhtml\" is_player_var=\"false\" has_entity=\"false\"></mutation><field name=\"VAR\">local:scan_posX</field></block></value><value name=\"y\"><block type=\"variables_get_number\"><mutation xmlns=\"http://www.w3.org/1999/xhtml\" is_player_var=\"false\" has_entity=\"false\"></mutation><field name=\"VAR\">local:scan_posY</field></block></value><value name=\"z\"><block type=\"variables_get_number\"><mutation xmlns=\"http://www.w3.org/1999/xhtml\" is_player_var=\"false\" has_entity=\"false\"></mutation><field name=\"VAR\">local:scan_posZ</field></block></value></block></value><statement name=\"DO0\"><block type=\"write_line\"><mutation xmlns=\"http://www.w3.org/1999/xhtml\" is_player_var=\"false\" has_entity=\"false\"></mutation><field name=\"VAR\">local:file</field><value name=\"text\"><block type=\"text_join\"><mutation items=\"3\"></mutation><value name=\"ADD0\"><block type=\"text\"><field name=\"TEXT\">+b</field></block></value><value name=\"ADD1\"><block type=\"text_join\" inline=\"false\" collapsed=\"true\"><mutation items=\"6\"></mutation><value name=\"ADD0\"><block type=\"text\"><field name=\"TEXT\">^</field></block></value><value name=\"ADD1\"><block type=\"text_replace\"><value name=\"what\"><block type=\"text\"><field name=\"TEXT\">.0</field></block></value><value name=\"with\"><block type=\"text\"><field name=\"TEXT\"></field></block></value><value name=\"text\"><block type=\"text_format_number\"><value name=\"number\"><block type=\"math_dual_ops\"><field name=\"OP\">ADD</field><value name=\"A\"><block type=\"math_dual_ops\"><field name=\"OP\">MINUS</field><value name=\"A\"><block type=\"variables_get_number\"><mutation xmlns=\"http://www.w3.org/1999/xhtml\" is_player_var=\"false\" has_entity=\"false\"></mutation><field name=\"VAR\">local:scan_posX</field></block></value><value name=\"B\"><block type=\"variables_get_number\"><mutation xmlns=\"http://www.w3.org/1999/xhtml\" is_player_var=\"false\" has_entity=\"false\"></mutation><field name=\"VAR\">local:posX</field></block></value></block></value><value name=\"B\"><block type=\"math_dual_ops\"><field name=\"OP\">MULTIPLY</field><value name=\"A\"><block type=\"math_dual_ops\" inline=\"false\"><field name=\"OP\">MINUS</field><value name=\"A\"><block type=\"variables_get_number\"><mutation xmlns=\"http://www.w3.org/1999/xhtml\" is_player_var=\"false\" has_entity=\"false\"></mutation><field name=\"VAR\">local:posX</field></block></value><value name=\"B\"><block type=\"variables_get_number\"><mutation xmlns=\"http://www.w3.org/1999/xhtml\" is_player_var=\"false\" has_entity=\"false\"></mutation><field name=\"VAR\">local:pos2X</field></block></value></block></value><value name=\"B\"><block type=\"math_number\"><field name=\"NUM\">0.5</field></block></value></block></value></block></value><value name=\"format\"><block type=\"text\"><field name=\"TEXT\">##.##</field></block></value></block></value></block></value><value name=\"ADD2\"><block type=\"text\"><field name=\"TEXT\">^</field></block></value><value name=\"ADD3\"><block type=\"text_replace\"><value name=\"what\"><block type=\"text\"><field name=\"TEXT\">.0</field></block></value><value name=\"with\"><block type=\"text\"><field name=\"TEXT\"></field></block></value><value name=\"text\"><block type=\"text_format_number\"><value name=\"number\"><block type=\"math_dual_ops\"><field name=\"OP\">MINUS</field><value name=\"A\"><block type=\"variables_get_number\"><mutation xmlns=\"http://www.w3.org/1999/xhtml\" is_player_var=\"false\" has_entity=\"false\"></mutation><field name=\"VAR\">local:scan_posY</field></block></value><value name=\"B\"><block type=\"variables_get_number\"><mutation xmlns=\"http://www.w3.org/1999/xhtml\" is_player_var=\"false\" has_entity=\"false\"></mutation><field name=\"VAR\">local:posY</field></block></value></block></value><value name=\"format\"><block type=\"text\"><field name=\"TEXT\">##.##</field></block></value></block></value></block></value><value name=\"ADD4\"><block type=\"text\"><field name=\"TEXT\">^</field></block></value><value name=\"ADD5\"><block type=\"text_replace\"><value name=\"what\"><block type=\"text\"><field name=\"TEXT\">.0</field></block></value><value name=\"with\"><block type=\"text\"><field name=\"TEXT\"></field></block></value><value name=\"text\"><block type=\"text_format_number\"><value name=\"number\"><block type=\"math_dual_ops\"><field name=\"OP\">ADD</field><value name=\"A\"><block type=\"math_dual_ops\"><field name=\"OP\">MINUS</field><value name=\"A\"><block type=\"variables_get_number\"><mutation xmlns=\"http://www.w3.org/1999/xhtml\" is_player_var=\"false\" has_entity=\"false\"></mutation><field name=\"VAR\">local:scan_posZ</field></block></value><value name=\"B\"><block type=\"variables_get_number\"><mutation xmlns=\"http://www.w3.org/1999/xhtml\" is_player_var=\"false\" has_entity=\"false\"></mutation><field name=\"VAR\">local:posZ</field></block></value></block></value><value name=\"B\"><block type=\"math_dual_ops\"><field name=\"OP\">MULTIPLY</field><value name=\"A\"><block type=\"math_dual_ops\" inline=\"false\"><field name=\"OP\">MINUS</field><value name=\"A\"><block type=\"variables_get_number\"><mutation xmlns=\"http://www.w3.org/1999/xhtml\" is_player_var=\"false\" has_entity=\"false\"></mutation><field name=\"VAR\">local:posX</field></block></value><value name=\"B\"><block type=\"variables_get_number\"><mutation xmlns=\"http://www.w3.org/1999/xhtml\" is_player_var=\"false\" has_entity=\"false\"></mutation><field name=\"VAR\">local:pos2X</field></block></value></block></value><value name=\"B\"><block type=\"math_number\"><field name=\"NUM\">0.5</field></block></value></block></value></block></value><value name=\"format\"><block type=\"text\"><field name=\"TEXT\">##.##</field></block></value></block></value></block></value></block></value><value name=\"ADD2\"><block type=\"text\"><field name=\"TEXT\"> air</field></block></value></block></value><value name=\"newLine\"><block type=\"logic_boolean\"><field name=\"BOOL\">TRUE</field></block></value></block></statement><statement name=\"ELSE\"><block type=\"entity_execute_command\"><value name=\"command\"><block type=\"text\"><field name=\"TEXT\">data modify entity @s ForgeData.txt_structure set value \"nothing\"</field></block></value><value name=\"entity\"><block type=\"variables_get_entity\"><mutation xmlns=\"http://www.w3.org/1999/xhtml\" is_player_var=\"false\" has_entity=\"false\"></mutation><field name=\"VAR\">local:exporter</field></block></value><next><block type=\"entity_execute_command\"><value name=\"command\"><block type=\"text_join\"><mutation items=\"3\"></mutation><value name=\"ADD0\"><block type=\"text\"><field name=\"TEXT\">data modify entity @s ForgeData.txt_structure set from block </field></block></value><value name=\"ADD1\"><block type=\"text_join\" collapsed=\"true\"><mutation items=\"5\"></mutation><value name=\"ADD0\"><block type=\"text_replace\"><value name=\"what\"><block type=\"text\"><field name=\"TEXT\">.0</field></block></value><value name=\"with\"><block type=\"text\"><field name=\"TEXT\"></field></block></value><value name=\"text\"><block type=\"text_format_number\"><value name=\"number\"><block type=\"variables_get_number\"><mutation xmlns=\"http://www.w3.org/1999/xhtml\" is_player_var=\"false\" has_entity=\"false\"></mutation><field name=\"VAR\">local:scan_posX</field></block></value><value name=\"format\"><block type=\"text\"><field name=\"TEXT\">##.##</field></block></value></block></value></block></value><value name=\"ADD1\"><block type=\"text\"><field name=\"TEXT\"> </field></block></value><value name=\"ADD2\"><block type=\"text_replace\"><value name=\"what\"><block type=\"text\"><field name=\"TEXT\">.0</field></block></value><value name=\"with\"><block type=\"text\"><field name=\"TEXT\"></field></block></value><value name=\"text\"><block type=\"text_format_number\"><value name=\"number\"><block type=\"variables_get_number\"><mutation xmlns=\"http://www.w3.org/1999/xhtml\" is_player_var=\"false\" has_entity=\"false\"></mutation><field name=\"VAR\">local:scan_posY</field></block></value><value name=\"format\"><block type=\"text\"><field name=\"TEXT\">##.##</field></block></value></block></value></block></value><value name=\"ADD3\"><block type=\"text\"><field name=\"TEXT\"> </field></block></value><value name=\"ADD4\"><block type=\"text_replace\"><value name=\"what\"><block type=\"text\"><field name=\"TEXT\">.0</field></block></value><value name=\"with\"><block type=\"text\"><field name=\"TEXT\"></field></block></value><value name=\"text\"><block type=\"text_format_number\"><value name=\"number\"><block type=\"variables_get_number\"><mutation xmlns=\"http://www.w3.org/1999/xhtml\" is_player_var=\"false\" has_entity=\"false\"></mutation><field name=\"VAR\">local:scan_posZ</field></block></value><value name=\"format\"><block type=\"text\"><field name=\"TEXT\">##.##</field></block></value></block></value></block></value></block></value><value name=\"ADD2\"><block type=\"text\"><field name=\"TEXT\"> {}</field></block></value></block></value><value name=\"entity\"><block type=\"variables_get_entity\"><mutation xmlns=\"http://www.w3.org/1999/xhtml\" is_player_var=\"false\" has_entity=\"false\"></mutation><field name=\"VAR\">local:exporter</field></block></value><next><block type=\"write_line\"><mutation xmlns=\"http://www.w3.org/1999/xhtml\" is_player_var=\"false\" has_entity=\"false\"></mutation><field name=\"VAR\">local:file</field><value name=\"text\"><block type=\"text_join\"><mutation items=\"5\"></mutation><value name=\"ADD0\"><block type=\"text\"><field name=\"TEXT\">+b</field></block></value><value name=\"ADD1\"><block type=\"text_join\" inline=\"false\" collapsed=\"true\"><mutation items=\"6\"></mutation><value name=\"ADD0\"><block type=\"text\"><field name=\"TEXT\">^</field></block></value><value name=\"ADD1\"><block type=\"text_replace\"><value name=\"what\"><block type=\"text\"><field name=\"TEXT\">.0</field></block></value><value name=\"with\"><block type=\"text\"><field name=\"TEXT\"></field></block></value><value name=\"text\"><block type=\"text_format_number\"><value name=\"number\"><block type=\"math_dual_ops\"><field name=\"OP\">ADD</field><value name=\"A\"><block type=\"math_dual_ops\"><field name=\"OP\">MINUS</field><value name=\"A\"><block type=\"variables_get_number\"><mutation xmlns=\"http://www.w3.org/1999/xhtml\" is_player_var=\"false\" has_entity=\"false\"></mutation><field name=\"VAR\">local:scan_posX</field></block></value><value name=\"B\"><block type=\"variables_get_number\"><mutation xmlns=\"http://www.w3.org/1999/xhtml\" is_player_var=\"false\" has_entity=\"false\"></mutation><field name=\"VAR\">local:posX</field></block></value></block></value><value name=\"B\"><block type=\"math_dual_ops\" inline=\"false\"><field name=\"OP\">MULTIPLY</field><value name=\"A\"><block type=\"math_dual_ops\" inline=\"false\"><field name=\"OP\">MINUS</field><value name=\"A\"><block type=\"variables_get_number\"><mutation xmlns=\"http://www.w3.org/1999/xhtml\" is_player_var=\"false\" has_entity=\"false\"></mutation><field name=\"VAR\">local:posX</field></block></value><value name=\"B\"><block type=\"variables_get_number\"><mutation xmlns=\"http://www.w3.org/1999/xhtml\" is_player_var=\"false\" has_entity=\"false\"></mutation><field name=\"VAR\">local:pos2X</field></block></value></block></value><value name=\"B\"><block type=\"math_number\"><field name=\"NUM\">0.5</field></block></value></block></value></block></value><value name=\"format\"><block type=\"text\"><field name=\"TEXT\">##.##</field></block></value></block></value></block></value><value name=\"ADD2\"><block type=\"text\"><field name=\"TEXT\">^</field></block></value><value name=\"ADD3\"><block type=\"text_replace\"><value name=\"what\"><block type=\"text\"><field name=\"TEXT\">.0</field></block></value><value name=\"with\"><block type=\"text\"><field name=\"TEXT\"></field></block></value><value name=\"text\"><block type=\"text_format_number\"><value name=\"number\"><block type=\"math_dual_ops\"><field name=\"OP\">MINUS</field><value name=\"A\"><block type=\"variables_get_number\"><mutation xmlns=\"http://www.w3.org/1999/xhtml\" is_player_var=\"false\" has_entity=\"false\"></mutation><field name=\"VAR\">local:scan_posY</field></block></value><value name=\"B\"><block type=\"variables_get_number\"><mutation xmlns=\"http://www.w3.org/1999/xhtml\" is_player_var=\"false\" has_entity=\"false\"></mutation><field name=\"VAR\">local:posY</field></block></value></block></value><value name=\"format\"><block type=\"text\"><field name=\"TEXT\">##.##</field></block></value></block></value></block></value><value name=\"ADD4\"><block type=\"text\"><field name=\"TEXT\">^</field></block></value><value name=\"ADD5\"><block type=\"text_replace\"><value name=\"what\"><block type=\"text\"><field name=\"TEXT\">.0</field></block></value><value name=\"with\"><block type=\"text\"><field name=\"TEXT\"></field></block></value><value name=\"text\"><block type=\"text_format_number\"><value name=\"number\"><block type=\"math_dual_ops\"><field name=\"OP\">ADD</field><value name=\"A\"><block type=\"math_dual_ops\"><field name=\"OP\">MINUS</field><value name=\"A\"><block type=\"variables_get_number\"><mutation xmlns=\"http://www.w3.org/1999/xhtml\" is_player_var=\"false\" has_entity=\"false\"></mutation><field name=\"VAR\">local:scan_posZ</field></block></value><value name=\"B\"><block type=\"variables_get_number\"><mutation xmlns=\"http://www.w3.org/1999/xhtml\" is_player_var=\"false\" has_entity=\"false\"></mutation><field name=\"VAR\">local:posZ</field></block></value></block></value><value name=\"B\"><block type=\"math_dual_ops\" inline=\"false\"><field name=\"OP\">MULTIPLY</field><value name=\"A\"><block type=\"math_dual_ops\" inline=\"false\"><field name=\"OP\">MINUS</field><value name=\"A\"><block type=\"variables_get_number\"><mutation xmlns=\"http://www.w3.org/1999/xhtml\" is_player_var=\"false\" has_entity=\"false\"></mutation><field name=\"VAR\">local:posX</field></block></value><value name=\"B\"><block type=\"variables_get_number\"><mutation xmlns=\"http://www.w3.org/1999/xhtml\" is_player_var=\"false\" has_entity=\"false\"></mutation><field name=\"VAR\">local:pos2X</field></block></value></block></value><value name=\"B\"><block type=\"math_number\"><field name=\"NUM\">0.5</field></block></value></block></value></block></value><value name=\"format\"><block type=\"text\"><field name=\"TEXT\">##.##</field></block></value></block></value></block></value></block></value><value name=\"ADD2\"><block type=\"text\"><field name=\"TEXT\"> </field></block></value><value name=\"ADD3\"><block type=\"text_replace\"><value name=\"what\"><block type=\"text\"><field name=\"TEXT\">minecraft:</field></block></value><value name=\"with\"><block type=\"text\"><field name=\"TEXT\"></field></block></value><value name=\"text\"><block type=\"text_replace\"><value name=\"what\"><block type=\"text\"><field name=\"TEXT\">Block{</field></block></value><value name=\"with\"><block type=\"text\"><field name=\"TEXT\"></field></block></value><value name=\"text\"><block type=\"text_replace\"><value name=\"what\"><block type=\"text\"><field name=\"TEXT\">}</field></block></value><value name=\"with\"><block type=\"text\"><field name=\"TEXT\"></field></block></value><value name=\"text\"><block type=\"text_join\"><mutation items=\"1\"></mutation><value name=\"ADD0\"><block type=\"world_data_blockat\"><value name=\"x\"><block type=\"variables_get_number\"><mutation xmlns=\"http://www.w3.org/1999/xhtml\" is_player_var=\"false\" has_entity=\"false\"></mutation><field name=\"VAR\">local:scan_posX</field></block></value><value name=\"y\"><block type=\"variables_get_number\"><mutation xmlns=\"http://www.w3.org/1999/xhtml\" is_player_var=\"false\" has_entity=\"false\"></mutation><field name=\"VAR\">local:scan_posY</field></block></value><value name=\"z\"><block type=\"variables_get_number\"><mutation xmlns=\"http://www.w3.org/1999/xhtml\" is_player_var=\"false\" has_entity=\"false\"></mutation><field name=\"VAR\">local:scan_posZ</field></block></value></block></value></block></value></block></value></block></value></block></value><value name=\"ADD4\"><block type=\"text_replace\"><value name=\"what\"><block type=\"text\"><field name=\"TEXT\">\"nothing\"</field></block></value><value name=\"with\"><block type=\"text\"><field name=\"TEXT\"></field></block></value><value name=\"text\"><block type=\"text_join\"><mutation items=\"1\"></mutation><value name=\"ADD0\"><block type=\"java_code_get\"><field name=\"CODE\">exporter.getPersistentData().get(\"txt_structure\")</field></block></value></block></value></block></value></block></value><value name=\"newLine\"><block type=\"logic_boolean\"><field name=\"BOOL\">TRUE</field></block></value></block></next></block></next></block></statement><next><block type=\"world_entity_inrange_foreach\" inline=\"false\"><value name=\"_placeholder\"><block type=\"entity_iterator\" deletable=\"false\" movable=\"false\"></block></value><value name=\"x\"><block type=\"math_dual_ops\"><field name=\"OP\">ADD</field><value name=\"A\"><block type=\"variables_get_number\"><mutation xmlns=\"http://www.w3.org/1999/xhtml\" is_player_var=\"false\" has_entity=\"false\"></mutation><field name=\"VAR\">local:scan_posX</field></block></value><value name=\"B\"><block type=\"math_number\"><field name=\"NUM\">0.5</field></block></value></block></value><value name=\"y\"><block type=\"math_dual_ops\"><field name=\"OP\">ADD</field><value name=\"A\"><block type=\"variables_get_number\"><mutation xmlns=\"http://www.w3.org/1999/xhtml\" is_player_var=\"false\" has_entity=\"false\"></mutation><field name=\"VAR\">local:scan_posY</field></block></value><value name=\"B\"><block type=\"math_number\"><field name=\"NUM\">0.5</field></block></value></block></value><value name=\"z\"><block type=\"math_dual_ops\"><field name=\"OP\">ADD</field><value name=\"A\"><block type=\"variables_get_number\"><mutation xmlns=\"http://www.w3.org/1999/xhtml\" is_player_var=\"false\" has_entity=\"false\"></mutation><field name=\"VAR\">local:scan_posZ</field></block></value><value name=\"B\"><block type=\"math_number\"><field name=\"NUM\">0.5</field></block></value></block></value><value name=\"range\"><block type=\"math_number\"><field name=\"NUM\">1</field></block></value><statement name=\"foreach\"><block type=\"controls_if\"><value name=\"IF0\"><block type=\"logic_negate\"><value name=\"BOOL\"><block type=\"compare_entities\"><value name=\"a\"><block type=\"entity_iterator\"></block></value><value name=\"b\"><block type=\"entity_none\"></block></value></block></value></block></value><statement name=\"DO0\"><block type=\"controls_if\"><value name=\"IF0\"><block type=\"logic_negate\"><value name=\"BOOL\"><block type=\"logic_binary_ops\" inline=\"false\"><field name=\"OP\">OR</field><value name=\"A\"><block type=\"logic_entity_compare\"><field name=\"entity\">EntityPlayer</field><value name=\"compareTo\"><block type=\"entity_iterator\"></block></value></block></value><value name=\"B\"><block type=\"text_binary_ops\"><value name=\"A\"><block type=\"entity_name\"><value name=\"entity\"><block type=\"entity_iterator\"></block></value></block></value><value name=\"B\"><block type=\"text\"><field name=\"TEXT\">SKYWIZA-txt_structure</field></block></value></block></value></block></value></block></value><statement name=\"DO0\"><block type=\"entity_execute_command\"><value name=\"command\"><block type=\"text\"><field name=\"TEXT\">data modify entity @s ForgeData.txt_structure_entity set value \"nothing\"</field></block></value><value name=\"entity\"><block type=\"variables_get_entity\"><mutation xmlns=\"http://www.w3.org/1999/xhtml\" is_player_var=\"false\" has_entity=\"false\"></mutation><field name=\"VAR\">local:exporter</field></block></value><next><block type=\"entity_execute_command\"><value name=\"command\"><block type=\"text\"><field name=\"TEXT\">data modify entity @e[name=SKYWIZA-txt_structure,limit=1] ForgeData.txt_structure_entity set from entity @s {}</field></block></value><value name=\"entity\"><block type=\"entity_iterator\"></block></value><next><block type=\"controls_if\"><value name=\"IF0\"><block type=\"logic_boolean\"><field name=\"BOOL\">TRUE</field></block></value><statement name=\"DO0\"><block type=\"entity_execute_command\"><value name=\"command\"><block type=\"text\"><field name=\"TEXT\">data remove entity @s ForgeData.txt_structure_entity.UUID</field></block></value><value name=\"entity\"><block type=\"variables_get_entity\"><mutation xmlns=\"http://www.w3.org/1999/xhtml\" is_player_var=\"false\" has_entity=\"false\"></mutation><field name=\"VAR\">local:exporter</field></block></value></block></statement><next><block type=\"controls_if\" collapsed=\"true\"><value name=\"IF0\"><block type=\"logic_boolean\"><field name=\"BOOL\">TRUE</field></block></value><statement name=\"DO0\"><block type=\"variables_set_logic\"><mutation xmlns=\"http://www.w3.org/1999/xhtml\" is_player_var=\"false\" has_entity=\"false\"></mutation><field name=\"VAR\">local:text_detected</field><value name=\"VAL\"><block type=\"logic_boolean\"><field name=\"BOOL\">FALSE</field></block></value><next><block type=\"read_txt\"><mutation xmlns=\"http://www.w3.org/1999/xhtml\" is_player_var=\"false\" has_entity=\"false\"></mutation><field name=\"VAR\">local:file</field><value name=\"_placeholder\"><block type=\"string_iterator\"></block></value><statement name=\"foreach\"><block type=\"controls_if\"><value name=\"IF0\"><block type=\"text_contains\"><value name=\"text\"><block type=\"string_iterator\"></block></value><value name=\"contains\"><block type=\"text_join\"><mutation items=\"1\"></mutation><value name=\"ADD0\"><block type=\"java_code_get\"><field name=\"CODE\">exporter.getPersistentData().get(\"txt_structure_entity\")</field></block></value></block></value></block></value><statement name=\"DO0\"><block type=\"variables_set_logic\"><mutation xmlns=\"http://www.w3.org/1999/xhtml\" is_player_var=\"false\" has_entity=\"false\"></mutation><field name=\"VAR\">local:text_detected</field><value name=\"VAL\"><block type=\"logic_boolean\"><field name=\"BOOL\">TRUE</field></block></value><next><block type=\"java_code\"><field name=\"CODE\">break;</field></block></next></block></statement></block></statement></block></next></block></statement><next><block type=\"controls_if\"><value name=\"IF0\"><block type=\"logic_binary_ops\"><field name=\"OP\">EQ</field><value name=\"A\"><block type=\"variables_get_logic\"><mutation xmlns=\"http://www.w3.org/1999/xhtml\" is_player_var=\"false\" has_entity=\"false\"></mutation><field name=\"VAR\">local:text_detected</field></block></value><value name=\"B\"><block type=\"logic_boolean\"><field name=\"BOOL\">FALSE</field></block></value></block></value><statement name=\"DO0\"><block type=\"write_line\"><mutation xmlns=\"http://www.w3.org/1999/xhtml\" is_player_var=\"false\" has_entity=\"false\"></mutation><field name=\"VAR\">local:file</field><value name=\"text\"><block type=\"text_join\"><mutation items=\"5\"></mutation><value name=\"ADD0\"><block type=\"text\"><field name=\"TEXT\">+e</field></block></value><value name=\"ADD1\"><block type=\"text_replace\"><value name=\"what\"><block type=\"text\"><field name=\"TEXT\">minecraft:</field></block></value><value name=\"with\"><block type=\"text\"><field name=\"TEXT\"></field></block></value><value name=\"text\"><block type=\"entity_registry_name\"><value name=\"entity\"><block type=\"entity_iterator\"></block></value></block></value></block></value><value name=\"ADD2\"><block type=\"text_join\" collapsed=\"true\"><mutation items=\"6\"></mutation><value name=\"ADD0\"><block type=\"text\"><field name=\"TEXT\">^</field></block></value><value name=\"ADD1\"><block type=\"text_replace\"><value name=\"what\"><block type=\"text\"><field name=\"TEXT\">.0</field></block></value><value name=\"with\"><block type=\"text\"><field name=\"TEXT\"></field></block></value><value name=\"text\"><block type=\"text_format_number\"><value name=\"number\"><block type=\"math_dual_ops\"><field name=\"OP\">ADD</field><value name=\"A\"><block type=\"math_dual_ops\"><field name=\"OP\">MINUS</field><value name=\"A\"><block type=\"entity_pos_x\"><value name=\"entity\"><block type=\"entity_iterator\"></block></value></block></value><value name=\"B\"><block type=\"variables_get_number\"><mutation xmlns=\"http://www.w3.org/1999/xhtml\" is_player_var=\"false\" has_entity=\"false\"></mutation><field name=\"VAR\">local:posX</field></block></value></block></value><value name=\"B\"><block type=\"math_dual_ops\" inline=\"false\"><field name=\"OP\">MULTIPLY</field><value name=\"A\"><block type=\"math_dual_ops\" inline=\"false\"><field name=\"OP\">MINUS</field><value name=\"A\"><block type=\"variables_get_number\"><mutation xmlns=\"http://www.w3.org/1999/xhtml\" is_player_var=\"false\" has_entity=\"false\"></mutation><field name=\"VAR\">local:posX</field></block></value><value name=\"B\"><block type=\"variables_get_number\"><mutation xmlns=\"http://www.w3.org/1999/xhtml\" is_player_var=\"false\" has_entity=\"false\"></mutation><field name=\"VAR\">local:pos2X</field></block></value></block></value><value name=\"B\"><block type=\"math_number\"><field name=\"NUM\">0.5</field></block></value></block></value></block></value><value name=\"format\"><block type=\"text\"><field name=\"TEXT\">##.##</field></block></value></block></value></block></value><value name=\"ADD2\"><block type=\"text\"><field name=\"TEXT\">^</field></block></value><value name=\"ADD3\"><block type=\"text_replace\"><value name=\"what\"><block type=\"text\"><field name=\"TEXT\">.0</field></block></value><value name=\"with\"><block type=\"text\"><field name=\"TEXT\"></field></block></value><value name=\"text\"><block type=\"text_format_number\"><value name=\"number\"><block type=\"math_dual_ops\"><field name=\"OP\">MINUS</field><value name=\"A\"><block type=\"entity_pos_y\"><value name=\"entity\"><block type=\"entity_iterator\"></block></value></block></value><value name=\"B\"><block type=\"variables_get_number\"><mutation xmlns=\"http://www.w3.org/1999/xhtml\" is_player_var=\"false\" has_entity=\"false\"></mutation><field name=\"VAR\">local:posY</field></block></value></block></value><value name=\"format\"><block type=\"text\"><field name=\"TEXT\">##.##</field></block></value></block></value></block></value><value name=\"ADD4\"><block type=\"text\"><field name=\"TEXT\">^</field></block></value><value name=\"ADD5\"><block type=\"text_replace\"><value name=\"what\"><block type=\"text\"><field name=\"TEXT\">.0</field></block></value><value name=\"with\"><block type=\"text\"><field name=\"TEXT\"></field></block></value><value name=\"text\"><block type=\"text_format_number\"><value name=\"number\"><block type=\"math_dual_ops\"><field name=\"OP\">ADD</field><value name=\"A\"><block type=\"math_dual_ops\"><field name=\"OP\">MINUS</field><value name=\"A\"><block type=\"entity_pos_z\"><value name=\"entity\"><block type=\"entity_iterator\"></block></value></block></value><value name=\"B\"><block type=\"variables_get_number\"><mutation xmlns=\"http://www.w3.org/1999/xhtml\" is_player_var=\"false\" has_entity=\"false\"></mutation><field name=\"VAR\">local:posZ</field></block></value></block></value><value name=\"B\"><block type=\"math_dual_ops\" inline=\"false\"><field name=\"OP\">MULTIPLY</field><value name=\"A\"><block type=\"math_dual_ops\" inline=\"false\"><field name=\"OP\">MINUS</field><value name=\"A\"><block type=\"variables_get_number\"><mutation xmlns=\"http://www.w3.org/1999/xhtml\" is_player_var=\"false\" has_entity=\"false\"></mutation><field name=\"VAR\">local:posX</field></block></value><value name=\"B\"><block type=\"variables_get_number\"><mutation xmlns=\"http://www.w3.org/1999/xhtml\" is_player_var=\"false\" has_entity=\"false\"></mutation><field name=\"VAR\">local:pos2X</field></block></value></block></value><value name=\"B\"><block type=\"math_number\"><field name=\"NUM\">0.5</field></block></value></block></value></block></value><value name=\"format\"><block type=\"text\"><field name=\"TEXT\">##.##</field></block></value></block></value></block></value></block></value><value name=\"ADD3\"><block type=\"text\"><field name=\"TEXT\"> </field></block></value><value name=\"ADD4\"><block type=\"java_code_get\"><field name=\"CODE\">exporter.getPersistentData().get(\"txt_structure_entity\")</field></block></value></block></value><value name=\"newLine\"><block type=\"logic_boolean\"><field name=\"BOOL\">TRUE</field></block></value></block></statement></block></next></block></next></block></next></block></next></block></statement></block></statement></block></statement></block></next></block></statement><value name=\"appendMode\"><block type=\"logic_boolean\"><field name=\"BOOL\">TRUE</field></block></value><next><block type=\"controls_if\" collapsed=\"true\"><mutation else=\"1\"></mutation><value name=\"IF0\"><block type=\"math_binary_ops\"><field name=\"OP\">LT</field><value name=\"A\"><block type=\"variables_get_number\"><mutation xmlns=\"http://www.w3.org/1999/xhtml\" is_player_var=\"false\" has_entity=\"false\"></mutation><field name=\"VAR\">local:scan_posX</field></block></value><value name=\"B\"><block type=\"variables_get_number\"><mutation xmlns=\"http://www.w3.org/1999/xhtml\" is_player_var=\"false\" has_entity=\"false\"></mutation><field name=\"VAR\">local:pos2X</field></block></value></block></value><statement name=\"DO0\"><block type=\"variables_set_number\"><mutation xmlns=\"http://www.w3.org/1999/xhtml\" is_player_var=\"false\" has_entity=\"false\"></mutation><field name=\"VAR\">local:scan_posX</field><value name=\"VAL\"><block type=\"math_dual_ops\"><field name=\"OP\">ADD</field><value name=\"A\"><block type=\"variables_get_number\"><mutation xmlns=\"http://www.w3.org/1999/xhtml\" is_player_var=\"false\" has_entity=\"false\"></mutation><field name=\"VAR\">local:scan_posX</field></block></value><value name=\"B\"><block type=\"math_number\"><field name=\"NUM\">1</field></block></value></block></value></block></statement><statement name=\"ELSE\"><block type=\"controls_if\"><mutation else=\"1\"></mutation><value name=\"IF0\"><block type=\"math_binary_ops\"><field name=\"OP\">LT</field><value name=\"A\"><block type=\"variables_get_number\"><mutation xmlns=\"http://www.w3.org/1999/xhtml\" is_player_var=\"false\" has_entity=\"false\"></mutation><field name=\"VAR\">local:scan_posZ</field></block></value><value name=\"B\"><block type=\"variables_get_number\"><mutation xmlns=\"http://www.w3.org/1999/xhtml\" is_player_var=\"false\" has_entity=\"false\"></mutation><field name=\"VAR\">local:pos2Z</field></block></value></block></value><statement name=\"DO0\"><block type=\"variables_set_number\"><mutation xmlns=\"http://www.w3.org/1999/xhtml\" is_player_var=\"false\" has_entity=\"false\"></mutation><field name=\"VAR\">local:scan_posX</field><value name=\"VAL\"><block type=\"variables_get_number\"><mutation xmlns=\"http://www.w3.org/1999/xhtml\" is_player_var=\"false\" has_entity=\"false\"></mutation><field name=\"VAR\">local:posX</field></block></value><next><block type=\"variables_set_number\"><mutation xmlns=\"http://www.w3.org/1999/xhtml\" is_player_var=\"false\" has_entity=\"false\"></mutation><field name=\"VAR\">local:scan_posZ</field><value name=\"VAL\"><block type=\"math_dual_ops\"><field name=\"OP\">ADD</field><value name=\"A\"><block type=\"variables_get_number\"><mutation xmlns=\"http://www.w3.org/1999/xhtml\" is_player_var=\"false\" has_entity=\"false\"></mutation><field name=\"VAR\">local:scan_posZ</field></block></value><value name=\"B\"><block type=\"math_number\"><field name=\"NUM\">1</field></block></value></block></value></block></next></block></statement><statement name=\"ELSE\"><block type=\"controls_if\"><mutation else=\"1\"></mutation><value name=\"IF0\"><block type=\"math_binary_ops\"><field name=\"OP\">LT</field><value name=\"A\"><block type=\"variables_get_number\"><mutation xmlns=\"http://www.w3.org/1999/xhtml\" is_player_var=\"false\" has_entity=\"false\"></mutation><field name=\"VAR\">local:scan_posY</field></block></value><value name=\"B\"><block type=\"variables_get_number\"><mutation xmlns=\"http://www.w3.org/1999/xhtml\" is_player_var=\"false\" has_entity=\"false\"></mutation><field name=\"VAR\">local:pos2Y</field></block></value></block></value><statement name=\"DO0\"><block type=\"variables_set_number\"><mutation xmlns=\"http://www.w3.org/1999/xhtml\" is_player_var=\"false\" has_entity=\"false\"></mutation><field name=\"VAR\">local:scan_posX</field><value name=\"VAL\"><block type=\"variables_get_number\"><mutation xmlns=\"http://www.w3.org/1999/xhtml\" is_player_var=\"false\" has_entity=\"false\"></mutation><field name=\"VAR\">local:posX</field></block></value><next><block type=\"variables_set_number\"><mutation xmlns=\"http://www.w3.org/1999/xhtml\" is_player_var=\"false\" has_entity=\"false\"></mutation><field name=\"VAR\">local:scan_posZ</field><value name=\"VAL\"><block type=\"variables_get_number\"><mutation xmlns=\"http://www.w3.org/1999/xhtml\" is_player_var=\"false\" has_entity=\"false\"></mutation><field name=\"VAR\">local:posZ</field></block></value><next><block type=\"variables_set_number\"><mutation xmlns=\"http://www.w3.org/1999/xhtml\" is_player_var=\"false\" has_entity=\"false\"></mutation><field name=\"VAR\">local:scan_posY</field><value name=\"VAL\"><block type=\"math_dual_ops\"><field name=\"OP\">ADD</field><value name=\"A\"><block type=\"variables_get_number\"><mutation xmlns=\"http://www.w3.org/1999/xhtml\" is_player_var=\"false\" has_entity=\"false\"></mutation><field name=\"VAR\">local:scan_posY</field></block></value><value name=\"B\"><block type=\"math_number\"><field name=\"NUM\">1</field></block></value></block></value></block></next></block></next></block></statement><statement name=\"ELSE\"><block type=\"controls_flow_statements\"><field name=\"FLOW\">BREAK</field></block></statement></block></statement></block></statement></block></next></block></statement><next><block type=\"execute_command\"><value name=\"command\"><block type=\"text_join\"><mutation items=\"3\"></mutation><value name=\"ADD0\"><block type=\"text\" collapsed=\"true\"><field name=\"TEXT\">tellraw @a [{\"text\":\"SKYWIZA : </field></block></value><value name=\"ADD1\"><block type=\"text\"><field name=\"TEXT\">Export Completed</field></block></value><value name=\"ADD2\"><block type=\"text\" collapsed=\"true\"><field name=\"TEXT\">\",\"color\":\"dark_gray\"}]</field></block></value></block></value><value name=\"x\"><block type=\"coord_x\"></block></value><value name=\"y\"><block type=\"coord_y\"></block></value><value name=\"z\"><block type=\"coord_z\"></block></value></block></next></block></next></block></next></block></next></block></next></block></statement><next><block type=\"execute_command\"><value name=\"command\"><block type=\"text\"><field name=\"TEXT\">kill @e[name=SKYWIZA-txt_structure]</field></block></value><value name=\"x\"><block type=\"coord_x\"></block></value><value name=\"y\"><block type=\"coord_y\"></block></value><value name=\"z\"><block type=\"coord_z\"></block></value></block></next></block></next></block></next></block></next></block></next></block></next></block></xml>"
  }
}