{
  "_fv": 60,
  "_type": "procedure",
  "definition": {
    "procedurexml": "<xml xmlns=\"https://developers.google.com/blockly/xml\"><block type=\"controls_if\" x=\"531\" y=\"3\"><mutation else=\"1\"></mutation><value name=\"IF0\"><block type=\"logic_binary_ops\"><field name=\"OP\">EQ</field><value name=\"A\"><block type=\"entity_issneaking\"><value name=\"entity\"><block type=\"entity_from_deps\"></block></value></block></value><value name=\"B\"><block type=\"logic_boolean\"><field name=\"BOOL\">TRUE</field></block></value></block></value></block><block type=\"event_trigger\" deletable=\"false\" x=\"40\" y=\"40\"><field name=\"trigger\">no_ext_trigger</field><next><block type=\"controls_if\"><mutation else=\"1\"></mutation><value name=\"IF0\"><block type=\"logic_binary_ops\"><field name=\"OP\">EQ</field><value name=\"A\"><block type=\"variables_get_logic\"><mutation xmlns=\"http://www.w3.org/1999/xhtml\" is_player_var=\"false\" has_entity=\"false\"></mutation><field name=\"VAR\">global:debug_village</field></block></value><value name=\"B\"><block type=\"logic_boolean\"><field name=\"BOOL\">FALSE</field></block></value></block></value><statement name=\"DO0\"><block type=\"variables_set_logic\"><mutation xmlns=\"http://www.w3.org/1999/xhtml\" is_player_var=\"false\" has_entity=\"false\"></mutation><field name=\"VAR\">global:debug_village</field><value name=\"VAL\"><block type=\"logic_boolean\"><field name=\"BOOL\">TRUE</field></block></value><next><block type=\"execute_command\"><value name=\"command\"><block type=\"text_join\"><mutation items=\"3\"></mutation><value name=\"ADD0\"><block type=\"text\" collapsed=\"true\"><field name=\"TEXT\">tellraw @a [{\"text\":\"SKYWIZA : </field></block></value><value name=\"ADD1\"><block type=\"text\"><field name=\"TEXT\">Turned ON debug mode</field></block></value><value name=\"ADD2\"><block type=\"text\" collapsed=\"true\"><field name=\"TEXT\">\",\"color\":\"dark_gray\"}]</field></block></value></block></value><value name=\"x\"><block type=\"coord_x\"></block></value><value name=\"y\"><block type=\"coord_y\"></block></value><value name=\"z\"><block type=\"coord_z\"></block></value></block></next></block></statement><statement name=\"ELSE\"><block type=\"variables_set_logic\"><mutation xmlns=\"http://www.w3.org/1999/xhtml\" is_player_var=\"false\" has_entity=\"false\"></mutation><field name=\"VAR\">global:debug_village</field><value name=\"VAL\"><block type=\"logic_boolean\"><field name=\"BOOL\">FALSE</field></block></value><next><block type=\"execute_command\"><value name=\"command\"><block type=\"text_join\"><mutation items=\"3\"></mutation><value name=\"ADD0\"><block type=\"text\" collapsed=\"true\"><field name=\"TEXT\">tellraw @a [{\"text\":\"SKYWIZA : </field></block></value><value name=\"ADD1\"><block type=\"text\"><field name=\"TEXT\">Turned OFF debug mode</field></block></value><value name=\"ADD2\"><block type=\"text\" collapsed=\"true\"><field name=\"TEXT\">\",\"color\":\"dark_gray\"}]</field></block></value></block></value><value name=\"x\"><block type=\"coord_x\"></block></value><value name=\"y\"><block type=\"coord_y\"></block></value><value name=\"z\"><block type=\"coord_z\"></block></value></block></next></block></statement></block></next></block></xml>"
  }
}