{
  "_fv": 60,
  "_type": "procedure",
  "definition": {
    "procedurexml": "<xml xmlns=\"https://developers.google.com/blockly/xml\"><block type=\"event_trigger\" deletable=\"false\" x=\"40\" y=\"40\"><field name=\"trigger\">no_ext_trigger</field><next><block type=\"execute_command\"><value name=\"command\"><block type=\"text\"><field name=\"TEXT\">summon armor_stand ~0.5 ~1.5 ~0.5 {CustomName:'{\"text\":\"SKYWIZA-village_info\"}',Tags:[\"SKYWIZA\",\"SKYWIZA-village\"],NoGravity:1b,Invisible:1b,Marker:1b}</field></block></value><value name=\"x\"><block type=\"coord_x\"></block></value><value name=\"y\"><block type=\"coord_y\"></block></value><value name=\"z\"><block type=\"coord_z\"></block></value><next><block type=\"controls_if\"><value name=\"IF0\"><block type=\"logic_boolean\"><field name=\"BOOL\">TRUE</field></block></value><statement name=\"DO0\"><block type=\"execute_command\"><value name=\"command\"><block type=\"text_join\"><mutation items=\"3\"></mutation><value name=\"ADD0\"><block type=\"text\"><field name=\"TEXT\">execute unless block ~ ~ ~1 #skywiza:passable_blocks run setblock ~ ~ ~ lectern[facing=</field></block></value><value name=\"ADD1\"><block type=\"text\"><field name=\"TEXT\">north</field></block></value><value name=\"ADD2\"><block type=\"text\"><field name=\"TEXT\">,has_book=true]{Book:{id:\"minecraft:written_book\",Count:1b,tag:{title:\"Book\",author:\"TannyJung\",pages:['{\"text\":\"Center Not Found\"}']}}}</field></block></value></block></value><value name=\"x\"><block type=\"coord_x\"></block></value><value name=\"y\"><block type=\"coord_y\"></block></value><value name=\"z\"><block type=\"coord_z\"></block></value><next><block type=\"execute_command\"><value name=\"command\"><block type=\"text_join\"><mutation items=\"3\"></mutation><value name=\"ADD0\"><block type=\"text\"><field name=\"TEXT\">execute unless block ~ ~ ~-1 #skywiza:passable_blocks run setblock ~ ~ ~ lectern[facing=</field></block></value><value name=\"ADD1\"><block type=\"text\"><field name=\"TEXT\">south</field></block></value><value name=\"ADD2\"><block type=\"text\"><field name=\"TEXT\">,has_book=true]{Book:{id:\"minecraft:written_book\",Count:1b,tag:{title:\"Book\",author:\"TannyJung\",pages:['{\"text\":\"Center Not Found\"}']}}}</field></block></value></block></value><value name=\"x\"><block type=\"coord_x\"></block></value><value name=\"y\"><block type=\"coord_y\"></block></value><value name=\"z\"><block type=\"coord_z\"></block></value><next><block type=\"execute_command\"><value name=\"command\"><block type=\"text_join\"><mutation items=\"3\"></mutation><value name=\"ADD0\"><block type=\"text\"><field name=\"TEXT\">execute unless block ~1 ~ ~ #skywiza:passable_blocks run setblock ~ ~ ~ lectern[facing=</field></block></value><value name=\"ADD1\"><block type=\"text\"><field name=\"TEXT\">west</field></block></value><value name=\"ADD2\"><block type=\"text\"><field name=\"TEXT\">,has_book=true]{Book:{id:\"minecraft:written_book\",Count:1b,tag:{title:\"Book\",author:\"TannyJung\",pages:['{\"text\":\"Center Not Found\"}']}}}</field></block></value></block></value><value name=\"x\"><block type=\"coord_x\"></block></value><value name=\"y\"><block type=\"coord_y\"></block></value><value name=\"z\"><block type=\"coord_z\"></block></value><next><block type=\"execute_command\"><value name=\"command\"><block type=\"text_join\"><mutation items=\"3\"></mutation><value name=\"ADD0\"><block type=\"text\"><field name=\"TEXT\">execute unless block ~-1 ~ ~ #skywiza:passable_blocks run setblock ~ ~ ~ lectern[facing=</field></block></value><value name=\"ADD1\"><block type=\"text\"><field name=\"TEXT\">east</field></block></value><value name=\"ADD2\"><block type=\"text\"><field name=\"TEXT\">,has_book=true]{Book:{id:\"minecraft:written_book\",Count:1b,tag:{title:\"Book\",author:\"TannyJung\",pages:['{\"text\":\"Center Not Found\"}']}}}</field></block></value></block></value><value name=\"x\"><block type=\"coord_x\"></block></value><value name=\"y\"><block type=\"coord_y\"></block></value><value name=\"z\"><block type=\"coord_z\"></block></value></block></next></block></next></block></next></block></statement><next><block type=\"execute_command\"><value name=\"command\"><block type=\"text\"><field name=\"TEXT\">execute unless block ~ ~ ~ lectern run setblock ~ ~ ~ lectern[has_book=true]{Book:{id:\"minecraft:written_book\",Count:1b,tag:{title:\"Book\",author:\"TannyJung\",pages:['{\"text\":\"Center Not Found\"}']}}}</field></block></value><value name=\"x\"><block type=\"coord_x\"></block></value><value name=\"y\"><block type=\"coord_y\"></block></value><value name=\"z\"><block type=\"coord_z\"></block></value><next><block type=\"controls_if\"><value name=\"IF0\"><block type=\"logic_negate\"><value name=\"BOOL\"><block type=\"compare_mcblocks\"><value name=\"a\"><block type=\"world_data_blockat\"><value name=\"x\"><block type=\"coord_x\"></block></value><value name=\"y\"><block type=\"coord_y\"></block></value><value name=\"z\"><block type=\"coord_z\"></block></value></block></value><value name=\"b\"><block type=\"mcitem_allblocks\"><field name=\"value\">Blocks.LECTERN</field></block></value></block></value></block></value><statement name=\"DO0\"><block type=\"block_remove\"><value name=\"x\"><block type=\"coord_x\"></block></value><value name=\"y\"><block type=\"coord_y\"></block></value><value name=\"z\"><block type=\"coord_z\"></block></value></block></statement></block></next></block></next></block></next></block></next></block></xml>"
  }
}