{
  "_fv": 60,
  "_type": "procedure",
  "definition": {
    "procedurexml": "<xml xmlns=\"https://developers.google.com/blockly/xml\"><block type=\"event_trigger\" deletable=\"false\" x=\"40\" y=\"40\"><field name=\"trigger\">no_ext_trigger</field><next><block type=\"execute_command\"><value name=\"command\"><block type=\"text_join\"><mutation items=\"3\"></mutation><value name=\"ADD0\"><block type=\"text\"><field name=\"TEXT\">summon armor_stand ~0.5 ~0.5 ~0.5 {Tags:[\"SKYWIZA\",\"SKYWIZA-village\",\"SKYWIZA-village_center\"],NoGravity:1b,Invisible:1b,Marker:1b,CustomName:'{\"text\":\"</field></block></value><value name=\"ADD1\"><block type=\"block_nbt_text_get\"><value name=\"tagName\"><block type=\"text\"><field name=\"TEXT\">village_name</field></block></value><value name=\"x\"><block type=\"coord_x\"></block></value><value name=\"y\"><block type=\"coord_y\"></block></value><value name=\"z\"><block type=\"coord_z\"></block></value></block></value><value name=\"ADD2\"><block type=\"text\"><field name=\"TEXT\">\"}'}</field></block></value></block></value><value name=\"x\"><block type=\"coord_x\"></block></value><value name=\"y\"><block type=\"coord_y\"></block></value><value name=\"z\"><block type=\"coord_z\"></block></value><next><block type=\"execute_command\"><value name=\"command\"><block type=\"text\"><field name=\"TEXT\">execute positioned ~0.5 ~0.5 ~0.5 run data modify entity @e[tag=SKYWIZA-village_center,distance=..1,limit=1] ForgeData set from block ~ ~ ~ ForgeData</field></block></value><value name=\"x\"><block type=\"coord_x\"></block></value><value name=\"y\"><block type=\"coord_y\"></block></value><value name=\"z\"><block type=\"coord_z\"></block></value><next><block type=\"block_remove\"><value name=\"x\"><block type=\"coord_x\"></block></value><value name=\"y\"><block type=\"coord_y\"></block></value><value name=\"z\"><block type=\"coord_z\"></block></value></block></next></block></next></block></next></block><block type=\"world_entity_inrange_foreach\" inline=\"false\" x=\"1456\" y=\"511\"><value name=\"_placeholder\"><block type=\"entity_iterator\" deletable=\"false\" movable=\"false\"></block></value><value name=\"x\"><block type=\"coord_x\"></block></value><value name=\"y\"><block type=\"coord_y\"></block></value><value name=\"z\"><block type=\"coord_z\"></block></value><value name=\"range\"><block type=\"math_dual_ops\"><field name=\"OP\">MULTIPLY</field><value name=\"A\"><block type=\"block_nbt_num_get\"><value name=\"tagName\"><block type=\"text\"><field name=\"TEXT\">village_square_size</field></block></value><value name=\"x\"><block type=\"coord_x\"></block></value><value name=\"y\"><block type=\"coord_y\"></block></value><value name=\"z\"><block type=\"coord_z\"></block></value></block></value><value name=\"B\"><block type=\"math_number\"><field name=\"NUM\">2</field></block></value></block></value><statement name=\"foreach\"><block type=\"controls_if\"><statement name=\"DO0\"><block type=\"execute_command\"><value name=\"command\"><block type=\"text_join\"><mutation items=\"3\"></mutation><value name=\"ADD0\"><block type=\"text\" collapsed=\"true\"><field name=\"TEXT\">tellraw @a [{\"text\":\"SKYWIZA : </field></block></value><value name=\"ADD1\"><block type=\"text\"><field name=\"TEXT\">Too close to nearby village center</field></block></value><value name=\"ADD2\"><block type=\"text\" collapsed=\"true\"><field name=\"TEXT\">\",\"color\":\"dark_gray\"}]</field></block></value></block></value><value name=\"x\"><block type=\"math_dual_ops\"><field name=\"OP\">ADD</field><value name=\"A\"><block type=\"coord_x\"></block></value><value name=\"B\"><block type=\"math_number\"><field name=\"NUM\">0.5</field></block></value></block></value><value name=\"y\"><block type=\"math_dual_ops\"><field name=\"OP\">ADD</field><value name=\"A\"><block type=\"coord_y\"></block></value><value name=\"B\"><block type=\"math_number\"><field name=\"NUM\">0.5</field></block></value></block></value><value name=\"z\"><block type=\"math_dual_ops\"><field name=\"OP\">ADD</field><value name=\"A\"><block type=\"coord_z\"></block></value><value name=\"B\"><block type=\"math_number\"><field name=\"NUM\">0.5</field></block></value></block></value><next><block type=\"block_remove\"><value name=\"x\"><block type=\"coord_x\"></block></value><value name=\"y\"><block type=\"coord_y\"></block></value><value name=\"z\"><block type=\"coord_z\"></block></value></block></next></block></statement></block></statement></block></xml>"
  }
}