{
  "_fv": 66,
  "_type": "command",
  "definition": {
    "commandName": "SKYWIZA",
    "type": "STANDARD",
    "permissionLevel": "2",
    "argsxml": "<xml xmlns=\"https://developers.google.com/blockly/xml\"><block type=\"args_start\" deletable=\"false\" x=\"40\" y=\"40\"><next><block type=\"literal\" collapsed=\"true\"><field name=\"name\">config</field><statement name=\"args\"><block type=\"literal\"><field name=\"name\">repair</field><statement name=\"args\"><block type=\"call_procedure\"><field name=\"procedure\">ConfigRepair</field></block></statement><next><block type=\"literal\"><field name=\"name\">apply</field><statement name=\"args\"><block type=\"call_procedure\"><field name=\"procedure\">ConfigApply</field></block></statement></block></next></block></statement><next><block type=\"literal\"><field name=\"name\">command</field><statement name=\"args\"><block type=\"literal\" collapsed=\"true\"><field name=\"name\">time_detection</field><statement name=\"args\"><block type=\"literal\"><field name=\"name\">game_time</field><statement name=\"args\"><block type=\"number_min_max\" collapsed=\"true\"><field name=\"name\">from</field><field name=\"min\">1</field><field name=\"max\">24000</field><statement name=\"args\"><block type=\"number_min_max\"><field name=\"name\">to</field><field name=\"min\">1</field><field name=\"max\">24000</field><statement name=\"args\"><block type=\"message\"><field name=\"name\">command</field><statement name=\"args\"><block type=\"call_procedure\"><field name=\"procedure\">CommandTimeDetectionGameTime</field></block></statement></block></statement></block></statement></block></statement><next><block type=\"literal\"><field name=\"name\">real_time</field><statement name=\"args\"><block type=\"literal\" collapsed=\"true\"><field name=\"name\">day</field><statement name=\"args\"><block type=\"string\"><field name=\"type\">word</field><field name=\"name\">from_day</field><statement name=\"args\"><block type=\"string\"><field name=\"type\">word</field><field name=\"name\">to_day</field><statement name=\"args\"><block type=\"literal\"><field name=\"name\">hhmm</field><statement name=\"args\"><block type=\"string\"><field name=\"type\">word</field><field name=\"name\">from_hhmm</field><statement name=\"args\"><block type=\"string\"><field name=\"type\">word</field><field name=\"name\">to_hhmm</field><statement name=\"args\"><block type=\"literal\"><field name=\"name\">ddmmyyyy</field><statement name=\"args\"><block type=\"string\"><field name=\"type\">word</field><field name=\"name\">from_ddmmyyyy</field><statement name=\"args\"><block type=\"string\"><field name=\"type\">word</field><field name=\"name\">to_ddmmyyyy</field><statement name=\"args\"><block type=\"literal\"><field name=\"name\">run</field><statement name=\"args\"><block type=\"message\"><field name=\"name\">command</field><statement name=\"args\"><block type=\"call_procedure\"><field name=\"procedure\">CommandTimeDetectionRealTime</field></block></statement></block></statement></block></statement></block></statement></block></statement></block></statement></block></statement></block></statement></block></statement></block></statement></block></statement></block></statement></block></next></block></statement><next><block type=\"literal\" collapsed=\"true\"><field name=\"name\">txt_function</field><statement name=\"args\"><block type=\"string\"><field name=\"type\">word</field><field name=\"name\">file</field><statement name=\"args\"><block type=\"message\"><field name=\"name\">folder</field><statement name=\"args\"><block type=\"call_procedure\"><field name=\"procedure\">TxtFunction</field></block></statement></block></statement></block></statement><next><block type=\"literal\" collapsed=\"true\"><field name=\"name\">txt_structure</field><statement name=\"args\"><block type=\"literal\"><field name=\"name\">export</field><statement name=\"args\"><block type=\"blockpos\"><field name=\"name\">from</field><statement name=\"args\"><block type=\"blockpos\"><field name=\"name\">to</field><statement name=\"args\"><block type=\"call_procedure\"><field name=\"procedure\">TxtStructureExport</field></block></statement></block></statement></block></statement><next><block type=\"literal\"><field name=\"name\">place</field><statement name=\"args\"><block type=\"number_default\"><field name=\"name\">height</field><statement name=\"args\"><block type=\"number_min_max\"><field name=\"name\">rotation</field><field name=\"min\">0</field><field name=\"max\">361</field><statement name=\"args\"><block type=\"number_min_max\"><field name=\"name\">mirrored</field><field name=\"min\">0</field><field name=\"max\">2</field><statement name=\"args\"><block type=\"string\"><field name=\"type\">word</field><field name=\"name\">file</field><statement name=\"args\"><block type=\"message\"><field name=\"name\">folder</field><statement name=\"args\"><block type=\"call_procedure\"><field name=\"procedure\">TxtStructurePlace</field></block></statement></block></statement></block></statement></block></statement></block></statement></block></statement></block></next></block></statement></block></next></block></next></block></statement><next><block type=\"literal\" collapsed=\"true\"><field name=\"name\">event</field><statement name=\"args\"><block type=\"literal\"><field name=\"name\">quest_board_reset</field><statement name=\"args\"><block type=\"call_procedure\"><field name=\"procedure\">QuestBoardReset</field></block></statement><next><block type=\"literal\"><field name=\"name\">loot_chest</field><statement name=\"args\"><block type=\"literal\"><field name=\"name\">refill</field><statement name=\"args\"><block type=\"call_procedure\"><field name=\"procedure\">LootChestRefillForce</field></block></statement></block></statement><next><block type=\"literal\"><field name=\"name\">spawner</field><statement name=\"args\"><block type=\"literal\"><field name=\"name\">respawn</field><statement name=\"args\"><block type=\"call_procedure\"><field name=\"procedure\">SpawnerRespawnForce</field></block></statement></block></statement></block></next></block></next></block></statement><next><block type=\"literal\"><field name=\"name\">dev</field><statement name=\"args\"><block type=\"literal\"><field name=\"name\">loot_chest</field><statement name=\"args\"><block type=\"literal\"><field name=\"name\">loop_second</field><statement name=\"args\"><block type=\"call_procedure\"><field name=\"procedure\">LootChestLoopSecondCommand</field></block></statement></block></statement><next><block type=\"literal\"><field name=\"name\">spawner</field><statement name=\"args\"><block type=\"literal\"><field name=\"name\">loop_second</field><statement name=\"args\"><block type=\"call_procedure\"><field name=\"procedure\">SpawnerLoopSecondCommand</field></block></statement><next><block type=\"literal\"><field name=\"name\">mob_loop_second</field><statement name=\"args\"><block type=\"call_procedure\"><field name=\"procedure\">SpawnerMobLoopSecondCommand</field></block></statement></block></next></block></statement><next><block type=\"literal\"><field name=\"name\">village</field><statement name=\"args\"><block type=\"literal\"><field name=\"name\">center_loop_second</field><statement name=\"args\"><block type=\"call_procedure\"><field name=\"procedure\">VillageCenterLoopSecondCommand</field></block></statement><next><block type=\"literal\"><field name=\"name\">location_loop_second</field><statement name=\"args\"><block type=\"call_procedure\"><field name=\"procedure\">VillageLocationLoopSecondCommand</field></block></statement></block></next></block></statement><next><block type=\"literal\"><field name=\"name\">npc</field><statement name=\"args\"><block type=\"literal\"><field name=\"name\">loop_tick</field><statement name=\"args\"><block type=\"call_procedure\"><field name=\"procedure\">NpcLoopTickCommand</field></block></statement><next><block type=\"literal\"><field name=\"name\">loop_second</field><statement name=\"args\"><block type=\"call_procedure\"><field name=\"procedure\">NpcLoopSecondCommand</field></block></statement></block></next></block></statement><next><block type=\"literal\"><field name=\"name\">world_gen</field><statement name=\"args\"><block type=\"literal\"><field name=\"name\">loop_tick</field><statement name=\"args\"><block type=\"call_procedure\"><field name=\"procedure\">WorldGenLoopTickCommand</field></block></statement></block></statement><next><block type=\"literal\"><field name=\"name\">city_generator</field><statement name=\"args\"><block type=\"literal\"><field name=\"name\">loop_tick</field><statement name=\"args\"><block type=\"call_procedure\"><field name=\"procedure\">CityGeneratorLoopTickCommand</field></block></statement></block></statement></block></next></block></next></block></next></block></next></block></next></block></statement><next><block type=\"literal\"><field name=\"name\">testing</field><statement name=\"args\"><block type=\"call_procedure\"><field name=\"procedure\">TestingCommand</field></block></statement></block></next></block></next></block></next></block></next></block></next></block></xml>"
  }
}