{
  "_fv": 66,
  "_type": "procedure",
  "definition": {
    "procedurexml": "<?xml version=\"1.0\" encoding=\"UTF-8\" standalone=\"no\"?><xml xmlns=\"https://developers.google.com/blockly/xml\"><variables><variable id=\"file\" type=\"File\">file</variable></variables><block deletable=\"false\" type=\"event_trigger\" x=\"94\" y=\"88\"><field name=\"trigger\">no_ext_trigger</field></block><block type=\"controls_if\" x=\"135\" y=\"231\"><value name=\"IF0\"><block type=\"logic_boolean\"><field name=\"BOOL\">TRUE</field></block></value><statement name=\"DO0\"><block type=\"variables_set_file\"><mutation xmlns=\"http://www.w3.org/1999/xhtml\" has_entity=\"false\" is_player_var=\"false\"/><field name=\"VAR\">local:file</field><value name=\"VAL\"><block type=\"file_variable\"><mutation xmlns=\"http://www.w3.org/1999/xhtml\" has_entity=\"false\" is_player_var=\"false\"/><field name=\"VAR\">local:file</field><value name=\"name\"><block type=\"text\"><field name=\"TEXT\">loop_real_time_1m.txt</field></block></value><value name=\"location\"><block type=\"text_join\"><mutation items=\"2\"/><value name=\"ADD0\"><block type=\"get_game_directory\"/></value><value name=\"ADD1\"><block type=\"text\"><field name=\"TEXT\">/config/SKYWIZA/custom</field></block></value></block></value></block></value><next><block type=\"controls_if\"><value name=\"IF0\"><block type=\"logic_binary_ops\"><field name=\"OP\">EQ</field><value name=\"A\"><block type=\"file_exists\"><mutation xmlns=\"http://www.w3.org/1999/xhtml\" has_entity=\"false\" is_player_var=\"false\"/><field name=\"VAR\">local:file</field></block></value><value name=\"B\"><block type=\"logic_boolean\"><field name=\"BOOL\">FALSE</field></block></value></block></value><statement name=\"DO0\"><block type=\"create_file\"><mutation xmlns=\"http://www.w3.org/1999/xhtml\" has_entity=\"false\" is_player_var=\"false\"/><field name=\"VAR\">local:file</field><next><block type=\"write_txt\"><mutation xmlns=\"http://www.w3.org/1999/xhtml\" has_entity=\"false\" is_player_var=\"false\"/><field name=\"VAR\">local:file</field><statement name=\"text\"><block type=\"write_line\"><mutation xmlns=\"http://www.w3.org/1999/xhtml\" has_entity=\"false\" is_player_var=\"false\"/><field name=\"VAR\">local:file</field><value name=\"text\"><block type=\"text\"><field name=\"TEXT\">merge_all : false</field></block></value><value name=\"newLine\"><block type=\"logic_boolean\"><field name=\"BOOL\">TRUE</field></block></value><next><block type=\"write_line\"><mutation xmlns=\"http://www.w3.org/1999/xhtml\" has_entity=\"false\" is_player_var=\"false\"/><field name=\"VAR\">local:file</field><value name=\"text\"><block type=\"text\"><field name=\"TEXT\"/></block></value><value name=\"newLine\"><block type=\"logic_boolean\"><field name=\"BOOL\">TRUE</field></block></value><next><block type=\"write_line\"><mutation xmlns=\"http://www.w3.org/1999/xhtml\" has_entity=\"false\" is_player_var=\"false\"/><field name=\"VAR\">local:file</field><value name=\"text\"><block type=\"text\"><field name=\"TEXT\"/></block></value><value name=\"newLine\"><block type=\"logic_boolean\"><field name=\"BOOL\">TRUE</field></block></value></block></next></block></next></block></statement><value name=\"appendMode\"><block type=\"logic_boolean\"><field name=\"BOOL\">FALSE</field></block></value><next><block type=\"execute_command\"><value name=\"command\"><block inline=\"true\" type=\"text_join\"><mutation items=\"3\"/><value name=\"ADD0\"><block type=\"text\"><field name=\"TEXT\">execute if entity @e[type=player,distance=..0.01] run tellraw @a [\"\",{\"text\":\"THT : Repaired \",\"color\":\"yellow\"},{\"text\":\"</field></block></value><value name=\"ADD1\"><block type=\"text\"><field name=\"TEXT\">auto_gen.txt</field></block></value><value name=\"ADD2\"><block type=\"text\"><field name=\"TEXT\">\",\"color\":\"white\"}]</field></block></value></block></value><value name=\"x\"><block type=\"coord_x\"/></value><value name=\"y\"><block type=\"coord_y\"/></value><value name=\"z\"><block type=\"coord_z\"/></value></block></next></block></next></block></statement></block></next></block></statement></block></xml>"
  }
}