{
  "_fv": 66,
  "_type": "procedure",
  "definition": {
    "procedurexml": "<?xml version=\"1.0\" encoding=\"UTF-8\" standalone=\"no\"?><xml xmlns=\"https://developers.google.com/blockly/xml\"><variables><variable id=\"file\" type=\"File\">file</variable></variables><block deletable=\"false\" type=\"event_trigger\" x=\"40\" y=\"40\"><field name=\"trigger\">no_ext_trigger</field><next><block type=\"execute_command\"><value name=\"command\"><block type=\"text\"><field name=\"TEXT\">execute if entity @e[type=player,distance=..0.01] run tellraw @a [{\"text\":\"SKYWIZA : Applied the config\",\"color\":\"light_purple\"}]</field></block></value><value name=\"x\"><block type=\"coord_x\"/></value><value name=\"y\"><block type=\"coord_y\"/></value><value name=\"z\"><block type=\"coord_z\"/></value><next><block type=\"variables_set_file\"><mutation xmlns=\"http://www.w3.org/1999/xhtml\" has_entity=\"false\" is_player_var=\"false\"/><field name=\"VAR\">local:file</field><value name=\"VAL\"><block type=\"file_variable\"><mutation xmlns=\"http://www.w3.org/1999/xhtml\" has_entity=\"false\" is_player_var=\"false\"/><field name=\"VAR\">local:file</field><value name=\"name\"><block type=\"text\"><field name=\"TEXT\">config.txt</field></block></value><value name=\"location\"><block type=\"text_join\"><mutation items=\"2\"/><value name=\"ADD0\"><block type=\"get_game_directory\"/></value><value name=\"ADD1\"><block type=\"text\"><field name=\"TEXT\">\\config\\SKYWIZA</field></block></value></block></value></block></value><next><block type=\"controls_if\"><value name=\"IF0\"><block type=\"logic_binary_ops\"><field name=\"OP\">EQ</field><value name=\"A\"><block type=\"file_exists\"><mutation xmlns=\"http://www.w3.org/1999/xhtml\" has_entity=\"false\" is_player_var=\"false\"/><field name=\"VAR\">local:file</field></block></value><value name=\"B\"><block type=\"logic_boolean\"><field name=\"BOOL\">TRUE</field></block></value></block></value><statement name=\"DO0\"><block type=\"read_txt\"><mutation xmlns=\"http://www.w3.org/1999/xhtml\" has_entity=\"false\" is_player_var=\"false\"/><field name=\"VAR\">local:file</field><value name=\"_placeholder\"><block type=\"string_iterator\"/></value><statement name=\"foreach\"><block type=\"controls_if\"><value name=\"IF0\"><block type=\"logic_negate\"><value name=\"BOOL\"><block type=\"text_binary_ops\"><value name=\"A\"><block type=\"text\"><field name=\"TEXT\"/></block></value><value name=\"B\"><block type=\"text\"><field name=\"TEXT\">Long Time</field></block></value></block></value></block></value><statement name=\"DO0\"><block collapsed=\"true\" type=\"controls_if\"><value name=\"IF0\"><block type=\"logic_boolean\"><field name=\"BOOL\">TRUE</field></block></value><statement name=\"DO0\"><block type=\"controls_if\"><value name=\"IF0\"><block type=\"text_contains\"><value name=\"text\"><block type=\"string_iterator\"/></value><value name=\"contains\"><block type=\"text\"><field name=\"TEXT\">long_time_enable : </field></block></value></block></value><statement name=\"DO0\"><block type=\"variables_set_logic\"><mutation xmlns=\"http://www.w3.org/1999/xhtml\" has_entity=\"false\" is_player_var=\"false\"/><field name=\"VAR\">global:long_time</field><value name=\"VAL\"><block type=\"text_binary_ops\"><value name=\"A\"><block type=\"text_replace\"><value name=\"what\"><block type=\"text\"><field name=\"TEXT\">long_time_enable : </field></block></value><value name=\"with\"><block type=\"text\"><field name=\"TEXT\"/></block></value><value name=\"text\"><block type=\"string_iterator\"/></value></block></value><value name=\"B\"><block type=\"text\"><field name=\"TEXT\">true</field></block></value></block></value></block></statement><next><block type=\"controls_if\"><value name=\"IF0\"><block type=\"text_contains\"><value name=\"text\"><block type=\"string_iterator\"/></value><value name=\"contains\"><block type=\"text\"><field name=\"TEXT\">long_time_custom : </field></block></value></block></value><statement name=\"DO0\"><block type=\"variables_set_number\"><mutation xmlns=\"http://www.w3.org/1999/xhtml\" has_entity=\"false\" is_player_var=\"false\"/><field name=\"VAR\">global:long_time_custom</field><value name=\"VAL\"><block type=\"math_from_text\"><value name=\"NUMTEXT\"><block type=\"text_replace\"><value name=\"what\"><block type=\"text\"><field name=\"TEXT\">long_time_custom : </field></block></value><value name=\"with\"><block type=\"text\"><field name=\"TEXT\"/></block></value><value name=\"text\"><block type=\"string_iterator\"/></value></block></value></block></value></block></statement><next><block type=\"controls_if\"><value name=\"IF0\"><block type=\"text_contains\"><value name=\"text\"><block type=\"string_iterator\"/></value><value name=\"contains\"><block type=\"text\"><field name=\"TEXT\">long_time_offset : </field></block></value></block></value><statement name=\"DO0\"><block type=\"variables_set_number\"><mutation xmlns=\"http://www.w3.org/1999/xhtml\" has_entity=\"false\" is_player_var=\"false\"/><field name=\"VAR\">global:long_time_offset</field><value name=\"VAL\"><block type=\"math_from_text\"><value name=\"NUMTEXT\"><block type=\"text_replace\"><value name=\"what\"><block type=\"text\"><field name=\"TEXT\">long_time_offset : </field></block></value><value name=\"with\"><block type=\"text\"><field name=\"TEXT\"/></block></value><value name=\"text\"><block type=\"string_iterator\"/></value></block></value></block></value></block></statement></block></next></block></next></block></statement></block></statement><next><block type=\"controls_if\"><value name=\"IF0\"><block type=\"logic_negate\"><value name=\"BOOL\"><block type=\"text_binary_ops\"><value name=\"A\"><block type=\"text\"><field name=\"TEXT\"/></block></value><value name=\"B\"><block type=\"text\"><field name=\"TEXT\">Spawner</field></block></value></block></value></block></value><statement name=\"DO0\"><block collapsed=\"true\" type=\"controls_if\"><value name=\"IF0\"><block type=\"logic_boolean\"><field name=\"BOOL\">TRUE</field></block></value><statement name=\"DO0\"><block type=\"controls_if\"><value name=\"IF0\"><block type=\"text_contains\"><value name=\"text\"><block type=\"string_iterator\"/></value><value name=\"contains\"><block type=\"text\"><field name=\"TEXT\">spawner_enable : </field></block></value></block></value><statement name=\"DO0\"><block type=\"variables_set_logic\"><mutation xmlns=\"http://www.w3.org/1999/xhtml\" has_entity=\"false\" is_player_var=\"false\"/><field name=\"VAR\">global:spawner</field><value name=\"VAL\"><block type=\"text_binary_ops\"><value name=\"A\"><block type=\"text_replace\"><value name=\"what\"><block type=\"text\"><field name=\"TEXT\">spawner_enable : </field></block></value><value name=\"with\"><block type=\"text\"><field name=\"TEXT\"/></block></value><value name=\"text\"><block type=\"string_iterator\"/></value></block></value><value name=\"B\"><block type=\"text\"><field name=\"TEXT\">true</field></block></value></block></value></block></statement><next><block type=\"controls_if\"><value name=\"IF0\"><block type=\"text_contains\"><value name=\"text\"><block type=\"string_iterator\"/></value><value name=\"contains\"><block type=\"text\"><field name=\"TEXT\">spawner_show_name : </field></block></value></block></value><statement name=\"DO0\"><block type=\"variables_set_logic\"><mutation xmlns=\"http://www.w3.org/1999/xhtml\" has_entity=\"false\" is_player_var=\"false\"/><field name=\"VAR\">global:spawner_show_name</field><value name=\"VAL\"><block type=\"text_binary_ops\"><value name=\"A\"><block type=\"text_replace\"><value name=\"what\"><block type=\"text\"><field name=\"TEXT\">spawner_show_name : </field></block></value><value name=\"with\"><block type=\"text\"><field name=\"TEXT\"/></block></value><value name=\"text\"><block type=\"string_iterator\"/></value></block></value><value name=\"B\"><block type=\"text\"><field name=\"TEXT\">true</field></block></value></block></value></block></statement><next><block type=\"controls_if\"><value name=\"IF0\"><block type=\"text_contains\"><value name=\"text\"><block type=\"string_iterator\"/></value><value name=\"contains\"><block type=\"text\"><field name=\"TEXT\">spawner_mob_show_name : </field></block></value></block></value><statement name=\"DO0\"><block type=\"variables_set_logic\"><mutation xmlns=\"http://www.w3.org/1999/xhtml\" has_entity=\"false\" is_player_var=\"false\"/><field name=\"VAR\">global:spawner_mob_show_name</field><value name=\"VAL\"><block type=\"text_binary_ops\"><value name=\"A\"><block type=\"text_replace\"><value name=\"what\"><block type=\"text\"><field name=\"TEXT\">spawner_mob_show_name : </field></block></value><value name=\"with\"><block type=\"text\"><field name=\"TEXT\"/></block></value><value name=\"text\"><block type=\"string_iterator\"/></value></block></value><value name=\"B\"><block type=\"text\"><field name=\"TEXT\">true</field></block></value></block></value></block></statement></block></next></block></next></block></statement></block></statement><next><block type=\"controls_if\"><value name=\"IF0\"><block type=\"logic_negate\"><value name=\"BOOL\"><block type=\"text_binary_ops\"><value name=\"A\"><block type=\"text\"><field name=\"TEXT\"/></block></value><value name=\"B\"><block type=\"text\"><field name=\"TEXT\">Loot Chest</field></block></value></block></value></block></value><statement name=\"DO0\"><block collapsed=\"true\" type=\"controls_if\"><value name=\"IF0\"><block type=\"logic_boolean\"><field name=\"BOOL\">TRUE</field></block></value><statement name=\"DO0\"><block type=\"controls_if\"><value name=\"IF0\"><block type=\"text_contains\"><value name=\"text\"><block type=\"string_iterator\"/></value><value name=\"contains\"><block type=\"text\"><field name=\"TEXT\">loot_chest_enable : </field></block></value></block></value><statement name=\"DO0\"><block type=\"variables_set_logic\"><mutation xmlns=\"http://www.w3.org/1999/xhtml\" has_entity=\"false\" is_player_var=\"false\"/><field name=\"VAR\">global:loot_chest</field><value name=\"VAL\"><block type=\"text_binary_ops\"><value name=\"A\"><block type=\"text_replace\"><value name=\"what\"><block type=\"text\"><field name=\"TEXT\">loot_chest_enable : </field></block></value><value name=\"with\"><block type=\"text\"><field name=\"TEXT\"/></block></value><value name=\"text\"><block type=\"string_iterator\"/></value></block></value><value name=\"B\"><block type=\"text\"><field name=\"TEXT\">true</field></block></value></block></value></block></statement><next><block type=\"controls_if\"><value name=\"IF0\"><block type=\"text_contains\"><value name=\"text\"><block type=\"string_iterator\"/></value><value name=\"contains\"><block type=\"text\"><field name=\"TEXT\">loot_chest_show_name : </field></block></value></block></value><statement name=\"DO0\"><block type=\"variables_set_logic\"><mutation xmlns=\"http://www.w3.org/1999/xhtml\" has_entity=\"false\" is_player_var=\"false\"/><field name=\"VAR\">global:loot_chest_show_name</field><value name=\"VAL\"><block type=\"text_binary_ops\"><value name=\"A\"><block type=\"text_replace\"><value name=\"what\"><block type=\"text\"><field name=\"TEXT\">loot_chest_show_name : </field></block></value><value name=\"with\"><block type=\"text\"><field name=\"TEXT\"/></block></value><value name=\"text\"><block type=\"string_iterator\"/></value></block></value><value name=\"B\"><block type=\"text\"><field name=\"TEXT\">true</field></block></value></block></value></block></statement></block></next></block></statement></block></statement><next><block type=\"controls_if\"><value name=\"IF0\"><block type=\"logic_negate\"><value name=\"BOOL\"><block type=\"text_binary_ops\"><value name=\"A\"><block type=\"text\"><field name=\"TEXT\"/></block></value><value name=\"B\"><block type=\"text\"><field name=\"TEXT\">Quest Board</field></block></value></block></value></block></value><statement name=\"DO0\"><block collapsed=\"true\" type=\"controls_if\"><value name=\"IF0\"><block type=\"logic_boolean\"><field name=\"BOOL\">TRUE</field></block></value><statement name=\"DO0\"><block type=\"controls_if\"><value name=\"IF0\"><block type=\"text_contains\"><value name=\"text\"><block type=\"string_iterator\"/></value><value name=\"contains\"><block type=\"text\"><field name=\"TEXT\">quest_board_time_stamp : </field></block></value></block></value><statement name=\"DO0\"><block type=\"variables_set_string\"><mutation xmlns=\"http://www.w3.org/1999/xhtml\" has_entity=\"false\" is_player_var=\"false\"/><field name=\"VAR\">global:quest_board_time_stamp</field><value name=\"VAL\"><block type=\"text_replace\"><value name=\"what\"><block type=\"text\"><field name=\"TEXT\">quest_board_time_stamp : </field></block></value><value name=\"with\"><block type=\"text\"><field name=\"TEXT\"/></block></value><value name=\"text\"><block type=\"string_iterator\"/></value></block></value></block></statement></block></statement></block></statement></block></next></block></next></block></next></block></statement></block></statement></block></next></block></next></block></next></block></xml>"
  }
}