{
  "_fv": 66,
  "_type": "procedure",
  "definition": {
    "procedurexml": "<?xml version=\"1.0\" encoding=\"UTF-8\" standalone=\"no\"?><xml xmlns=\"https://developers.google.com/blockly/xml\"><block deletable=\"false\" type=\"event_trigger\" x=\"40\" y=\"40\"><field name=\"trigger\">no_ext_trigger</field><next><block type=\"controls_if\"><value name=\"IF0\"><block type=\"logic_boolean\"><field name=\"BOOL\">TRUE</field></block></value><statement name=\"DO0\"><block type=\"execute_command\"><value name=\"command\"><block type=\"text\"><field name=\"TEXT\">execute at @e[name=SKYWIZA-path] unless entity @e[name=SKYWIZA-path_point,distance=..100] run summon armor_stand ~ ~ ~ {NoGravity:1b,CustomName:'{\"text\":\"SKYWIZA-path_point\"}'}</field></block></value><value name=\"x\"><block type=\"coord_x\"/></value><value name=\"y\"><block type=\"coord_y\"/></value><value name=\"z\"><block type=\"coord_z\"/></value></block></statement><next><block type=\"controls_if\"><value name=\"IF0\"><block type=\"logic_boolean\"><field name=\"BOOL\">TRUE</field></block></value><statement name=\"DO0\"><block collapsed=\"true\" type=\"controls_if\"><value name=\"IF0\"><block type=\"logic_boolean\"><field name=\"BOOL\">TRUE</field></block></value><statement name=\"DO0\"><block collapsed=\"true\" type=\"controls_if\"><value name=\"IF0\"><block type=\"logic_boolean\"><field name=\"BOOL\">TRUE</field></block></value><statement name=\"DO0\"><block type=\"execute_command\"><value name=\"command\"><block type=\"text_join\"><mutation items=\"5\"/><value name=\"ADD0\"><block type=\"text\"><field name=\"TEXT\">execute as @e[name=SKYWIZA-path] </field></block></value><value name=\"ADD1\"><block type=\"text_join\"><mutation items=\"5\"/><value name=\"ADD0\"><block type=\"text_join\"><mutation items=\"2\"/><value name=\"ADD0\"><block type=\"text\"><field name=\"TEXT\">at @s positioned ~ ~1 ~1</field></block></value><value name=\"ADD1\"><block type=\"text\"><field name=\"TEXT\"> unless entity @e[name=SKYWIZA-path_scan,distance=..0.5]</field></block></value></block></value><value name=\"ADD1\"><block type=\"text\"><field name=\"TEXT\"> </field></block></value><value name=\"ADD2\"><block type=\"text_join\"><mutation items=\"2\"/><value name=\"ADD0\"><block type=\"text\"><field name=\"TEXT\">at @s positioned ~ ~-1 ~1</field></block></value><value name=\"ADD1\"><block type=\"text\"><field name=\"TEXT\"> unless entity @e[name=SKYWIZA-path_scan,distance=..0.5]</field></block></value></block></value><value name=\"ADD3\"><block type=\"text\"><field name=\"TEXT\"> </field></block></value><value name=\"ADD4\"><block type=\"text_join\"><mutation items=\"2\"/><value name=\"ADD0\"><block type=\"text\"><field name=\"TEXT\">at @s positioned ~ ~ ~1</field></block></value><value name=\"ADD1\"><block type=\"text\"><field name=\"TEXT\"> unless entity @e[name=SKYWIZA-path_scan,distance=..0.5]</field></block></value></block></value></block></value><value name=\"ADD2\"><block type=\"text\"><field name=\"TEXT\"> run summon armor_stand ~ ~ ~ {NoGravity:1b,CustomName:'{\"text\":\"SKYWIZA-path_scan\"}',Rotation:[</field></block></value><value name=\"ADD3\"><block type=\"text\"><field name=\"TEXT\">0</field></block></value><value name=\"ADD4\"><block type=\"text\"><field name=\"TEXT\">f]}</field></block></value></block></value><value name=\"x\"><block type=\"coord_x\"/></value><value name=\"y\"><block type=\"coord_y\"/></value><value name=\"z\"><block type=\"coord_z\"/></value><next><block type=\"execute_command\"><value name=\"command\"><block type=\"text_join\"><mutation items=\"5\"/><value name=\"ADD0\"><block type=\"text\"><field name=\"TEXT\">execute as @e[name=SKYWIZA-path] at @s </field></block></value><value name=\"ADD1\"><block type=\"text_join\"><mutation items=\"5\"/><value name=\"ADD0\"><block type=\"text_join\"><mutation items=\"2\"/><value name=\"ADD0\"><block type=\"text\"><field name=\"TEXT\">at @s positioned ~ ~1 ~-1</field></block></value><value name=\"ADD1\"><block type=\"text\"><field name=\"TEXT\"> unless entity @e[name=SKYWIZA-path_scan,distance=..0.5]</field></block></value></block></value><value name=\"ADD1\"><block type=\"text\"><field name=\"TEXT\"> </field></block></value><value name=\"ADD2\"><block type=\"text_join\"><mutation items=\"2\"/><value name=\"ADD0\"><block type=\"text\"><field name=\"TEXT\">at @s positioned ~ ~-1 ~-1</field></block></value><value name=\"ADD1\"><block type=\"text\"><field name=\"TEXT\"> unless entity @e[name=SKYWIZA-path_scan,distance=..0.5]</field></block></value></block></value><value name=\"ADD3\"><block type=\"text\"><field name=\"TEXT\"> </field></block></value><value name=\"ADD4\"><block type=\"text_join\"><mutation items=\"2\"/><value name=\"ADD0\"><block type=\"text\"><field name=\"TEXT\">at @s positioned ~ ~ ~-1</field></block></value><value name=\"ADD1\"><block type=\"text\"><field name=\"TEXT\"> unless entity @e[name=SKYWIZA-path_scan,distance=..0.5]</field></block></value></block></value></block></value><value name=\"ADD2\"><block type=\"text\"><field name=\"TEXT\"> run summon armor_stand ~ ~ ~ {NoGravity:1b,CustomName:'{\"text\":\"SKYWIZA-path_scan\"}',Rotation:[</field></block></value><value name=\"ADD3\"><block type=\"text\"><field name=\"TEXT\">180</field></block></value><value name=\"ADD4\"><block type=\"text\"><field name=\"TEXT\">f]}</field></block></value></block></value><value name=\"x\"><block type=\"coord_x\"/></value><value name=\"y\"><block type=\"coord_y\"/></value><value name=\"z\"><block type=\"coord_z\"/></value><next><block type=\"execute_command\"><value name=\"command\"><block type=\"text_join\"><mutation items=\"5\"/><value name=\"ADD0\"><block type=\"text\"><field name=\"TEXT\">execute as @e[name=SKYWIZA-path] at @s </field></block></value><value name=\"ADD1\"><block type=\"text_join\"><mutation items=\"5\"/><value name=\"ADD0\"><block type=\"text_join\"><mutation items=\"2\"/><value name=\"ADD0\"><block type=\"text\"><field name=\"TEXT\">at @s positioned ~1 ~1 ~</field></block></value><value name=\"ADD1\"><block type=\"text\"><field name=\"TEXT\"> unless entity @e[name=SKYWIZA-path_scan,distance=..0.5]</field></block></value></block></value><value name=\"ADD1\"><block type=\"text\"><field name=\"TEXT\"> </field></block></value><value name=\"ADD2\"><block type=\"text_join\"><mutation items=\"2\"/><value name=\"ADD0\"><block type=\"text\"><field name=\"TEXT\">at @s positioned ~1 ~-1 ~</field></block></value><value name=\"ADD1\"><block type=\"text\"><field name=\"TEXT\"> unless entity @e[name=SKYWIZA-path_scan,distance=..0.5]</field></block></value></block></value><value name=\"ADD3\"><block type=\"text\"><field name=\"TEXT\"> </field></block></value><value name=\"ADD4\"><block type=\"text_join\"><mutation items=\"2\"/><value name=\"ADD0\"><block type=\"text\"><field name=\"TEXT\">at @s positioned ~1 ~ ~</field></block></value><value name=\"ADD1\"><block type=\"text\"><field name=\"TEXT\"> unless entity @e[name=SKYWIZA-path_scan,distance=..0.5]</field></block></value></block></value></block></value><value name=\"ADD2\"><block type=\"text\"><field name=\"TEXT\"> run summon armor_stand ~ ~ ~ {NoGravity:1b,CustomName:'{\"text\":\"SKYWIZA-path_scan\"}',Rotation:[</field></block></value><value name=\"ADD3\"><block type=\"text\"><field name=\"TEXT\">270</field></block></value><value name=\"ADD4\"><block type=\"text\"><field name=\"TEXT\">f]}</field></block></value></block></value><value name=\"x\"><block type=\"coord_x\"/></value><value name=\"y\"><block type=\"coord_y\"/></value><value name=\"z\"><block type=\"coord_z\"/></value><next><block type=\"execute_command\"><value name=\"command\"><block type=\"text_join\"><mutation items=\"5\"/><value name=\"ADD0\"><block type=\"text\"><field name=\"TEXT\">execute as @e[name=SKYWIZA-path] at @s </field></block></value><value name=\"ADD1\"><block type=\"text_join\"><mutation items=\"5\"/><value name=\"ADD0\"><block type=\"text_join\"><mutation items=\"2\"/><value name=\"ADD0\"><block type=\"text\"><field name=\"TEXT\">at @s positioned ~-1 ~1 ~</field></block></value><value name=\"ADD1\"><block type=\"text\"><field name=\"TEXT\"> unless entity @e[name=SKYWIZA-path_scan,distance=..0.5]</field></block></value></block></value><value name=\"ADD1\"><block type=\"text\"><field name=\"TEXT\"> </field></block></value><value name=\"ADD2\"><block type=\"text_join\"><mutation items=\"2\"/><value name=\"ADD0\"><block type=\"text\"><field name=\"TEXT\">at @s positioned ~-1 ~-1 ~</field></block></value><value name=\"ADD1\"><block type=\"text\"><field name=\"TEXT\"> unless entity @e[name=SKYWIZA-path_scan,distance=..0.5]</field></block></value></block></value><value name=\"ADD3\"><block type=\"text\"><field name=\"TEXT\"> </field></block></value><value name=\"ADD4\"><block type=\"text_join\"><mutation items=\"2\"/><value name=\"ADD0\"><block type=\"text\"><field name=\"TEXT\">at @s positioned ~-1 ~ ~</field></block></value><value name=\"ADD1\"><block type=\"text\"><field name=\"TEXT\"> unless entity @e[name=SKYWIZA-path_scan,distance=..0.5]</field></block></value></block></value></block></value><value name=\"ADD2\"><block type=\"text\"><field name=\"TEXT\"> run summon armor_stand ~ ~ ~ {NoGravity:1b,CustomName:'{\"text\":\"SKYWIZA-path_scan\"}',Rotation:[</field></block></value><value name=\"ADD3\"><block type=\"text\"><field name=\"TEXT\">90</field></block></value><value name=\"ADD4\"><block type=\"text\"><field name=\"TEXT\">f]}</field></block></value></block></value><value name=\"x\"><block type=\"coord_x\"/></value><value name=\"y\"><block type=\"coord_y\"/></value><value name=\"z\"><block type=\"coord_z\"/></value></block></next></block></next></block></next></block></statement><next><block type=\"execute_command\"><value name=\"command\"><block type=\"text\"><field name=\"TEXT\">execute at @e[name=SKYWIZA-path] as @e[name=SKYWIZA-path_scan,distance=..3] at @s if block ~ ~-1 ~ #skywiza:passable_blocks unless block ~ ~-1 ~ water run tp @s ~ ~-1 ~</field></block></value><value name=\"x\"><block type=\"coord_x\"/></value><value name=\"y\"><block type=\"coord_y\"/></value><value name=\"z\"><block type=\"coord_z\"/></value><next><block type=\"execute_command\"><value name=\"command\"><block type=\"text\"><field name=\"TEXT\">execute at @e[name=SKYWIZA-path] as @e[name=SKYWIZA-path_scan,distance=..3] at @s unless block ~ ~ ~ #skywiza:passable_blocks run tp @s ~ ~1 ~</field></block></value><value name=\"x\"><block type=\"coord_x\"/></value><value name=\"y\"><block type=\"coord_y\"/></value><value name=\"z\"><block type=\"coord_z\"/></value><next><block type=\"execute_command\"><value name=\"command\"><block type=\"text\"><field name=\"TEXT\">execute at @e[name=SKYWIZA-path] as @e[name=SKYWIZA-path_scan,distance=..3] at @s if block ~ ~-1 ~ #skywiza:passable_blocks run kill @s</field></block></value><value name=\"x\"><block type=\"coord_x\"/></value><value name=\"y\"><block type=\"coord_y\"/></value><value name=\"z\"><block type=\"coord_z\"/></value><next><block type=\"execute_command\"><value name=\"command\"><block type=\"text\"><field name=\"TEXT\">execute at @e[name=SKYWIZA-path] as @e[name=SKYWIZA-path_scan,distance=..3] at @s unless block ~ ~ ~ #skywiza:passable_blocks run kill @s</field></block></value><value name=\"x\"><block type=\"coord_x\"/></value><value name=\"y\"><block type=\"coord_y\"/></value><value name=\"z\"><block type=\"coord_z\"/></value><next><block type=\"controls_if\"><value name=\"IF0\"><block type=\"logic_boolean\"><field name=\"BOOL\">TRUE</field></block></value><statement name=\"DO0\"><block type=\"execute_command\"><value name=\"command\"><block type=\"text\"><field name=\"TEXT\">execute at @e[name=SKYWIZA-path] as @e[name=SKYWIZA-path_scan,distance=..3] at @s unless block ^ ^2 ^1 #skywiza:passable_blocks run kill @s</field></block></value><value name=\"x\"><block type=\"coord_x\"/></value><value name=\"y\"><block type=\"coord_y\"/></value><value name=\"z\"><block type=\"coord_z\"/></value><next><block type=\"execute_command\"><value name=\"command\"><block type=\"text\"><field name=\"TEXT\">execute at @e[name=SKYWIZA-path] as @e[name=SKYWIZA-path_scan,distance=..3] at @s if block ^ ^-2 ^1 #skywiza:passable_blocks unless block ^ ^-2 ^1 water run kill @s</field></block></value><value name=\"x\"><block type=\"coord_x\"/></value><value name=\"y\"><block type=\"coord_y\"/></value><value name=\"z\"><block type=\"coord_z\"/></value><next><block type=\"execute_command\"><value name=\"command\"><block type=\"text\"><field name=\"TEXT\">execute at @e[name=SKYWIZA-path] as @e[name=SKYWIZA-path_scan,distance=..3] at @s if block ^1 ^-2 ^ #skywiza:passable_blocks unless block ^1 ^-2 ^ water run kill @s</field></block></value><value name=\"x\"><block type=\"coord_x\"/></value><value name=\"y\"><block type=\"coord_y\"/></value><value name=\"z\"><block type=\"coord_z\"/></value><next><block type=\"execute_command\"><value name=\"command\"><block type=\"text\"><field name=\"TEXT\">execute at @e[name=SKYWIZA-path] as @e[name=SKYWIZA-path_scan,distance=..3] at @s if block ^-1 ^-2 ^ #skywiza:passable_blocks unless block ^-1 ^-2 ^ water run kill @s</field></block></value><value name=\"x\"><block type=\"coord_x\"/></value><value name=\"y\"><block type=\"coord_y\"/></value><value name=\"z\"><block type=\"coord_z\"/></value></block></next></block></next></block></next></block></statement></block></next></block></next></block></next></block></next></block></next></block></statement></block></statement><next><block type=\"execute_command\"><value name=\"command\"><block type=\"text_join\"><mutation items=\"2\"/><value name=\"ADD0\"><block type=\"text\"><field name=\"TEXT\">execute as @e[name=SKYWIZA-path] at @s run tp @s ~ ~ ~ facing </field></block></value><value name=\"ADD1\"><block collapsed=\"true\" type=\"text_join\"><mutation items=\"5\"/><value name=\"ADD0\"><block type=\"item_nbt_num_get\"><value name=\"tagName\"><block type=\"text\"><field name=\"TEXT\">posX</field></block></value><value name=\"item\"><block type=\"itemstack_to_mcitem\"/></value></block></value><value name=\"ADD1\"><block type=\"text\"><field name=\"TEXT\"> </field></block></value><value name=\"ADD2\"><block type=\"item_nbt_num_get\"><value name=\"tagName\"><block type=\"text\"><field name=\"TEXT\">posY</field></block></value><value name=\"item\"><block type=\"itemstack_to_mcitem\"/></value></block></value><value name=\"ADD3\"><block type=\"text\"><field name=\"TEXT\"> </field></block></value><value name=\"ADD4\"><block type=\"item_nbt_num_get\"><value name=\"tagName\"><block type=\"text\"><field name=\"TEXT\">posZ</field></block></value><value name=\"item\"><block type=\"itemstack_to_mcitem\"/></value></block></value></block></value></block></value><value name=\"x\"><block type=\"coord_x\"/></value><value name=\"y\"><block type=\"coord_y\"/></value><value name=\"z\"><block type=\"coord_z\"/></value><next><block type=\"execute_command\"><value name=\"command\"><block type=\"text\"><field name=\"TEXT\">execute as @e[name=SKYWIZA-path] at @s positioned ^ ^ ^50 run tp @s @e[name=SKYWIZA-path_scan,tag=!SKYWIZA-path_scan_select,limit=1,sort=nearest]</field></block></value><value name=\"x\"><block type=\"coord_x\"/></value><value name=\"y\"><block type=\"coord_y\"/></value><value name=\"z\"><block type=\"coord_z\"/></value><next><block type=\"execute_command\"><value name=\"command\"><block type=\"text\"><field name=\"TEXT\">execute at @e[name=SKYWIZA-path] run tag @e[name=SKYWIZA-path_scan,tag=!path_scan_select,limit=1,sort=nearest] add SKYWIZA-path_scan_select</field></block></value><value name=\"x\"><block type=\"coord_x\"/></value><value name=\"y\"><block type=\"coord_y\"/></value><value name=\"z\"><block type=\"coord_z\"/></value><next><block type=\"execute_command\"><value name=\"command\"><block type=\"text\"><field name=\"TEXT\">execute at @e[name=SKYWIZA-path] run forceload add ~5 ~5 ~-5 ~-5</field></block></value><value name=\"x\"><block type=\"coord_x\"/></value><value name=\"y\"><block type=\"coord_y\"/></value><value name=\"z\"><block type=\"coord_z\"/></value><next><block type=\"execute_command\"><value name=\"command\"><block type=\"text\"><field name=\"TEXT\">effect give @e[tag=SKYWIZA-path_scan_select] glowing infinite 1 true</field></block></value><value name=\"x\"><block type=\"coord_x\"/></value><value name=\"y\"><block type=\"coord_y\"/></value><value name=\"z\"><block type=\"coord_z\"/></value><next><block type=\"controls_if\"><value name=\"IF0\"><block type=\"logic_boolean\"><field name=\"BOOL\">TRUE</field></block></value><statement name=\"DO0\"><block type=\"execute_command\"><value name=\"command\"><block type=\"text\"><field name=\"TEXT\">execute at @e[name=SKYWIZA-path] run fill ^2 ^-1 ^ ^-2 ^-1 ^ cobblestone</field></block></value><value name=\"x\"><block type=\"coord_x\"/></value><value name=\"y\"><block type=\"coord_y\"/></value><value name=\"z\"><block type=\"coord_z\"/></value><next><block type=\"execute_command\"><value name=\"command\"><block type=\"text\"><field name=\"TEXT\">execute at @e[name=SKYWIZA-path] run fill ^2 ^ ^ ^-2 ^ ^ air</field></block></value><value name=\"x\"><block type=\"coord_x\"/></value><value name=\"y\"><block type=\"coord_y\"/></value><value name=\"z\"><block type=\"coord_z\"/></value></block></next></block></statement><next><block type=\"execute_command\"><value name=\"command\"><block type=\"text\"><field name=\"TEXT\">execute at @e[name=SKYWIZA-path] run kill @e[type=item,distance=..5]</field></block></value><value name=\"x\"><block type=\"coord_x\"/></value><value name=\"y\"><block type=\"coord_y\"/></value><value name=\"z\"><block type=\"coord_z\"/></value><next><block type=\"execute_command\"><value name=\"command\"><block type=\"text\"><field name=\"TEXT\">execute as @e[name=SKYWIZA-path_scan] at @s unless entity @e[name=SKYWIZA-path,distance=..100] run kill @s</field></block></value><value name=\"x\"><block type=\"coord_x\"/></value><value name=\"y\"><block type=\"coord_y\"/></value><value name=\"z\"><block type=\"coord_z\"/></value></block></next></block></next></block></next></block></next></block></next></block></next></block></next></block></next></block></next></block></next></block></xml>"
  }
}