{
  "_fv": 66,
  "_type": "procedure",
  "definition": {
    "procedurexml": "<?xml version=\"1.0\" encoding=\"UTF-8\" standalone=\"no\"?><xml xmlns=\"https://developers.google.com/blockly/xml\"><block deletable=\"false\" type=\"event_trigger\" x=\"40\" y=\"40\"><field name=\"trigger\">no_ext_trigger</field><next><block type=\"entity_execute_command\"><value name=\"command\"><block type=\"text\"><field name=\"TEXT\">execute positioned over motion_blocking_no_leaves run summon armor_stand ~ ~0.5 ~ {NoGravity:1b,CustomName:'{\"text\":\"SKYWIZA-path\"}'}</field></block></value><value name=\"entity\"><block type=\"entity_from_deps\"/></value></block></next></block></xml>"
  }
}