{
  "_fv": 66,
  "_type": "procedure",
  "definition": {
    "procedurexml": "<?xml version=\"1.0\" encoding=\"UTF-8\" standalone=\"no\"?><xml xmlns=\"https://developers.google.com/blockly/xml\"><variables><variable id=\"direction\" type=\"String\">direction</variable></variables><block deletable=\"false\" type=\"event_trigger\" x=\"40\" y=\"40\"><field name=\"trigger\">no_ext_trigger</field><next><block collapsed=\"true\" type=\"controls_if\"><mutation elseif=\"3\"/><value name=\"IF0\"><block type=\"compare_directions\"><value name=\"a\"><block type=\"world_data_block_direction_at\"><value name=\"x\"><block type=\"coord_x\"/></value><value name=\"y\"><block type=\"coord_y\"/></value><value name=\"z\"><block type=\"coord_z\"/></value></block></value><value name=\"b\"><block type=\"direction_constant\"><field name=\"direction\">NORTH</field></block></value></block></value><statement name=\"DO0\"><block type=\"execute_command\"><value name=\"command\"><block type=\"text_join\"><mutation items=\"3\"/><value name=\"ADD0\"><block type=\"text\"><field name=\"TEXT\">summon armor_stand ~0.07 ~0.415 ~0.025 {Tags:[\"LOTW-ally\",\"SKYWIZA\",\"SKYWIZA-quest_board\"],Invisible:1b,NoGravity:1b,Marker:1b,Rotation:[0f],CustomName:'{\"text\":\"SKYWIZA-quest_board_</field></block></value><value name=\"ADD1\"><block type=\"block_nbt_text_get\"><value name=\"tagName\"><block type=\"text\"><field name=\"TEXT\">name</field></block></value><value name=\"x\"><block type=\"coord_x\"/></value><value name=\"y\"><block type=\"coord_y\"/></value><value name=\"z\"><block type=\"coord_z\"/></value></block></value><value name=\"ADD2\"><block type=\"text\"><field name=\"TEXT\">\"}'}</field></block></value></block></value><value name=\"x\"><block type=\"math_dual_ops\"><field name=\"OP\">ADD</field><value name=\"A\"><block type=\"coord_x\"/></value><value name=\"B\"><block type=\"math_number\"><field name=\"NUM\">0.5</field></block></value></block></value><value name=\"y\"><block type=\"math_dual_ops\"><field name=\"OP\">MINUS</field><value name=\"A\"><block type=\"coord_y\"/></value><value name=\"B\"><block type=\"math_number\"><field name=\"NUM\">1.5</field></block></value></block></value><value name=\"z\"><block type=\"math_dual_ops\"><field name=\"OP\">ADD</field><value name=\"A\"><block type=\"coord_z\"/></value><value name=\"B\"><block type=\"math_number\"><field name=\"NUM\">0.5</field></block></value></block></value><next><block type=\"variables_set_string\"><mutation xmlns=\"http://www.w3.org/1999/xhtml\" has_entity=\"false\" is_player_var=\"false\"/><field name=\"VAR\">local:direction</field><value name=\"VAL\"><block type=\"text\"><field name=\"TEXT\">90</field></block></value></block></next></block></statement><value name=\"IF1\"><block type=\"compare_directions\"><value name=\"a\"><block type=\"world_data_block_direction_at\"><value name=\"x\"><block type=\"coord_x\"/></value><value name=\"y\"><block type=\"coord_y\"/></value><value name=\"z\"><block type=\"coord_z\"/></value></block></value><value name=\"b\"><block type=\"direction_constant\"><field name=\"direction\">WEST</field></block></value></block></value><statement name=\"DO1\"><block type=\"execute_command\"><value name=\"command\"><block type=\"text_join\"><mutation items=\"3\"/><value name=\"ADD0\"><block type=\"text\"><field name=\"TEXT\">summon armor_stand ~0.025 ~0.415 ~-0.07 {Tags:[\"LOTW-ally\",\"SKYWIZA\",\"SKYWIZA-quest_board\"],Invisible:1b,NoGravity:1b,Marker:1b,Rotation:[270f],CustomName:'{\"text\":\"SKYWIZA-quest_board_</field></block></value><value name=\"ADD1\"><block type=\"block_nbt_text_get\"><value name=\"tagName\"><block type=\"text\"><field name=\"TEXT\">name</field></block></value><value name=\"x\"><block type=\"coord_x\"/></value><value name=\"y\"><block type=\"coord_y\"/></value><value name=\"z\"><block type=\"coord_z\"/></value></block></value><value name=\"ADD2\"><block type=\"text\"><field name=\"TEXT\">\"}'}</field></block></value></block></value><value name=\"x\"><block type=\"math_dual_ops\"><field name=\"OP\">ADD</field><value name=\"A\"><block type=\"coord_x\"/></value><value name=\"B\"><block type=\"math_number\"><field name=\"NUM\">0.5</field></block></value></block></value><value name=\"y\"><block type=\"math_dual_ops\"><field name=\"OP\">MINUS</field><value name=\"A\"><block type=\"coord_y\"/></value><value name=\"B\"><block type=\"math_number\"><field name=\"NUM\">1.5</field></block></value></block></value><value name=\"z\"><block type=\"math_dual_ops\"><field name=\"OP\">ADD</field><value name=\"A\"><block type=\"coord_z\"/></value><value name=\"B\"><block type=\"math_number\"><field name=\"NUM\">0.5</field></block></value></block></value><next><block type=\"variables_set_string\"><mutation xmlns=\"http://www.w3.org/1999/xhtml\" has_entity=\"false\" is_player_var=\"false\"/><field name=\"VAR\">local:direction</field><value name=\"VAL\"><block type=\"text\"><field name=\"TEXT\">0</field></block></value></block></next></block></statement><value name=\"IF2\"><block type=\"compare_directions\"><value name=\"a\"><block type=\"world_data_block_direction_at\"><value name=\"x\"><block type=\"coord_x\"/></value><value name=\"y\"><block type=\"coord_y\"/></value><value name=\"z\"><block type=\"coord_z\"/></value></block></value><value name=\"b\"><block type=\"direction_constant\"><field name=\"direction\">EAST</field></block></value></block></value><statement name=\"DO2\"><block type=\"execute_command\"><value name=\"command\"><block type=\"text_join\"><mutation items=\"3\"/><value name=\"ADD0\"><block type=\"text\"><field name=\"TEXT\">summon armor_stand ~-0.025 ~0.415 ~0.07 {Tags:[\"LOTW-ally\",\"SKYWIZA\",\"SKYWIZA-quest_board\"],Invisible:1b,NoGravity:1b,Marker:1b,Rotation:[90f],CustomName:'{\"text\":\"SKYWIZA-quest_board_</field></block></value><value name=\"ADD1\"><block type=\"block_nbt_text_get\"><value name=\"tagName\"><block type=\"text\"><field name=\"TEXT\">name</field></block></value><value name=\"x\"><block type=\"coord_x\"/></value><value name=\"y\"><block type=\"coord_y\"/></value><value name=\"z\"><block type=\"coord_z\"/></value></block></value><value name=\"ADD2\"><block type=\"text\"><field name=\"TEXT\">\"}'}</field></block></value></block></value><value name=\"x\"><block type=\"math_dual_ops\"><field name=\"OP\">ADD</field><value name=\"A\"><block type=\"coord_x\"/></value><value name=\"B\"><block type=\"math_number\"><field name=\"NUM\">0.5</field></block></value></block></value><value name=\"y\"><block type=\"math_dual_ops\"><field name=\"OP\">MINUS</field><value name=\"A\"><block type=\"coord_y\"/></value><value name=\"B\"><block type=\"math_number\"><field name=\"NUM\">1.5</field></block></value></block></value><value name=\"z\"><block type=\"math_dual_ops\"><field name=\"OP\">ADD</field><value name=\"A\"><block type=\"coord_z\"/></value><value name=\"B\"><block type=\"math_number\"><field name=\"NUM\">0.5</field></block></value></block></value><next><block type=\"variables_set_string\"><mutation xmlns=\"http://www.w3.org/1999/xhtml\" has_entity=\"false\" is_player_var=\"false\"/><field name=\"VAR\">local:direction</field><value name=\"VAL\"><block type=\"text\"><field name=\"TEXT\">180</field></block></value></block></next></block></statement><value name=\"IF3\"><block type=\"compare_directions\"><value name=\"a\"><block type=\"world_data_block_direction_at\"><value name=\"x\"><block type=\"coord_x\"/></value><value name=\"y\"><block type=\"coord_y\"/></value><value name=\"z\"><block type=\"coord_z\"/></value></block></value><value name=\"b\"><block type=\"direction_constant\"><field name=\"direction\">SOUTH</field></block></value></block></value><statement name=\"DO3\"><block type=\"execute_command\"><value name=\"command\"><block type=\"text_join\"><mutation items=\"3\"/><value name=\"ADD0\"><block type=\"text\"><field name=\"TEXT\">summon armor_stand ~-0.07 ~0.415 ~-0.025 {Tags:[\"LOTW-ally\",\"SKYWIZA\",\"SKYWIZA-quest_board\"],Invisible:1b,NoGravity:1b,Marker:1b,Rotation:[180f],,CustomName:'{\"text\":\"SKYWIZA-quest_board_</field></block></value><value name=\"ADD1\"><block type=\"block_nbt_text_get\"><value name=\"tagName\"><block type=\"text\"><field name=\"TEXT\">name</field></block></value><value name=\"x\"><block type=\"coord_x\"/></value><value name=\"y\"><block type=\"coord_y\"/></value><value name=\"z\"><block type=\"coord_z\"/></value></block></value><value name=\"ADD2\"><block type=\"text\"><field name=\"TEXT\">\"}'}</field></block></value></block></value><value name=\"x\"><block type=\"math_dual_ops\"><field name=\"OP\">ADD</field><value name=\"A\"><block type=\"coord_x\"/></value><value name=\"B\"><block type=\"math_number\"><field name=\"NUM\">0.5</field></block></value></block></value><value name=\"y\"><block type=\"math_dual_ops\"><field name=\"OP\">MINUS</field><value name=\"A\"><block type=\"coord_y\"/></value><value name=\"B\"><block type=\"math_number\"><field name=\"NUM\">1.5</field></block></value></block></value><value name=\"z\"><block type=\"math_dual_ops\"><field name=\"OP\">ADD</field><value name=\"A\"><block type=\"coord_z\"/></value><value name=\"B\"><block type=\"math_number\"><field name=\"NUM\">0.5</field></block></value></block></value><next><block type=\"variables_set_string\"><mutation xmlns=\"http://www.w3.org/1999/xhtml\" has_entity=\"false\" is_player_var=\"false\"/><field name=\"VAR\">local:direction</field><value name=\"VAL\"><block type=\"text\"><field name=\"TEXT\">270</field></block></value></block></next></block></statement><next><block type=\"controls_if\"><value name=\"IF0\"><block type=\"logic_boolean\"><field name=\"BOOL\">TRUE</field></block></value><statement name=\"DO0\"><block collapsed=\"true\" type=\"controls_if\"><value name=\"IF0\"><block type=\"logic_boolean\"><field name=\"BOOL\">TRUE</field></block></value><statement name=\"DO0\"><block type=\"execute_command\"><value name=\"command\"><block type=\"text_join\"><mutation items=\"3\"/><value name=\"ADD0\"><block type=\"text_join\"><mutation items=\"3\"/><value name=\"ADD0\"><block collapsed=\"true\" type=\"text_join\"><mutation items=\"3\"/><value name=\"ADD0\"><block type=\"text\"><field name=\"TEXT\">execute at @e[name=SKYWIZA-quest_board_</field></block></value><value name=\"ADD1\"><block type=\"block_nbt_text_get\"><value name=\"tagName\"><block type=\"text\"><field name=\"TEXT\">name</field></block></value><value name=\"x\"><block type=\"coord_x\"/></value><value name=\"y\"><block type=\"coord_y\"/></value><value name=\"z\"><block type=\"coord_z\"/></value></block></value><value name=\"ADD2\"><block type=\"text\"><field name=\"TEXT\">,limit=1,sort=nearest] run summon armor_stand </field></block></value></block></value><value name=\"ADD1\"><block type=\"text\"><field name=\"TEXT\">^ ^-0.25 ^0.21</field></block></value><value name=\"ADD2\"><block type=\"text\"><field name=\"TEXT\"> {CustomName:'{\"text\":\"SKYWIZA-quest_board_paper\"}',Tags:[\"LOTW-ally\",\"SKYWIZA\",\"SKYWIZA-quest_board\"],Invisible:1b,NoGravity:1b,ShowArms:1b,Pose:{RightArm:[-90f,-90f,0f]},HandItems:[{},{}],Rotation:[</field></block></value></block></value><value name=\"ADD1\"><block type=\"variables_get_string\"><mutation xmlns=\"http://www.w3.org/1999/xhtml\" has_entity=\"false\" is_player_var=\"false\"/><field name=\"VAR\">local:direction</field></block></value><value name=\"ADD2\"><block type=\"text\"><field name=\"TEXT\">f]}</field></block></value></block></value><value name=\"x\"><block type=\"math_dual_ops\"><field name=\"OP\">ADD</field><value name=\"A\"><block type=\"coord_x\"/></value><value name=\"B\"><block type=\"math_number\"><field name=\"NUM\">0.5</field></block></value></block></value><value name=\"y\"><block type=\"coord_y\"/></value><value name=\"z\"><block type=\"math_dual_ops\"><field name=\"OP\">ADD</field><value name=\"A\"><block type=\"coord_z\"/></value><value name=\"B\"><block type=\"math_number\"><field name=\"NUM\">0.5</field></block></value></block></value><next><block type=\"execute_command\"><value name=\"command\"><block type=\"text_join\"><mutation items=\"3\"/><value name=\"ADD0\"><block type=\"text_join\"><mutation items=\"3\"/><value name=\"ADD0\"><block collapsed=\"true\" type=\"text_join\"><mutation items=\"3\"/><value name=\"ADD0\"><block type=\"text\"><field name=\"TEXT\">execute at @e[name=SKYWIZA-quest_board_</field></block></value><value name=\"ADD1\"><block type=\"block_nbt_text_get\"><value name=\"tagName\"><block type=\"text\"><field name=\"TEXT\">name</field></block></value><value name=\"x\"><block type=\"coord_x\"/></value><value name=\"y\"><block type=\"coord_y\"/></value><value name=\"z\"><block type=\"coord_z\"/></value></block></value><value name=\"ADD2\"><block type=\"text\"><field name=\"TEXT\">,limit=1,sort=nearest] run summon armor_stand </field></block></value></block></value><value name=\"ADD1\"><block type=\"text\"><field name=\"TEXT\">^0.55 ^-0.25 ^0.21</field></block></value><value name=\"ADD2\"><block type=\"text\"><field name=\"TEXT\"> {CustomName:'{\"text\":\"SKYWIZA-quest_board_paper\"}',Tags:[\"LOTW-ally\",\"SKYWIZA\",\"SKYWIZA-quest_board\"],Invisible:1b,NoGravity:1b,ShowArms:1b,Pose:{RightArm:[-90f,-90f,0f]},HandItems:[{},{}],Rotation:[</field></block></value></block></value><value name=\"ADD1\"><block type=\"variables_get_string\"><mutation xmlns=\"http://www.w3.org/1999/xhtml\" has_entity=\"false\" is_player_var=\"false\"/><field name=\"VAR\">local:direction</field></block></value><value name=\"ADD2\"><block type=\"text\"><field name=\"TEXT\">f]}</field></block></value></block></value><value name=\"x\"><block type=\"math_dual_ops\"><field name=\"OP\">ADD</field><value name=\"A\"><block type=\"coord_x\"/></value><value name=\"B\"><block type=\"math_number\"><field name=\"NUM\">0.5</field></block></value></block></value><value name=\"y\"><block type=\"coord_y\"/></value><value name=\"z\"><block type=\"math_dual_ops\"><field name=\"OP\">ADD</field><value name=\"A\"><block type=\"coord_z\"/></value><value name=\"B\"><block type=\"math_number\"><field name=\"NUM\">0.5</field></block></value></block></value><next><block type=\"execute_command\"><value name=\"command\"><block type=\"text_join\"><mutation items=\"3\"/><value name=\"ADD0\"><block type=\"text_join\"><mutation items=\"3\"/><value name=\"ADD0\"><block collapsed=\"true\" type=\"text_join\"><mutation items=\"3\"/><value name=\"ADD0\"><block type=\"text\"><field name=\"TEXT\">execute at @e[name=SKYWIZA-quest_board_</field></block></value><value name=\"ADD1\"><block type=\"block_nbt_text_get\"><value name=\"tagName\"><block type=\"text\"><field name=\"TEXT\">name</field></block></value><value name=\"x\"><block type=\"coord_x\"/></value><value name=\"y\"><block type=\"coord_y\"/></value><value name=\"z\"><block type=\"coord_z\"/></value></block></value><value name=\"ADD2\"><block type=\"text\"><field name=\"TEXT\">,limit=1,sort=nearest] run summon armor_stand </field></block></value></block></value><value name=\"ADD1\"><block type=\"text\"><field name=\"TEXT\">^-0.55 ^-0.25 ^0.21</field></block></value><value name=\"ADD2\"><block type=\"text\"><field name=\"TEXT\"> {CustomName:'{\"text\":\"SKYWIZA-quest_board_paper\"}',Tags:[\"LOTW-ally\",\"SKYWIZA\",\"SKYWIZA-quest_board\"],Invisible:1b,NoGravity:1b,ShowArms:1b,Pose:{RightArm:[-90f,-90f,0f]},HandItems:[{},{}],Rotation:[</field></block></value></block></value><value name=\"ADD1\"><block type=\"variables_get_string\"><mutation xmlns=\"http://www.w3.org/1999/xhtml\" has_entity=\"false\" is_player_var=\"false\"/><field name=\"VAR\">local:direction</field></block></value><value name=\"ADD2\"><block type=\"text\"><field name=\"TEXT\">f]}</field></block></value></block></value><value name=\"x\"><block type=\"math_dual_ops\"><field name=\"OP\">ADD</field><value name=\"A\"><block type=\"coord_x\"/></value><value name=\"B\"><block type=\"math_number\"><field name=\"NUM\">0.5</field></block></value></block></value><value name=\"y\"><block type=\"coord_y\"/></value><value name=\"z\"><block type=\"math_dual_ops\"><field name=\"OP\">ADD</field><value name=\"A\"><block type=\"coord_z\"/></value><value name=\"B\"><block type=\"math_number\"><field name=\"NUM\">0.5</field></block></value></block></value><next><block type=\"execute_command\"><value name=\"command\"><block type=\"text_join\"><mutation items=\"3\"/><value name=\"ADD0\"><block type=\"text_join\"><mutation items=\"3\"/><value name=\"ADD0\"><block collapsed=\"true\" type=\"text_join\"><mutation items=\"3\"/><value name=\"ADD0\"><block type=\"text\"><field name=\"TEXT\">execute at @e[name=SKYWIZA-quest_board_</field></block></value><value name=\"ADD1\"><block type=\"block_nbt_text_get\"><value name=\"tagName\"><block type=\"text\"><field name=\"TEXT\">name</field></block></value><value name=\"x\"><block type=\"coord_x\"/></value><value name=\"y\"><block type=\"coord_y\"/></value><value name=\"z\"><block type=\"coord_z\"/></value></block></value><value name=\"ADD2\"><block type=\"text\"><field name=\"TEXT\">,limit=1,sort=nearest] run summon armor_stand </field></block></value></block></value><value name=\"ADD1\"><block type=\"text\"><field name=\"TEXT\">^1.1 ^-0.25 ^0.21</field></block></value><value name=\"ADD2\"><block type=\"text\"><field name=\"TEXT\"> {CustomName:'{\"text\":\"SKYWIZA-quest_board_paper\"}',Tags:[\"LOTW-ally\",\"SKYWIZA\",\"SKYWIZA-quest_board\"],Invisible:1b,NoGravity:1b,ShowArms:1b,Pose:{RightArm:[-90f,-90f,0f]},HandItems:[{},{}],Rotation:[</field></block></value></block></value><value name=\"ADD1\"><block type=\"variables_get_string\"><mutation xmlns=\"http://www.w3.org/1999/xhtml\" has_entity=\"false\" is_player_var=\"false\"/><field name=\"VAR\">local:direction</field></block></value><value name=\"ADD2\"><block type=\"text\"><field name=\"TEXT\">f]}</field></block></value></block></value><value name=\"x\"><block type=\"math_dual_ops\"><field name=\"OP\">ADD</field><value name=\"A\"><block type=\"coord_x\"/></value><value name=\"B\"><block type=\"math_number\"><field name=\"NUM\">0.5</field></block></value></block></value><value name=\"y\"><block type=\"coord_y\"/></value><value name=\"z\"><block type=\"math_dual_ops\"><field name=\"OP\">ADD</field><value name=\"A\"><block type=\"coord_z\"/></value><value name=\"B\"><block type=\"math_number\"><field name=\"NUM\">0.5</field></block></value></block></value><next><block type=\"execute_command\"><value name=\"command\"><block type=\"text_join\"><mutation items=\"3\"/><value name=\"ADD0\"><block type=\"text_join\"><mutation items=\"3\"/><value name=\"ADD0\"><block inline=\"true\" type=\"text_join\"><mutation items=\"3\"/><value name=\"ADD0\"><block type=\"text\"><field name=\"TEXT\">execute at @e[name=SKYWIZA-quest_board_</field></block></value><value name=\"ADD1\"><block type=\"block_nbt_text_get\"><value name=\"tagName\"><block type=\"text\"><field name=\"TEXT\">name</field></block></value><value name=\"x\"><block type=\"coord_x\"/></value><value name=\"y\"><block type=\"coord_y\"/></value><value name=\"z\"><block type=\"coord_z\"/></value></block></value><value name=\"ADD2\"><block type=\"text\"><field name=\"TEXT\">,limit=1,sort=nearest] run summon armor_stand </field></block></value></block></value><value name=\"ADD1\"><block type=\"text\"><field name=\"TEXT\">^-1.1 ^-0.25 ^0.21</field></block></value><value name=\"ADD2\"><block type=\"text\"><field name=\"TEXT\"> {CustomName:'{\"text\":\"SKYWIZA-quest_board_paper\"}',Tags:[\"LOTW-ally\",\"SKYWIZA\",\"SKYWIZA-quest_board\"],Invisible:1b,NoGravity:1b,ShowArms:1b,Pose:{RightArm:[-90f,-90f,0f]},HandItems:[{},{}],Rotation:[</field></block></value></block></value><value name=\"ADD1\"><block type=\"variables_get_string\"><mutation xmlns=\"http://www.w3.org/1999/xhtml\" has_entity=\"false\" is_player_var=\"false\"/><field name=\"VAR\">local:direction</field></block></value><value name=\"ADD2\"><block type=\"text\"><field name=\"TEXT\">f]}</field></block></value></block></value><value name=\"x\"><block type=\"math_dual_ops\"><field name=\"OP\">ADD</field><value name=\"A\"><block type=\"coord_x\"/></value><value name=\"B\"><block type=\"math_number\"><field name=\"NUM\">0.5</field></block></value></block></value><value name=\"y\"><block type=\"coord_y\"/></value><value name=\"z\"><block type=\"math_dual_ops\"><field name=\"OP\">ADD</field><value name=\"A\"><block type=\"coord_z\"/></value><value name=\"B\"><block type=\"math_number\"><field name=\"NUM\">0.5</field></block></value></block></value><next><block collapsed=\"true\" type=\"controls_if\"><value name=\"IF0\"><block type=\"text_binary_ops\"><value name=\"A\"><block type=\"block_nbt_text_get\"><value name=\"tagName\"><block type=\"text\"><field name=\"TEXT\">size</field></block></value><value name=\"x\"><block type=\"coord_x\"/></value><value name=\"y\"><block type=\"coord_y\"/></value><value name=\"z\"><block type=\"coord_z\"/></value></block></value><value name=\"B\"><block type=\"text\"><field name=\"TEXT\">5x2</field></block></value></block></value><statement name=\"DO0\"><block type=\"execute_command\"><value name=\"command\"><block type=\"text_join\"><mutation items=\"3\"/><value name=\"ADD0\"><block type=\"text_join\"><mutation items=\"3\"/><value name=\"ADD0\"><block collapsed=\"true\" type=\"text_join\"><mutation items=\"3\"/><value name=\"ADD0\"><block type=\"text\"><field name=\"TEXT\">execute at @e[name=SKYWIZA-quest_board_</field></block></value><value name=\"ADD1\"><block type=\"block_nbt_text_get\"><value name=\"tagName\"><block type=\"text\"><field name=\"TEXT\">name</field></block></value><value name=\"x\"><block type=\"coord_x\"/></value><value name=\"y\"><block type=\"coord_y\"/></value><value name=\"z\"><block type=\"coord_z\"/></value></block></value><value name=\"ADD2\"><block type=\"text\"><field name=\"TEXT\">,limit=1,sort=nearest] run summon armor_stand </field></block></value></block></value><value name=\"ADD1\"><block type=\"text\"><field name=\"TEXT\">^1.65 ^-0.25 ^0.21</field></block></value><value name=\"ADD2\"><block type=\"text\"><field name=\"TEXT\"> {CustomName:'{\"text\":\"SKYWIZA-quest_board_paper\"}',Tags:[\"LOTW-ally\",\"SKYWIZA\",\"SKYWIZA-quest_board\"],Invisible:1b,NoGravity:1b,ShowArms:1b,Pose:{RightArm:[-90f,-90f,0f]},HandItems:[{},{}],Rotation:[</field></block></value></block></value><value name=\"ADD1\"><block type=\"variables_get_string\"><mutation xmlns=\"http://www.w3.org/1999/xhtml\" has_entity=\"false\" is_player_var=\"false\"/><field name=\"VAR\">local:direction</field></block></value><value name=\"ADD2\"><block type=\"text\"><field name=\"TEXT\">f]}</field></block></value></block></value><value name=\"x\"><block type=\"math_dual_ops\"><field name=\"OP\">ADD</field><value name=\"A\"><block type=\"coord_x\"/></value><value name=\"B\"><block type=\"math_number\"><field name=\"NUM\">0.5</field></block></value></block></value><value name=\"y\"><block type=\"coord_y\"/></value><value name=\"z\"><block type=\"math_dual_ops\"><field name=\"OP\">ADD</field><value name=\"A\"><block type=\"coord_z\"/></value><value name=\"B\"><block type=\"math_number\"><field name=\"NUM\">0.5</field></block></value></block></value><next><block type=\"execute_command\"><value name=\"command\"><block type=\"text_join\"><mutation items=\"3\"/><value name=\"ADD0\"><block type=\"text_join\"><mutation items=\"3\"/><value name=\"ADD0\"><block collapsed=\"true\" type=\"text_join\"><mutation items=\"3\"/><value name=\"ADD0\"><block type=\"text\"><field name=\"TEXT\">execute at @e[name=SKYWIZA-quest_board_</field></block></value><value name=\"ADD1\"><block type=\"block_nbt_text_get\"><value name=\"tagName\"><block type=\"text\"><field name=\"TEXT\">name</field></block></value><value name=\"x\"><block type=\"coord_x\"/></value><value name=\"y\"><block type=\"coord_y\"/></value><value name=\"z\"><block type=\"coord_z\"/></value></block></value><value name=\"ADD2\"><block type=\"text\"><field name=\"TEXT\">,limit=1,sort=nearest] run summon armor_stand </field></block></value></block></value><value name=\"ADD1\"><block type=\"text\"><field name=\"TEXT\">^-1.65 ^-0.25 ^0.21</field></block></value><value name=\"ADD2\"><block type=\"text\"><field name=\"TEXT\"> {CustomName:'{\"text\":\"SKYWIZA-quest_board_paper\"}',Tags:[\"LOTW-ally\",\"SKYWIZA\",\"SKYWIZA-quest_board\"],Invisible:1b,NoGravity:1b,ShowArms:1b,Pose:{RightArm:[-90f,-90f,0f]},HandItems:[{},{}],Rotation:[</field></block></value></block></value><value name=\"ADD1\"><block type=\"variables_get_string\"><mutation xmlns=\"http://www.w3.org/1999/xhtml\" has_entity=\"false\" is_player_var=\"false\"/><field name=\"VAR\">local:direction</field></block></value><value name=\"ADD2\"><block type=\"text\"><field name=\"TEXT\">f]}</field></block></value></block></value><value name=\"x\"><block type=\"math_dual_ops\"><field name=\"OP\">ADD</field><value name=\"A\"><block type=\"coord_x\"/></value><value name=\"B\"><block type=\"math_number\"><field name=\"NUM\">0.5</field></block></value></block></value><value name=\"y\"><block type=\"coord_y\"/></value><value name=\"z\"><block type=\"math_dual_ops\"><field name=\"OP\">ADD</field><value name=\"A\"><block type=\"coord_z\"/></value><value name=\"B\"><block type=\"math_number\"><field name=\"NUM\">0.5</field></block></value></block></value><next><block type=\"execute_command\"><value name=\"command\"><block type=\"text_join\"><mutation items=\"3\"/><value name=\"ADD0\"><block type=\"text_join\"><mutation items=\"3\"/><value name=\"ADD0\"><block collapsed=\"true\" type=\"text_join\"><mutation items=\"3\"/><value name=\"ADD0\"><block type=\"text\"><field name=\"TEXT\">execute at @e[name=SKYWIZA-quest_board_</field></block></value><value name=\"ADD1\"><block type=\"block_nbt_text_get\"><value name=\"tagName\"><block type=\"text\"><field name=\"TEXT\">name</field></block></value><value name=\"x\"><block type=\"coord_x\"/></value><value name=\"y\"><block type=\"coord_y\"/></value><value name=\"z\"><block type=\"coord_z\"/></value></block></value><value name=\"ADD2\"><block type=\"text\"><field name=\"TEXT\">,limit=1,sort=nearest] run summon armor_stand </field></block></value></block></value><value name=\"ADD1\"><block type=\"text\"><field name=\"TEXT\">^2.2 ^-0.25 ^0.21</field></block></value><value name=\"ADD2\"><block type=\"text\"><field name=\"TEXT\"> {CustomName:'{\"text\":\"SKYWIZA-quest_board_paper\"}',Tags:[\"LOTW-ally\",\"SKYWIZA\",\"SKYWIZA-quest_board\"],Invisible:1b,NoGravity:1b,ShowArms:1b,Pose:{RightArm:[-90f,-90f,0f]},HandItems:[{},{}],Rotation:[</field></block></value></block></value><value name=\"ADD1\"><block type=\"variables_get_string\"><mutation xmlns=\"http://www.w3.org/1999/xhtml\" has_entity=\"false\" is_player_var=\"false\"/><field name=\"VAR\">local:direction</field></block></value><value name=\"ADD2\"><block type=\"text\"><field name=\"TEXT\">f]}</field></block></value></block></value><value name=\"x\"><block type=\"math_dual_ops\"><field name=\"OP\">ADD</field><value name=\"A\"><block type=\"coord_x\"/></value><value name=\"B\"><block type=\"math_number\"><field name=\"NUM\">0.5</field></block></value></block></value><value name=\"y\"><block type=\"coord_y\"/></value><value name=\"z\"><block type=\"math_dual_ops\"><field name=\"OP\">ADD</field><value name=\"A\"><block type=\"coord_z\"/></value><value name=\"B\"><block type=\"math_number\"><field name=\"NUM\">0.5</field></block></value></block></value><next><block type=\"execute_command\"><value name=\"command\"><block type=\"text_join\"><mutation items=\"3\"/><value name=\"ADD0\"><block type=\"text_join\"><mutation items=\"3\"/><value name=\"ADD0\"><block collapsed=\"true\" type=\"text_join\"><mutation items=\"3\"/><value name=\"ADD0\"><block type=\"text\"><field name=\"TEXT\">execute at @e[name=SKYWIZA-quest_board_</field></block></value><value name=\"ADD1\"><block type=\"block_nbt_text_get\"><value name=\"tagName\"><block type=\"text\"><field name=\"TEXT\">name</field></block></value><value name=\"x\"><block type=\"coord_x\"/></value><value name=\"y\"><block type=\"coord_y\"/></value><value name=\"z\"><block type=\"coord_z\"/></value></block></value><value name=\"ADD2\"><block type=\"text\"><field name=\"TEXT\">,limit=1,sort=nearest] run summon armor_stand </field></block></value></block></value><value name=\"ADD1\"><block type=\"text\"><field name=\"TEXT\">^-2.2 ^-0.25 ^0.21</field></block></value><value name=\"ADD2\"><block type=\"text\"><field name=\"TEXT\"> {CustomName:'{\"text\":\"SKYWIZA-quest_board_paper\"}',Tags:[\"LOTW-ally\",\"SKYWIZA\",\"SKYWIZA-quest_board\"],Invisible:1b,NoGravity:1b,ShowArms:1b,Pose:{RightArm:[-90f,-90f,0f]},HandItems:[{},{}],Rotation:[</field></block></value></block></value><value name=\"ADD1\"><block type=\"variables_get_string\"><mutation xmlns=\"http://www.w3.org/1999/xhtml\" has_entity=\"false\" is_player_var=\"false\"/><field name=\"VAR\">local:direction</field></block></value><value name=\"ADD2\"><block type=\"text\"><field name=\"TEXT\">f]}</field></block></value></block></value><value name=\"x\"><block type=\"math_dual_ops\"><field name=\"OP\">ADD</field><value name=\"A\"><block type=\"coord_x\"/></value><value name=\"B\"><block type=\"math_number\"><field name=\"NUM\">0.5</field></block></value></block></value><value name=\"y\"><block type=\"coord_y\"/></value><value name=\"z\"><block type=\"math_dual_ops\"><field name=\"OP\">ADD</field><value name=\"A\"><block type=\"coord_z\"/></value><value name=\"B\"><block type=\"math_number\"><field name=\"NUM\">0.5</field></block></value></block></value></block></next></block></next></block></next></block></statement></block></next></block></next></block></next></block></next></block></next></block></statement><next><block collapsed=\"true\" type=\"controls_if\"><value name=\"IF0\"><block type=\"logic_boolean\"><field name=\"BOOL\">TRUE</field></block></value><statement name=\"DO0\"><block type=\"execute_command\"><value name=\"command\"><block type=\"text_join\"><mutation items=\"3\"/><value name=\"ADD0\"><block type=\"text_join\"><mutation items=\"3\"/><value name=\"ADD0\"><block collapsed=\"true\" type=\"text_join\"><mutation items=\"3\"/><value name=\"ADD0\"><block type=\"text\"><field name=\"TEXT\">execute at @e[name=SKYWIZA-quest_board_</field></block></value><value name=\"ADD1\"><block type=\"block_nbt_text_get\"><value name=\"tagName\"><block type=\"text\"><field name=\"TEXT\">name</field></block></value><value name=\"x\"><block type=\"coord_x\"/></value><value name=\"y\"><block type=\"coord_y\"/></value><value name=\"z\"><block type=\"coord_z\"/></value></block></value><value name=\"ADD2\"><block type=\"text\"><field name=\"TEXT\">,limit=1,sort=nearest] run summon armor_stand </field></block></value></block></value><value name=\"ADD1\"><block type=\"text\"><field name=\"TEXT\">^0.825 ^0.05 ^0.22</field></block></value><value name=\"ADD2\"><block type=\"text\"><field name=\"TEXT\"> {CustomName:'{\"text\":\"SKYWIZA-quest_board_paper\"}',Tags:[\"LOTW-ally\",\"SKYWIZA\",\"SKYWIZA-quest_board\"],Invisible:1b,NoGravity:1b,ShowArms:1b,Pose:{RightArm:[-90f,-90f,0f]},HandItems:[{},{}],Rotation:[</field></block></value></block></value><value name=\"ADD1\"><block type=\"variables_get_string\"><mutation xmlns=\"http://www.w3.org/1999/xhtml\" has_entity=\"false\" is_player_var=\"false\"/><field name=\"VAR\">local:direction</field></block></value><value name=\"ADD2\"><block type=\"text\"><field name=\"TEXT\">f]}</field></block></value></block></value><value name=\"x\"><block type=\"math_dual_ops\"><field name=\"OP\">ADD</field><value name=\"A\"><block type=\"coord_x\"/></value><value name=\"B\"><block type=\"math_number\"><field name=\"NUM\">0.5</field></block></value></block></value><value name=\"y\"><block type=\"coord_y\"/></value><value name=\"z\"><block type=\"math_dual_ops\"><field name=\"OP\">ADD</field><value name=\"A\"><block type=\"coord_z\"/></value><value name=\"B\"><block type=\"math_number\"><field name=\"NUM\">0.5</field></block></value></block></value><next><block type=\"execute_command\"><value name=\"command\"><block type=\"text_join\"><mutation items=\"3\"/><value name=\"ADD0\"><block type=\"text_join\"><mutation items=\"3\"/><value name=\"ADD0\"><block collapsed=\"true\" type=\"text_join\"><mutation items=\"3\"/><value name=\"ADD0\"><block type=\"text\"><field name=\"TEXT\">execute at @e[name=SKYWIZA-quest_board_</field></block></value><value name=\"ADD1\"><block type=\"block_nbt_text_get\"><value name=\"tagName\"><block type=\"text\"><field name=\"TEXT\">name</field></block></value><value name=\"x\"><block type=\"coord_x\"/></value><value name=\"y\"><block type=\"coord_y\"/></value><value name=\"z\"><block type=\"coord_z\"/></value></block></value><value name=\"ADD2\"><block type=\"text\"><field name=\"TEXT\">,limit=1,sort=nearest] run summon armor_stand </field></block></value></block></value><value name=\"ADD1\"><block type=\"text\"><field name=\"TEXT\">^-0.825 ^0.05 ^0.22</field></block></value><value name=\"ADD2\"><block type=\"text\"><field name=\"TEXT\"> {CustomName:'{\"text\":\"SKYWIZA-quest_board_paper\"}',Tags:[\"LOTW-ally\",\"SKYWIZA\",\"SKYWIZA-quest_board\"],Invisible:1b,NoGravity:1b,ShowArms:1b,Pose:{RightArm:[-90f,-90f,0f]},HandItems:[{},{}],Rotation:[</field></block></value></block></value><value name=\"ADD1\"><block type=\"variables_get_string\"><mutation xmlns=\"http://www.w3.org/1999/xhtml\" has_entity=\"false\" is_player_var=\"false\"/><field name=\"VAR\">local:direction</field></block></value><value name=\"ADD2\"><block type=\"text\"><field name=\"TEXT\">f]}</field></block></value></block></value><value name=\"x\"><block type=\"math_dual_ops\"><field name=\"OP\">ADD</field><value name=\"A\"><block type=\"coord_x\"/></value><value name=\"B\"><block type=\"math_number\"><field name=\"NUM\">0.5</field></block></value></block></value><value name=\"y\"><block type=\"coord_y\"/></value><value name=\"z\"><block type=\"math_dual_ops\"><field name=\"OP\">ADD</field><value name=\"A\"><block type=\"coord_z\"/></value><value name=\"B\"><block type=\"math_number\"><field name=\"NUM\">0.5</field></block></value></block></value><next><block type=\"execute_command\"><value name=\"command\"><block type=\"text_join\"><mutation items=\"3\"/><value name=\"ADD0\"><block type=\"text_join\"><mutation items=\"3\"/><value name=\"ADD0\"><block collapsed=\"true\" type=\"text_join\"><mutation items=\"3\"/><value name=\"ADD0\"><block type=\"text\"><field name=\"TEXT\">execute at @e[name=SKYWIZA-quest_board_</field></block></value><value name=\"ADD1\"><block type=\"block_nbt_text_get\"><value name=\"tagName\"><block type=\"text\"><field name=\"TEXT\">name</field></block></value><value name=\"x\"><block type=\"coord_x\"/></value><value name=\"y\"><block type=\"coord_y\"/></value><value name=\"z\"><block type=\"coord_z\"/></value></block></value><value name=\"ADD2\"><block type=\"text\"><field name=\"TEXT\">,limit=1,sort=nearest] run summon armor_stand </field></block></value></block></value><value name=\"ADD1\"><block type=\"text\"><field name=\"TEXT\">^0.275 ^0.05 ^0.22</field></block></value><value name=\"ADD2\"><block type=\"text\"><field name=\"TEXT\"> {CustomName:'{\"text\":\"SKYWIZA-quest_board_paper\"}',Tags:[\"LOTW-ally\",\"SKYWIZA\",\"SKYWIZA-quest_board\"],Invisible:1b,NoGravity:1b,ShowArms:1b,Pose:{RightArm:[-90f,-90f,0f]},HandItems:[{},{}],Rotation:[</field></block></value></block></value><value name=\"ADD1\"><block type=\"variables_get_string\"><mutation xmlns=\"http://www.w3.org/1999/xhtml\" has_entity=\"false\" is_player_var=\"false\"/><field name=\"VAR\">local:direction</field></block></value><value name=\"ADD2\"><block type=\"text\"><field name=\"TEXT\">f]}</field></block></value></block></value><value name=\"x\"><block type=\"math_dual_ops\"><field name=\"OP\">ADD</field><value name=\"A\"><block type=\"coord_x\"/></value><value name=\"B\"><block type=\"math_number\"><field name=\"NUM\">0.5</field></block></value></block></value><value name=\"y\"><block type=\"coord_y\"/></value><value name=\"z\"><block type=\"math_dual_ops\"><field name=\"OP\">ADD</field><value name=\"A\"><block type=\"coord_z\"/></value><value name=\"B\"><block type=\"math_number\"><field name=\"NUM\">0.5</field></block></value></block></value><next><block type=\"execute_command\"><value name=\"command\"><block type=\"text_join\"><mutation items=\"3\"/><value name=\"ADD0\"><block type=\"text_join\"><mutation items=\"3\"/><value name=\"ADD0\"><block collapsed=\"true\" type=\"text_join\"><mutation items=\"3\"/><value name=\"ADD0\"><block type=\"text\"><field name=\"TEXT\">execute at @e[name=SKYWIZA-quest_board_</field></block></value><value name=\"ADD1\"><block type=\"block_nbt_text_get\"><value name=\"tagName\"><block type=\"text\"><field name=\"TEXT\">name</field></block></value><value name=\"x\"><block type=\"coord_x\"/></value><value name=\"y\"><block type=\"coord_y\"/></value><value name=\"z\"><block type=\"coord_z\"/></value></block></value><value name=\"ADD2\"><block type=\"text\"><field name=\"TEXT\">,limit=1,sort=nearest] run summon armor_stand </field></block></value></block></value><value name=\"ADD1\"><block type=\"text\"><field name=\"TEXT\">^-0.275 ^0.05 ^0.22</field></block></value><value name=\"ADD2\"><block type=\"text\"><field name=\"TEXT\"> {CustomName:'{\"text\":\"SKYWIZA-quest_board_paper\"}',Tags:[\"LOTW-ally\",\"SKYWIZA\",\"SKYWIZA-quest_board\"],Invisible:1b,NoGravity:1b,ShowArms:1b,Pose:{RightArm:[-90f,-90f,0f]},HandItems:[{},{}],Rotation:[</field></block></value></block></value><value name=\"ADD1\"><block type=\"variables_get_string\"><mutation xmlns=\"http://www.w3.org/1999/xhtml\" has_entity=\"false\" is_player_var=\"false\"/><field name=\"VAR\">local:direction</field></block></value><value name=\"ADD2\"><block type=\"text\"><field name=\"TEXT\">f]}</field></block></value></block></value><value name=\"x\"><block type=\"math_dual_ops\"><field name=\"OP\">ADD</field><value name=\"A\"><block type=\"coord_x\"/></value><value name=\"B\"><block type=\"math_number\"><field name=\"NUM\">0.5</field></block></value></block></value><value name=\"y\"><block type=\"coord_y\"/></value><value name=\"z\"><block type=\"math_dual_ops\"><field name=\"OP\">ADD</field><value name=\"A\"><block type=\"coord_z\"/></value><value name=\"B\"><block type=\"math_number\"><field name=\"NUM\">0.5</field></block></value></block></value><next><block collapsed=\"true\" type=\"controls_if\"><value name=\"IF0\"><block type=\"text_binary_ops\"><value name=\"A\"><block type=\"block_nbt_text_get\"><value name=\"tagName\"><block type=\"text\"><field name=\"TEXT\">size</field></block></value><value name=\"x\"><block type=\"coord_x\"/></value><value name=\"y\"><block type=\"coord_y\"/></value><value name=\"z\"><block type=\"coord_z\"/></value></block></value><value name=\"B\"><block type=\"text\"><field name=\"TEXT\">5x2</field></block></value></block></value><statement name=\"DO0\"><block type=\"execute_command\"><value name=\"command\"><block type=\"text_join\"><mutation items=\"3\"/><value name=\"ADD0\"><block type=\"text_join\"><mutation items=\"3\"/><value name=\"ADD0\"><block collapsed=\"true\" type=\"text_join\"><mutation items=\"3\"/><value name=\"ADD0\"><block type=\"text\"><field name=\"TEXT\">execute at @e[name=SKYWIZA-quest_board_</field></block></value><value name=\"ADD1\"><block type=\"block_nbt_text_get\"><value name=\"tagName\"><block type=\"text\"><field name=\"TEXT\">name</field></block></value><value name=\"x\"><block type=\"coord_x\"/></value><value name=\"y\"><block type=\"coord_y\"/></value><value name=\"z\"><block type=\"coord_z\"/></value></block></value><value name=\"ADD2\"><block type=\"text\"><field name=\"TEXT\">,limit=1,sort=nearest] run summon armor_stand </field></block></value></block></value><value name=\"ADD1\"><block type=\"text\"><field name=\"TEXT\">^1.925 ^0.05 ^0.22</field></block></value><value name=\"ADD2\"><block type=\"text\"><field name=\"TEXT\"> {CustomName:'{\"text\":\"SKYWIZA-quest_board_paper\"}',Tags:[\"LOTW-ally\",\"SKYWIZA\",\"SKYWIZA-quest_board\"],Invisible:1b,NoGravity:1b,ShowArms:1b,Pose:{RightArm:[-90f,-90f,0f]},HandItems:[{},{}],Rotation:[</field></block></value></block></value><value name=\"ADD1\"><block type=\"variables_get_string\"><mutation xmlns=\"http://www.w3.org/1999/xhtml\" has_entity=\"false\" is_player_var=\"false\"/><field name=\"VAR\">local:direction</field></block></value><value name=\"ADD2\"><block type=\"text\"><field name=\"TEXT\">f]}</field></block></value></block></value><value name=\"x\"><block type=\"math_dual_ops\"><field name=\"OP\">ADD</field><value name=\"A\"><block type=\"coord_x\"/></value><value name=\"B\"><block type=\"math_number\"><field name=\"NUM\">0.5</field></block></value></block></value><value name=\"y\"><block type=\"coord_y\"/></value><value name=\"z\"><block type=\"math_dual_ops\"><field name=\"OP\">ADD</field><value name=\"A\"><block type=\"coord_z\"/></value><value name=\"B\"><block type=\"math_number\"><field name=\"NUM\">0.5</field></block></value></block></value><next><block type=\"execute_command\"><value name=\"command\"><block type=\"text_join\"><mutation items=\"3\"/><value name=\"ADD0\"><block type=\"text_join\"><mutation items=\"3\"/><value name=\"ADD0\"><block collapsed=\"true\" type=\"text_join\"><mutation items=\"3\"/><value name=\"ADD0\"><block type=\"text\"><field name=\"TEXT\">execute at @e[name=SKYWIZA-quest_board_</field></block></value><value name=\"ADD1\"><block type=\"block_nbt_text_get\"><value name=\"tagName\"><block type=\"text\"><field name=\"TEXT\">name</field></block></value><value name=\"x\"><block type=\"coord_x\"/></value><value name=\"y\"><block type=\"coord_y\"/></value><value name=\"z\"><block type=\"coord_z\"/></value></block></value><value name=\"ADD2\"><block type=\"text\"><field name=\"TEXT\">,limit=1,sort=nearest] run summon armor_stand </field></block></value></block></value><value name=\"ADD1\"><block type=\"text\"><field name=\"TEXT\">^-1.925 ^0.05 ^0.22</field></block></value><value name=\"ADD2\"><block type=\"text\"><field name=\"TEXT\"> {CustomName:'{\"text\":\"SKYWIZA-quest_board_paper\"}',Tags:[\"LOTW-ally\",\"SKYWIZA\",\"SKYWIZA-quest_board\"],Invisible:1b,NoGravity:1b,ShowArms:1b,Pose:{RightArm:[-90f,-90f,0f]},HandItems:[{},{}],Rotation:[</field></block></value></block></value><value name=\"ADD1\"><block type=\"variables_get_string\"><mutation xmlns=\"http://www.w3.org/1999/xhtml\" has_entity=\"false\" is_player_var=\"false\"/><field name=\"VAR\">local:direction</field></block></value><value name=\"ADD2\"><block type=\"text\"><field name=\"TEXT\">f]}</field></block></value></block></value><value name=\"x\"><block type=\"math_dual_ops\"><field name=\"OP\">ADD</field><value name=\"A\"><block type=\"coord_x\"/></value><value name=\"B\"><block type=\"math_number\"><field name=\"NUM\">0.5</field></block></value></block></value><value name=\"y\"><block type=\"coord_y\"/></value><value name=\"z\"><block type=\"math_dual_ops\"><field name=\"OP\">ADD</field><value name=\"A\"><block type=\"coord_z\"/></value><value name=\"B\"><block type=\"math_number\"><field name=\"NUM\">0.5</field></block></value></block></value><next><block type=\"execute_command\"><value name=\"command\"><block type=\"text_join\"><mutation items=\"3\"/><value name=\"ADD0\"><block type=\"text_join\"><mutation items=\"3\"/><value name=\"ADD0\"><block collapsed=\"true\" type=\"text_join\"><mutation items=\"3\"/><value name=\"ADD0\"><block type=\"text\"><field name=\"TEXT\">execute at @e[name=SKYWIZA-quest_board_</field></block></value><value name=\"ADD1\"><block type=\"block_nbt_text_get\"><value name=\"tagName\"><block type=\"text\"><field name=\"TEXT\">name</field></block></value><value name=\"x\"><block type=\"coord_x\"/></value><value name=\"y\"><block type=\"coord_y\"/></value><value name=\"z\"><block type=\"coord_z\"/></value></block></value><value name=\"ADD2\"><block type=\"text\"><field name=\"TEXT\">,limit=1,sort=nearest] run summon armor_stand </field></block></value></block></value><value name=\"ADD1\"><block type=\"text\"><field name=\"TEXT\">^1.375 ^0.05 ^0.22</field></block></value><value name=\"ADD2\"><block type=\"text\"><field name=\"TEXT\"> {CustomName:'{\"text\":\"SKYWIZA-quest_board_paper\"}',Tags:[\"LOTW-ally\",\"SKYWIZA\",\"SKYWIZA-quest_board\"],Invisible:1b,NoGravity:1b,ShowArms:1b,Pose:{RightArm:[-90f,-90f,0f]},HandItems:[{},{}],Rotation:[</field></block></value></block></value><value name=\"ADD1\"><block type=\"variables_get_string\"><mutation xmlns=\"http://www.w3.org/1999/xhtml\" has_entity=\"false\" is_player_var=\"false\"/><field name=\"VAR\">local:direction</field></block></value><value name=\"ADD2\"><block type=\"text\"><field name=\"TEXT\">f]}</field></block></value></block></value><value name=\"x\"><block type=\"math_dual_ops\"><field name=\"OP\">ADD</field><value name=\"A\"><block type=\"coord_x\"/></value><value name=\"B\"><block type=\"math_number\"><field name=\"NUM\">0.5</field></block></value></block></value><value name=\"y\"><block type=\"coord_y\"/></value><value name=\"z\"><block type=\"math_dual_ops\"><field name=\"OP\">ADD</field><value name=\"A\"><block type=\"coord_z\"/></value><value name=\"B\"><block type=\"math_number\"><field name=\"NUM\">0.5</field></block></value></block></value><next><block type=\"execute_command\"><value name=\"command\"><block type=\"text_join\"><mutation items=\"3\"/><value name=\"ADD0\"><block type=\"text_join\"><mutation items=\"3\"/><value name=\"ADD0\"><block collapsed=\"true\" type=\"text_join\"><mutation items=\"3\"/><value name=\"ADD0\"><block type=\"text\"><field name=\"TEXT\">execute at @e[name=SKYWIZA-quest_board_</field></block></value><value name=\"ADD1\"><block type=\"block_nbt_text_get\"><value name=\"tagName\"><block type=\"text\"><field name=\"TEXT\">name</field></block></value><value name=\"x\"><block type=\"coord_x\"/></value><value name=\"y\"><block type=\"coord_y\"/></value><value name=\"z\"><block type=\"coord_z\"/></value></block></value><value name=\"ADD2\"><block type=\"text\"><field name=\"TEXT\">,limit=1,sort=nearest] run summon armor_stand </field></block></value></block></value><value name=\"ADD1\"><block type=\"text\"><field name=\"TEXT\">^-1.375 ^0.05 ^0.22</field></block></value><value name=\"ADD2\"><block type=\"text\"><field name=\"TEXT\"> {CustomName:'{\"text\":\"SKYWIZA-quest_board_paper\"}',Tags:[\"LOTW-ally\",\"SKYWIZA\",\"SKYWIZA-quest_board\"],Invisible:1b,NoGravity:1b,ShowArms:1b,Pose:{RightArm:[-90f,-90f,0f]},HandItems:[{},{}],Rotation:[</field></block></value></block></value><value name=\"ADD1\"><block type=\"variables_get_string\"><mutation xmlns=\"http://www.w3.org/1999/xhtml\" has_entity=\"false\" is_player_var=\"false\"/><field name=\"VAR\">local:direction</field></block></value><value name=\"ADD2\"><block type=\"text\"><field name=\"TEXT\">f]}</field></block></value></block></value><value name=\"x\"><block type=\"math_dual_ops\"><field name=\"OP\">ADD</field><value name=\"A\"><block type=\"coord_x\"/></value><value name=\"B\"><block type=\"math_number\"><field name=\"NUM\">0.5</field></block></value></block></value><value name=\"y\"><block type=\"coord_y\"/></value><value name=\"z\"><block type=\"math_dual_ops\"><field name=\"OP\">ADD</field><value name=\"A\"><block type=\"coord_z\"/></value><value name=\"B\"><block type=\"math_number\"><field name=\"NUM\">0.5</field></block></value></block></value></block></next></block></next></block></next></block></statement></block></next></block></next></block></next></block></next></block></statement><next><block collapsed=\"true\" type=\"controls_if\"><value name=\"IF0\"><block type=\"logic_boolean\"><field name=\"BOOL\">TRUE</field></block></value><statement name=\"DO0\"><block type=\"execute_command\"><value name=\"command\"><block type=\"text_join\"><mutation items=\"3\"/><value name=\"ADD0\"><block type=\"text_join\"><mutation items=\"3\"/><value name=\"ADD0\"><block collapsed=\"true\" type=\"text_join\"><mutation items=\"3\"/><value name=\"ADD0\"><block type=\"text\"><field name=\"TEXT\">execute at @e[name=SKYWIZA-quest_board_</field></block></value><value name=\"ADD1\"><block type=\"block_nbt_text_get\"><value name=\"tagName\"><block type=\"text\"><field name=\"TEXT\">name</field></block></value><value name=\"x\"><block type=\"coord_x\"/></value><value name=\"y\"><block type=\"coord_y\"/></value><value name=\"z\"><block type=\"coord_z\"/></value></block></value><value name=\"ADD2\"><block type=\"text\"><field name=\"TEXT\">,limit=1,sort=nearest] run summon armor_stand </field></block></value></block></value><value name=\"ADD1\"><block type=\"text\"><field name=\"TEXT\">^ ^0.325 ^0.23</field></block></value><value name=\"ADD2\"><block type=\"text\"><field name=\"TEXT\"> {CustomName:'{\"text\":\"SKYWIZA-quest_board_paper\"}',Tags:[\"LOTW-ally\",\"SKYWIZA\",\"SKYWIZA-quest_board\"],Invisible:1b,NoGravity:1b,ShowArms:1b,Pose:{RightArm:[-90f,-90f,0f]},HandItems:[{},{}],Rotation:[</field></block></value></block></value><value name=\"ADD1\"><block type=\"variables_get_string\"><mutation xmlns=\"http://www.w3.org/1999/xhtml\" has_entity=\"false\" is_player_var=\"false\"/><field name=\"VAR\">local:direction</field></block></value><value name=\"ADD2\"><block type=\"text\"><field name=\"TEXT\">f]}</field></block></value></block></value><value name=\"x\"><block type=\"math_dual_ops\"><field name=\"OP\">ADD</field><value name=\"A\"><block type=\"coord_x\"/></value><value name=\"B\"><block type=\"math_number\"><field name=\"NUM\">0.5</field></block></value></block></value><value name=\"y\"><block type=\"coord_y\"/></value><value name=\"z\"><block type=\"math_dual_ops\"><field name=\"OP\">ADD</field><value name=\"A\"><block type=\"coord_z\"/></value><value name=\"B\"><block type=\"math_number\"><field name=\"NUM\">0.5</field></block></value></block></value><next><block type=\"execute_command\"><value name=\"command\"><block type=\"text_join\"><mutation items=\"3\"/><value name=\"ADD0\"><block type=\"text_join\"><mutation items=\"3\"/><value name=\"ADD0\"><block collapsed=\"true\" type=\"text_join\"><mutation items=\"3\"/><value name=\"ADD0\"><block type=\"text\"><field name=\"TEXT\">execute at @e[name=SKYWIZA-quest_board_</field></block></value><value name=\"ADD1\"><block type=\"block_nbt_text_get\"><value name=\"tagName\"><block type=\"text\"><field name=\"TEXT\">name</field></block></value><value name=\"x\"><block type=\"coord_x\"/></value><value name=\"y\"><block type=\"coord_y\"/></value><value name=\"z\"><block type=\"coord_z\"/></value></block></value><value name=\"ADD2\"><block type=\"text\"><field name=\"TEXT\">,limit=1,sort=nearest] run summon armor_stand </field></block></value></block></value><value name=\"ADD1\"><block type=\"text\"><field name=\"TEXT\">^0.55 ^0.325 ^0.23</field></block></value><value name=\"ADD2\"><block type=\"text\"><field name=\"TEXT\"> {CustomName:'{\"text\":\"SKYWIZA-quest_board_paper\"}',Tags:[\"LOTW-ally\",\"SKYWIZA\",\"SKYWIZA-quest_board\"],Invisible:1b,NoGravity:1b,ShowArms:1b,Pose:{RightArm:[-90f,-90f,0f]},HandItems:[{},{}],Rotation:[</field></block></value></block></value><value name=\"ADD1\"><block type=\"variables_get_string\"><mutation xmlns=\"http://www.w3.org/1999/xhtml\" has_entity=\"false\" is_player_var=\"false\"/><field name=\"VAR\">local:direction</field></block></value><value name=\"ADD2\"><block type=\"text\"><field name=\"TEXT\">f]}</field></block></value></block></value><value name=\"x\"><block type=\"math_dual_ops\"><field name=\"OP\">ADD</field><value name=\"A\"><block type=\"coord_x\"/></value><value name=\"B\"><block type=\"math_number\"><field name=\"NUM\">0.5</field></block></value></block></value><value name=\"y\"><block type=\"coord_y\"/></value><value name=\"z\"><block type=\"math_dual_ops\"><field name=\"OP\">ADD</field><value name=\"A\"><block type=\"coord_z\"/></value><value name=\"B\"><block type=\"math_number\"><field name=\"NUM\">0.5</field></block></value></block></value><next><block type=\"execute_command\"><value name=\"command\"><block type=\"text_join\"><mutation items=\"3\"/><value name=\"ADD0\"><block type=\"text_join\"><mutation items=\"3\"/><value name=\"ADD0\"><block collapsed=\"true\" type=\"text_join\"><mutation items=\"3\"/><value name=\"ADD0\"><block type=\"text\"><field name=\"TEXT\">execute at @e[name=SKYWIZA-quest_board_</field></block></value><value name=\"ADD1\"><block type=\"block_nbt_text_get\"><value name=\"tagName\"><block type=\"text\"><field name=\"TEXT\">name</field></block></value><value name=\"x\"><block type=\"coord_x\"/></value><value name=\"y\"><block type=\"coord_y\"/></value><value name=\"z\"><block type=\"coord_z\"/></value></block></value><value name=\"ADD2\"><block type=\"text\"><field name=\"TEXT\">,limit=1,sort=nearest] run summon armor_stand </field></block></value></block></value><value name=\"ADD1\"><block type=\"text\"><field name=\"TEXT\">^1.1 ^0.325 ^0.23</field></block></value><value name=\"ADD2\"><block type=\"text\"><field name=\"TEXT\"> {CustomName:'{\"text\":\"SKYWIZA-quest_board_paper\"}',Tags:[\"LOTW-ally\",\"SKYWIZA\",\"SKYWIZA-quest_board\"],Invisible:1b,NoGravity:1b,ShowArms:1b,Pose:{RightArm:[-90f,-90f,0f]},HandItems:[{},{}],Rotation:[</field></block></value></block></value><value name=\"ADD1\"><block type=\"variables_get_string\"><mutation xmlns=\"http://www.w3.org/1999/xhtml\" has_entity=\"false\" is_player_var=\"false\"/><field name=\"VAR\">local:direction</field></block></value><value name=\"ADD2\"><block type=\"text\"><field name=\"TEXT\">f]}</field></block></value></block></value><value name=\"x\"><block type=\"math_dual_ops\"><field name=\"OP\">ADD</field><value name=\"A\"><block type=\"coord_x\"/></value><value name=\"B\"><block type=\"math_number\"><field name=\"NUM\">0.5</field></block></value></block></value><value name=\"y\"><block type=\"coord_y\"/></value><value name=\"z\"><block type=\"math_dual_ops\"><field name=\"OP\">ADD</field><value name=\"A\"><block type=\"coord_z\"/></value><value name=\"B\"><block type=\"math_number\"><field name=\"NUM\">0.5</field></block></value></block></value><next><block type=\"execute_command\"><value name=\"command\"><block type=\"text_join\"><mutation items=\"3\"/><value name=\"ADD0\"><block type=\"text_join\"><mutation items=\"3\"/><value name=\"ADD0\"><block collapsed=\"true\" type=\"text_join\"><mutation items=\"3\"/><value name=\"ADD0\"><block type=\"text\"><field name=\"TEXT\">execute at @e[name=SKYWIZA-quest_board_</field></block></value><value name=\"ADD1\"><block type=\"block_nbt_text_get\"><value name=\"tagName\"><block type=\"text\"><field name=\"TEXT\">name</field></block></value><value name=\"x\"><block type=\"coord_x\"/></value><value name=\"y\"><block type=\"coord_y\"/></value><value name=\"z\"><block type=\"coord_z\"/></value></block></value><value name=\"ADD2\"><block type=\"text\"><field name=\"TEXT\">,limit=1,sort=nearest] run summon armor_stand </field></block></value></block></value><value name=\"ADD1\"><block type=\"text\"><field name=\"TEXT\">^-0.55 ^0.325 ^0.23</field></block></value><value name=\"ADD2\"><block type=\"text\"><field name=\"TEXT\"> {CustomName:'{\"text\":\"SKYWIZA-quest_board_paper\"}',Tags:[\"LOTW-ally\",\"SKYWIZA\",\"SKYWIZA-quest_board\"],Invisible:1b,NoGravity:1b,ShowArms:1b,Pose:{RightArm:[-90f,-90f,0f]},HandItems:[{},{}],Rotation:[</field></block></value></block></value><value name=\"ADD1\"><block type=\"variables_get_string\"><mutation xmlns=\"http://www.w3.org/1999/xhtml\" has_entity=\"false\" is_player_var=\"false\"/><field name=\"VAR\">local:direction</field></block></value><value name=\"ADD2\"><block type=\"text\"><field name=\"TEXT\">f]}</field></block></value></block></value><value name=\"x\"><block type=\"math_dual_ops\"><field name=\"OP\">ADD</field><value name=\"A\"><block type=\"coord_x\"/></value><value name=\"B\"><block type=\"math_number\"><field name=\"NUM\">0.5</field></block></value></block></value><value name=\"y\"><block type=\"coord_y\"/></value><value name=\"z\"><block type=\"math_dual_ops\"><field name=\"OP\">ADD</field><value name=\"A\"><block type=\"coord_z\"/></value><value name=\"B\"><block type=\"math_number\"><field name=\"NUM\">0.5</field></block></value></block></value><next><block type=\"execute_command\"><value name=\"command\"><block type=\"text_join\"><mutation items=\"3\"/><value name=\"ADD0\"><block type=\"text_join\"><mutation items=\"3\"/><value name=\"ADD0\"><block collapsed=\"true\" type=\"text_join\"><mutation items=\"3\"/><value name=\"ADD0\"><block type=\"text\"><field name=\"TEXT\">execute at @e[name=SKYWIZA-quest_board_</field></block></value><value name=\"ADD1\"><block type=\"block_nbt_text_get\"><value name=\"tagName\"><block type=\"text\"><field name=\"TEXT\">name</field></block></value><value name=\"x\"><block type=\"coord_x\"/></value><value name=\"y\"><block type=\"coord_y\"/></value><value name=\"z\"><block type=\"coord_z\"/></value></block></value><value name=\"ADD2\"><block type=\"text\"><field name=\"TEXT\">,limit=1,sort=nearest] run summon armor_stand </field></block></value></block></value><value name=\"ADD1\"><block type=\"text\"><field name=\"TEXT\">^-1.1 ^0.325 ^0.23</field></block></value><value name=\"ADD2\"><block type=\"text\"><field name=\"TEXT\"> {CustomName:'{\"text\":\"SKYWIZA-quest_board_paper\"}',Tags:[\"LOTW-ally\",\"SKYWIZA\",\"SKYWIZA-quest_board\"],Invisible:1b,NoGravity:1b,ShowArms:1b,Pose:{RightArm:[-90f,-90f,0f]},HandItems:[{},{}],Rotation:[</field></block></value></block></value><value name=\"ADD1\"><block type=\"variables_get_string\"><mutation xmlns=\"http://www.w3.org/1999/xhtml\" has_entity=\"false\" is_player_var=\"false\"/><field name=\"VAR\">local:direction</field></block></value><value name=\"ADD2\"><block type=\"text\"><field name=\"TEXT\">f]}</field></block></value></block></value><value name=\"x\"><block type=\"math_dual_ops\"><field name=\"OP\">ADD</field><value name=\"A\"><block type=\"coord_x\"/></value><value name=\"B\"><block type=\"math_number\"><field name=\"NUM\">0.5</field></block></value></block></value><value name=\"y\"><block type=\"coord_y\"/></value><value name=\"z\"><block type=\"math_dual_ops\"><field name=\"OP\">ADD</field><value name=\"A\"><block type=\"coord_z\"/></value><value name=\"B\"><block type=\"math_number\"><field name=\"NUM\">0.5</field></block></value></block></value><next><block collapsed=\"true\" type=\"controls_if\"><value name=\"IF0\"><block type=\"text_binary_ops\"><value name=\"A\"><block type=\"block_nbt_text_get\"><value name=\"tagName\"><block type=\"text\"><field name=\"TEXT\">size</field></block></value><value name=\"x\"><block type=\"coord_x\"/></value><value name=\"y\"><block type=\"coord_y\"/></value><value name=\"z\"><block type=\"coord_z\"/></value></block></value><value name=\"B\"><block type=\"text\"><field name=\"TEXT\">5x2</field></block></value></block></value><statement name=\"DO0\"><block type=\"execute_command\"><value name=\"command\"><block type=\"text_join\"><mutation items=\"3\"/><value name=\"ADD0\"><block type=\"text_join\"><mutation items=\"3\"/><value name=\"ADD0\"><block collapsed=\"true\" type=\"text_join\"><mutation items=\"3\"/><value name=\"ADD0\"><block type=\"text\"><field name=\"TEXT\">execute at @e[name=SKYWIZA-quest_board_</field></block></value><value name=\"ADD1\"><block type=\"block_nbt_text_get\"><value name=\"tagName\"><block type=\"text\"><field name=\"TEXT\">name</field></block></value><value name=\"x\"><block type=\"coord_x\"/></value><value name=\"y\"><block type=\"coord_y\"/></value><value name=\"z\"><block type=\"coord_z\"/></value></block></value><value name=\"ADD2\"><block type=\"text\"><field name=\"TEXT\">,limit=1,sort=nearest] run summon armor_stand </field></block></value></block></value><value name=\"ADD1\"><block type=\"text\"><field name=\"TEXT\">^1.65 ^0.325 ^0.21</field></block></value><value name=\"ADD2\"><block type=\"text\"><field name=\"TEXT\"> {CustomName:'{\"text\":\"SKYWIZA-quest_board_paper\"}',Tags:[\"LOTW-ally\",\"SKYWIZA\",\"SKYWIZA-quest_board\"],Invisible:1b,NoGravity:1b,ShowArms:1b,Pose:{RightArm:[-90f,-90f,0f]},HandItems:[{},{}],Rotation:[</field></block></value></block></value><value name=\"ADD1\"><block type=\"variables_get_string\"><mutation xmlns=\"http://www.w3.org/1999/xhtml\" has_entity=\"false\" is_player_var=\"false\"/><field name=\"VAR\">local:direction</field></block></value><value name=\"ADD2\"><block type=\"text\"><field name=\"TEXT\">f]}</field></block></value></block></value><value name=\"x\"><block type=\"math_dual_ops\"><field name=\"OP\">ADD</field><value name=\"A\"><block type=\"coord_x\"/></value><value name=\"B\"><block type=\"math_number\"><field name=\"NUM\">0.5</field></block></value></block></value><value name=\"y\"><block type=\"coord_y\"/></value><value name=\"z\"><block type=\"math_dual_ops\"><field name=\"OP\">ADD</field><value name=\"A\"><block type=\"coord_z\"/></value><value name=\"B\"><block type=\"math_number\"><field name=\"NUM\">0.5</field></block></value></block></value><next><block type=\"execute_command\"><value name=\"command\"><block type=\"text_join\"><mutation items=\"3\"/><value name=\"ADD0\"><block type=\"text_join\"><mutation items=\"3\"/><value name=\"ADD0\"><block collapsed=\"true\" type=\"text_join\"><mutation items=\"3\"/><value name=\"ADD0\"><block type=\"text\"><field name=\"TEXT\">execute at @e[name=SKYWIZA-quest_board_</field></block></value><value name=\"ADD1\"><block type=\"block_nbt_text_get\"><value name=\"tagName\"><block type=\"text\"><field name=\"TEXT\">name</field></block></value><value name=\"x\"><block type=\"coord_x\"/></value><value name=\"y\"><block type=\"coord_y\"/></value><value name=\"z\"><block type=\"coord_z\"/></value></block></value><value name=\"ADD2\"><block type=\"text\"><field name=\"TEXT\">,limit=1,sort=nearest] run summon armor_stand </field></block></value></block></value><value name=\"ADD1\"><block type=\"text\"><field name=\"TEXT\">^-1.65 ^0.325 ^0.21</field></block></value><value name=\"ADD2\"><block type=\"text\"><field name=\"TEXT\"> {CustomName:'{\"text\":\"SKYWIZA-quest_board_paper\"}',Tags:[\"LOTW-ally\",\"SKYWIZA\",\"SKYWIZA-quest_board\"],Invisible:1b,NoGravity:1b,ShowArms:1b,Pose:{RightArm:[-90f,-90f,0f]},HandItems:[{},{}],Rotation:[</field></block></value></block></value><value name=\"ADD1\"><block type=\"variables_get_string\"><mutation xmlns=\"http://www.w3.org/1999/xhtml\" has_entity=\"false\" is_player_var=\"false\"/><field name=\"VAR\">local:direction</field></block></value><value name=\"ADD2\"><block type=\"text\"><field name=\"TEXT\">f]}</field></block></value></block></value><value name=\"x\"><block type=\"math_dual_ops\"><field name=\"OP\">ADD</field><value name=\"A\"><block type=\"coord_x\"/></value><value name=\"B\"><block type=\"math_number\"><field name=\"NUM\">0.5</field></block></value></block></value><value name=\"y\"><block type=\"coord_y\"/></value><value name=\"z\"><block type=\"math_dual_ops\"><field name=\"OP\">ADD</field><value name=\"A\"><block type=\"coord_z\"/></value><value name=\"B\"><block type=\"math_number\"><field name=\"NUM\">0.5</field></block></value></block></value><next><block type=\"execute_command\"><value name=\"command\"><block type=\"text_join\"><mutation items=\"3\"/><value name=\"ADD0\"><block type=\"text_join\"><mutation items=\"3\"/><value name=\"ADD0\"><block collapsed=\"true\" type=\"text_join\"><mutation items=\"3\"/><value name=\"ADD0\"><block type=\"text\"><field name=\"TEXT\">execute at @e[name=SKYWIZA-quest_board_</field></block></value><value name=\"ADD1\"><block type=\"block_nbt_text_get\"><value name=\"tagName\"><block type=\"text\"><field name=\"TEXT\">name</field></block></value><value name=\"x\"><block type=\"coord_x\"/></value><value name=\"y\"><block type=\"coord_y\"/></value><value name=\"z\"><block type=\"coord_z\"/></value></block></value><value name=\"ADD2\"><block type=\"text\"><field name=\"TEXT\">,limit=1,sort=nearest] run summon armor_stand </field></block></value></block></value><value name=\"ADD1\"><block type=\"text\"><field name=\"TEXT\">^2.2 ^0.325 ^0.21</field></block></value><value name=\"ADD2\"><block type=\"text\"><field name=\"TEXT\"> {CustomName:'{\"text\":\"SKYWIZA-quest_board_paper\"}',Tags:[\"LOTW-ally\",\"SKYWIZA\",\"SKYWIZA-quest_board\"],Invisible:1b,NoGravity:1b,ShowArms:1b,Pose:{RightArm:[-90f,-90f,0f]},HandItems:[{},{}],Rotation:[</field></block></value></block></value><value name=\"ADD1\"><block type=\"variables_get_string\"><mutation xmlns=\"http://www.w3.org/1999/xhtml\" has_entity=\"false\" is_player_var=\"false\"/><field name=\"VAR\">local:direction</field></block></value><value name=\"ADD2\"><block type=\"text\"><field name=\"TEXT\">f]}</field></block></value></block></value><value name=\"x\"><block type=\"math_dual_ops\"><field name=\"OP\">ADD</field><value name=\"A\"><block type=\"coord_x\"/></value><value name=\"B\"><block type=\"math_number\"><field name=\"NUM\">0.5</field></block></value></block></value><value name=\"y\"><block type=\"coord_y\"/></value><value name=\"z\"><block type=\"math_dual_ops\"><field name=\"OP\">ADD</field><value name=\"A\"><block type=\"coord_z\"/></value><value name=\"B\"><block type=\"math_number\"><field name=\"NUM\">0.5</field></block></value></block></value><next><block type=\"execute_command\"><value name=\"command\"><block type=\"text_join\"><mutation items=\"3\"/><value name=\"ADD0\"><block type=\"text_join\"><mutation items=\"3\"/><value name=\"ADD0\"><block collapsed=\"true\" type=\"text_join\"><mutation items=\"3\"/><value name=\"ADD0\"><block type=\"text\"><field name=\"TEXT\">execute at @e[name=SKYWIZA-quest_board_</field></block></value><value name=\"ADD1\"><block type=\"block_nbt_text_get\"><value name=\"tagName\"><block type=\"text\"><field name=\"TEXT\">name</field></block></value><value name=\"x\"><block type=\"coord_x\"/></value><value name=\"y\"><block type=\"coord_y\"/></value><value name=\"z\"><block type=\"coord_z\"/></value></block></value><value name=\"ADD2\"><block type=\"text\"><field name=\"TEXT\">,limit=1,sort=nearest] run summon armor_stand </field></block></value></block></value><value name=\"ADD1\"><block type=\"text\"><field name=\"TEXT\">^-2.2 ^0.325 ^0.21</field></block></value><value name=\"ADD2\"><block type=\"text\"><field name=\"TEXT\"> {CustomName:'{\"text\":\"SKYWIZA-quest_board_paper\"}',Tags:[\"LOTW-ally\",\"SKYWIZA\",\"SKYWIZA-quest_board\"],Invisible:1b,NoGravity:1b,ShowArms:1b,Pose:{RightArm:[-90f,-90f,0f]},HandItems:[{},{}],Rotation:[</field></block></value></block></value><value name=\"ADD1\"><block type=\"variables_get_string\"><mutation xmlns=\"http://www.w3.org/1999/xhtml\" has_entity=\"false\" is_player_var=\"false\"/><field name=\"VAR\">local:direction</field></block></value><value name=\"ADD2\"><block type=\"text\"><field name=\"TEXT\">f]}</field></block></value></block></value><value name=\"x\"><block type=\"math_dual_ops\"><field name=\"OP\">ADD</field><value name=\"A\"><block type=\"coord_x\"/></value><value name=\"B\"><block type=\"math_number\"><field name=\"NUM\">0.5</field></block></value></block></value><value name=\"y\"><block type=\"coord_y\"/></value><value name=\"z\"><block type=\"math_dual_ops\"><field name=\"OP\">ADD</field><value name=\"A\"><block type=\"coord_z\"/></value><value name=\"B\"><block type=\"math_number\"><field name=\"NUM\">0.5</field></block></value></block></value></block></next></block></next></block></next></block></statement></block></next></block></next></block></next></block></next></block></next></block></statement></block></next></block></next></block></statement><next><block type=\"block_remove\"><value name=\"x\"><block type=\"coord_x\"/></value><value name=\"y\"><block type=\"coord_y\"/></value><value name=\"z\"><block type=\"coord_z\"/></value><next><block type=\"call_procedure\"><field name=\"procedure\">QuestBoardReset</field></block></next></block></next></block></next></block></next></block></xml>"
  }
}