{
  "_fv": 66,
  "_type": "procedure",
  "definition": {
    "procedurexml": "<xml xmlns=\"https://developers.google.com/blockly/xml\"><block type=\"event_trigger\" deletable=\"false\" x=\"88\" y=\"52\"><field name=\"trigger\">no_ext_trigger</field><next><block type=\"block_nbt_logic_set\"><value name=\"tagName\"><block type=\"text\"><field name=\"TEXT\">is_spawner</field></block></value><value name=\"x\"><block type=\"coord_x\"></block></value><value name=\"y\"><block type=\"coord_y\"></block></value><value name=\"z\"><block type=\"coord_z\"></block></value><value name=\"tagValue\"><block type=\"logic_boolean\"><field name=\"BOOL\">TRUE</field></block></value><next><block type=\"controls_if\"><value name=\"IF0\"><block type=\"logic_boolean\"><field name=\"BOOL\">TRUE</field></block></value><statement name=\"DO0\"><block type=\"execute_command\"><value name=\"command\"><block type=\"text_join\"><mutation items=\"5\"></mutation><value name=\"ADD0\"><block type=\"text\"><field name=\"TEXT\">summon armor_stand ~0.5 ~0.5 ~0.5 {NoGravity:1b,Invisible:1b,Marker:1b,Tags:[\"SKYWIZA\",\"SKYWIZA-spawner\",\"SKYWIZA-spawner_main\"],CustomName:'{\"text\":\"</field></block></value><value name=\"ADD1\"><block type=\"block_nbt_text_get\"><value name=\"tagName\"><block type=\"text\"><field name=\"TEXT\">name</field></block></value><value name=\"x\"><block type=\"coord_x\"></block></value><value name=\"y\"><block type=\"coord_y\"></block></value><value name=\"z\"><block type=\"coord_z\"></block></value></block></value><value name=\"ADD2\"><block type=\"text\"><field name=\"TEXT\">\",\"color\":\"</field></block></value><value name=\"ADD3\"><block type=\"block_nbt_text_get\"><value name=\"tagName\"><block type=\"text\"><field name=\"TEXT\">name_color</field></block></value><value name=\"x\"><block type=\"coord_x\"></block></value><value name=\"y\"><block type=\"coord_y\"></block></value><value name=\"z\"><block type=\"coord_z\"></block></value></block></value><value name=\"ADD4\"><block type=\"text\"><field name=\"TEXT\">\"}'}</field></block></value></block></value><value name=\"x\"><block type=\"coord_x\"></block></value><value name=\"y\"><block type=\"coord_y\"></block></value><value name=\"z\"><block type=\"coord_z\"></block></value><next><block type=\"execute_command\"><value name=\"command\"><block type=\"text\"><field name=\"TEXT\">summon armor_stand ~0.5 ~0.2 ~0.5 {NoGravity:1b,Invisible:1b,Marker:1b,Tags:[\"SKYWIZA\",\"SKYWIZA-spawner\",\"SKYWIZA-spawner_time\"],CustomName:'{\"text\":\"\"}'}</field></block></value><value name=\"x\"><block type=\"coord_x\"></block></value><value name=\"y\"><block type=\"coord_y\"></block></value><value name=\"z\"><block type=\"coord_z\"></block></value></block></next></block></statement><next><block type=\"execute_command\"><value name=\"command\"><block type=\"text\"><field name=\"TEXT\">execute positioned ~0.5 ~0.5 ~0.5 run data modify entity @e[tag=SKYWIZA-spawner_main,distance=..1,limit=1] ForgeData set from block ~ ~ ~ ForgeData</field></block></value><value name=\"x\"><block type=\"coord_x\"></block></value><value name=\"y\"><block type=\"coord_y\"></block></value><value name=\"z\"><block type=\"coord_z\"></block></value><next><block type=\"block_remove\"><value name=\"x\"><block type=\"coord_x\"></block></value><value name=\"y\"><block type=\"coord_y\"></block></value><value name=\"z\"><block type=\"coord_z\"></block></value></block></next></block></next></block></next></block></next></block></xml>"
  }
}