{
  "_fv": 66,
  "_type": "procedure",
  "definition": {
    "procedurexml": "<xml xmlns=\"https://developers.google.com/blockly/xml\"><variables><variable type=\"Number\" id=\"loop\">loop</variable><variable type=\"Number\" id=\"posX\">posX</variable><variable type=\"Number\" id=\"posY\">posY</variable><variable type=\"Number\" id=\"posZ\">posZ</variable><variable type=\"String\" id=\"command\">command</variable><variable type=\"String\" id=\"type\">type</variable><variable type=\"String\" id=\"name\">name</variable><variable type=\"Entity\" id=\"spawner\">spawner</variable></variables><block type=\"event_trigger\" deletable=\"false\" x=\"460\" y=\"587\"><field name=\"trigger\">no_ext_trigger</field><next><block type=\"controls_if\"><value name=\"IF0\"><block type=\"logic_boolean\"><field name=\"BOOL\">TRUE</field></block></value><statement name=\"DO0\"><block type=\"execute_command\"><value name=\"command\"><block type=\"text_join\"><mutation items=\"3\"></mutation><value name=\"ADD0\"><block type=\"text\"><field name=\"TEXT\">execute as @e[tag=SKYWIZA-spawner_mob,nbt={ForgeData:{spawner_id:\"</field></block></value><value name=\"ADD1\"><block type=\"entity_nbt_text_get\"><value name=\"entity\"><block type=\"entity_from_deps\"></block></value><value name=\"tagName\"><block type=\"text\"><field name=\"TEXT\">spawner_id</field></block></value></block></value><value name=\"ADD2\"><block type=\"text\"><field name=\"TEXT\">\"}}] at @s run data merge entity @s {HandDropChances:[0f,0f],ArmorDropChances:[0f,0f,0f,0f]}</field></block></value></block></value><value name=\"x\"><block type=\"coord_x\"></block></value><value name=\"y\"><block type=\"coord_y\"></block></value><value name=\"z\"><block type=\"coord_z\"></block></value><next><block type=\"execute_command\"><value name=\"command\"><block type=\"text_join\"><mutation items=\"3\"></mutation><value name=\"ADD0\"><block type=\"text\"><field name=\"TEXT\">execute as @e[tag=SKYWIZA-spawner_mob,nbt={ForgeData:{spawner_id:\"</field></block></value><value name=\"ADD1\"><block type=\"entity_nbt_text_get\"><value name=\"entity\"><block type=\"entity_from_deps\"></block></value><value name=\"tagName\"><block type=\"text\"><field name=\"TEXT\">spawner_id</field></block></value></block></value><value name=\"ADD2\"><block type=\"text\"><field name=\"TEXT\">\"}}] at @s run tp @s ~ -10000 ~</field></block></value></block></value><value name=\"x\"><block type=\"coord_x\"></block></value><value name=\"y\"><block type=\"coord_y\"></block></value><value name=\"z\"><block type=\"coord_z\"></block></value><next><block type=\"execute_command\"><value name=\"command\"><block type=\"text_join\"><mutation items=\"3\"></mutation><value name=\"ADD0\"><block type=\"text\"><field name=\"TEXT\">kill @e[tag=SKYWIZA-spawner_mob,nbt={ForgeData:{spawner_id:\"</field></block></value><value name=\"ADD1\"><block type=\"entity_nbt_text_get\"><value name=\"entity\"><block type=\"entity_from_deps\"></block></value><value name=\"tagName\"><block type=\"text\"><field name=\"TEXT\">spawner_id</field></block></value></block></value><value name=\"ADD2\"><block type=\"text\"><field name=\"TEXT\">\"}}]</field></block></value></block></value><value name=\"x\"><block type=\"coord_x\"></block></value><value name=\"y\"><block type=\"coord_y\"></block></value><value name=\"z\"><block type=\"coord_z\"></block></value></block></next></block></next></block></statement><next><block type=\"controls_repeat_ext\"><value name=\"TIMES\"><block type=\"entity_nbt_num_get\"><value name=\"entity\"><block type=\"entity_from_deps\"></block></value><value name=\"tagName\"><block type=\"text\"><field name=\"TEXT\">group_count</field></block></value></block></value><statement name=\"DO\"><block type=\"controls_if\"><value name=\"IF0\"><block type=\"logic_boolean\"><field name=\"BOOL\">TRUE</field></block></value><statement name=\"DO0\"><block type=\"controls_if\"><value name=\"IF0\"><block type=\"logic_binary_ops\"><field name=\"OP\">EQ</field><value name=\"A\"><block type=\"entity_nbt_logic_get\"><value name=\"entity\"><block type=\"entity_from_deps\"></block></value><value name=\"tagName\"><block type=\"text\"><field name=\"TEXT\">is_npc</field></block></value></block></value><value name=\"B\"><block type=\"logic_boolean\"><field name=\"BOOL\">FALSE</field></block></value></block></value><statement name=\"DO0\"><block type=\"variables_set_string\"><mutation xmlns=\"http://www.w3.org/1999/xhtml\" is_player_var=\"false\" has_entity=\"false\"></mutation><field name=\"VAR\">local:name</field><value name=\"VAL\"><block type=\"text_join\" inline=\"false\" collapsed=\"true\"><mutation items=\"5\"></mutation><value name=\"ADD0\"><block type=\"text\"><field name=\"TEXT\">CustomName:'{\"text\":\"</field></block></value><value name=\"ADD1\"><block type=\"entity_nbt_text_get\"><value name=\"entity\"><block type=\"entity_from_deps\"></block></value><value name=\"tagName\"><block type=\"text\"><field name=\"TEXT\">name</field></block></value></block></value><value name=\"ADD2\"><block type=\"text\"><field name=\"TEXT\">\",\"color\":\"</field></block></value><value name=\"ADD3\"><block type=\"entity_nbt_text_get\"><value name=\"entity\"><block type=\"entity_from_deps\"></block></value><value name=\"tagName\"><block type=\"text\"><field name=\"TEXT\">name_color</field></block></value></block></value><value name=\"ADD4\"><block type=\"text\"><field name=\"TEXT\">\"}',</field></block></value></block></value></block></statement><next><block type=\"variables_set_string\"><mutation xmlns=\"http://www.w3.org/1999/xhtml\" is_player_var=\"false\" has_entity=\"false\"></mutation><field name=\"VAR\">local:command</field><value name=\"VAL\"><block type=\"text_join\" inline=\"false\"><mutation items=\"11\"></mutation><value name=\"ADD0\"><block type=\"text\"><field name=\"TEXT\">summon </field></block></value><value name=\"ADD1\"><block type=\"entity_nbt_text_get\"><value name=\"entity\"><block type=\"entity_from_deps\"></block></value><value name=\"tagName\"><block type=\"text\"><field name=\"TEXT\">entity_id</field></block></value></block></value><value name=\"ADD2\"><block type=\"text\"><field name=\"TEXT\"> ~ ~ ~ {Tags:[\"SKYWIZA\",\"SKYWIZA-spawner\",\"SKYWIZA-spawner_mob\"],DeathLootTable:\"minecraft:empty\",PersistenceRequired:1b,Attributes:[{Name:\"minecraft:generic.follow_range\",Base:200d},{Name:\"minecraft:generic.max_health\",Base:</field></block></value><value name=\"ADD3\"><block type=\"entity_nbt_num_get\"><value name=\"entity\"><block type=\"entity_from_deps\"></block></value><value name=\"tagName\"><block type=\"text\"><field name=\"TEXT\">max_health</field></block></value></block></value><value name=\"ADD4\"><block type=\"text\"><field name=\"TEXT\">}</field></block></value><value name=\"ADD5\"><block type=\"entity_nbt_text_get\"><value name=\"entity\"><block type=\"entity_from_deps\"></block></value><value name=\"tagName\"><block type=\"text\"><field name=\"TEXT\">attribute_extra</field></block></value></block></value><value name=\"ADD6\"><block type=\"text\"><field name=\"TEXT\">],</field></block></value><value name=\"ADD7\"><block type=\"variables_get_string\"><mutation xmlns=\"http://www.w3.org/1999/xhtml\" is_player_var=\"false\" has_entity=\"false\"></mutation><field name=\"VAR\">local:name</field></block></value><value name=\"ADD8\"><block type=\"text\"><field name=\"TEXT\">ForgeData:{spawner_id:\"</field></block></value><value name=\"ADD9\"><block type=\"entity_nbt_text_get\"><value name=\"entity\"><block type=\"entity_from_deps\"></block></value><value name=\"tagName\"><block type=\"text\"><field name=\"TEXT\">spawner_id</field></block></value></block></value><value name=\"ADD10\"><block type=\"text\"><field name=\"TEXT\">\",respawn:1b}</field></block></value></block></value><next><block type=\"variables_set_number\"><mutation xmlns=\"http://www.w3.org/1999/xhtml\" is_player_var=\"false\" has_entity=\"false\"></mutation><field name=\"VAR\">local:loop</field><value name=\"VAL\"><block type=\"math_number\"><field name=\"NUM\">1</field></block></value><next><block type=\"controls_repeat_ext\" inline=\"true\" collapsed=\"true\"><value name=\"TIMES\"><block type=\"math_number\"><field name=\"NUM\">20</field></block></value><statement name=\"DO\"><block type=\"variables_set_string\"><mutation xmlns=\"http://www.w3.org/1999/xhtml\" is_player_var=\"false\" has_entity=\"false\"></mutation><field name=\"VAR\">local:type</field><value name=\"VAL\"><block type=\"text\"><field name=\"TEXT\"></field></block></value><next><block type=\"controls_if\"><value name=\"IF0\"><block type=\"logic_boolean\"><field name=\"BOOL\">TRUE</field></block></value><statement name=\"DO0\"><block type=\"controls_if\"><value name=\"IF0\"><block type=\"math_binary_ops\"><field name=\"OP\">EQ</field><value name=\"A\"><block type=\"variables_get_number\"><mutation xmlns=\"http://www.w3.org/1999/xhtml\" is_player_var=\"false\" has_entity=\"false\"></mutation><field name=\"VAR\">local:loop</field></block></value><value name=\"B\"><block type=\"math_number\"><field name=\"NUM\">1</field></block></value></block></value><statement name=\"DO0\"><block type=\"variables_set_string\"><mutation xmlns=\"http://www.w3.org/1999/xhtml\" is_player_var=\"false\" has_entity=\"false\"></mutation><field name=\"VAR\">local:command</field><value name=\"VAL\"><block type=\"text_join\"><mutation items=\"2\"></mutation><value name=\"ADD0\"><block type=\"variables_get_string\"><mutation xmlns=\"http://www.w3.org/1999/xhtml\" is_player_var=\"false\" has_entity=\"false\"></mutation><field name=\"VAR\">local:command</field></block></value><value name=\"ADD1\"><block type=\"text\"><field name=\"TEXT\">,HandItems:[{</field></block></value></block></value></block></statement><next><block type=\"controls_if\"><value name=\"IF0\"><block type=\"math_binary_ops\"><field name=\"OP\">EQ</field><value name=\"A\"><block type=\"variables_get_number\"><mutation xmlns=\"http://www.w3.org/1999/xhtml\" is_player_var=\"false\" has_entity=\"false\"></mutation><field name=\"VAR\">local:loop</field></block></value><value name=\"B\"><block type=\"math_number\"><field name=\"NUM\">2</field></block></value></block></value><statement name=\"DO0\"><block type=\"variables_set_string\"><mutation xmlns=\"http://www.w3.org/1999/xhtml\" is_player_var=\"false\" has_entity=\"false\"></mutation><field name=\"VAR\">local:type</field><value name=\"VAL\"><block type=\"text\"><field name=\"TEXT\">left_hand</field></block></value></block></statement><next><block type=\"controls_if\"><value name=\"IF0\"><block type=\"math_binary_ops\"><field name=\"OP\">EQ</field><value name=\"A\"><block type=\"variables_get_number\"><mutation xmlns=\"http://www.w3.org/1999/xhtml\" is_player_var=\"false\" has_entity=\"false\"></mutation><field name=\"VAR\">local:loop</field></block></value><value name=\"B\"><block type=\"math_number\"><field name=\"NUM\">3</field></block></value></block></value><statement name=\"DO0\"><block type=\"variables_set_string\"><mutation xmlns=\"http://www.w3.org/1999/xhtml\" is_player_var=\"false\" has_entity=\"false\"></mutation><field name=\"VAR\">local:command</field><value name=\"VAL\"><block type=\"text_join\"><mutation items=\"2\"></mutation><value name=\"ADD0\"><block type=\"variables_get_string\"><mutation xmlns=\"http://www.w3.org/1999/xhtml\" is_player_var=\"false\" has_entity=\"false\"></mutation><field name=\"VAR\">local:command</field></block></value><value name=\"ADD1\"><block type=\"text\"><field name=\"TEXT\">},{</field></block></value></block></value></block></statement><next><block type=\"controls_if\"><value name=\"IF0\"><block type=\"math_binary_ops\"><field name=\"OP\">EQ</field><value name=\"A\"><block type=\"variables_get_number\"><mutation xmlns=\"http://www.w3.org/1999/xhtml\" is_player_var=\"false\" has_entity=\"false\"></mutation><field name=\"VAR\">local:loop</field></block></value><value name=\"B\"><block type=\"math_number\"><field name=\"NUM\">4</field></block></value></block></value><statement name=\"DO0\"><block type=\"variables_set_string\"><mutation xmlns=\"http://www.w3.org/1999/xhtml\" is_player_var=\"false\" has_entity=\"false\"></mutation><field name=\"VAR\">local:type</field><value name=\"VAL\"><block type=\"text\"><field name=\"TEXT\">right_hand</field></block></value></block></statement><next><block type=\"controls_if\"><value name=\"IF0\"><block type=\"math_binary_ops\"><field name=\"OP\">EQ</field><value name=\"A\"><block type=\"variables_get_number\"><mutation xmlns=\"http://www.w3.org/1999/xhtml\" is_player_var=\"false\" has_entity=\"false\"></mutation><field name=\"VAR\">local:loop</field></block></value><value name=\"B\"><block type=\"math_number\"><field name=\"NUM\">5</field></block></value></block></value><statement name=\"DO0\"><block type=\"variables_set_string\"><mutation xmlns=\"http://www.w3.org/1999/xhtml\" is_player_var=\"false\" has_entity=\"false\"></mutation><field name=\"VAR\">local:command</field><value name=\"VAL\"><block type=\"text_join\"><mutation items=\"2\"></mutation><value name=\"ADD0\"><block type=\"variables_get_string\"><mutation xmlns=\"http://www.w3.org/1999/xhtml\" is_player_var=\"false\" has_entity=\"false\"></mutation><field name=\"VAR\">local:command</field></block></value><value name=\"ADD1\"><block type=\"text\"><field name=\"TEXT\">}],ArmorItems:[{</field></block></value></block></value></block></statement><next><block type=\"controls_if\"><value name=\"IF0\"><block type=\"math_binary_ops\"><field name=\"OP\">EQ</field><value name=\"A\"><block type=\"variables_get_number\"><mutation xmlns=\"http://www.w3.org/1999/xhtml\" is_player_var=\"false\" has_entity=\"false\"></mutation><field name=\"VAR\">local:loop</field></block></value><value name=\"B\"><block type=\"math_number\"><field name=\"NUM\">6</field></block></value></block></value><statement name=\"DO0\"><block type=\"variables_set_string\"><mutation xmlns=\"http://www.w3.org/1999/xhtml\" is_player_var=\"false\" has_entity=\"false\"></mutation><field name=\"VAR\">local:type</field><value name=\"VAL\"><block type=\"text\"><field name=\"TEXT\">boots</field></block></value></block></statement><next><block type=\"controls_if\"><value name=\"IF0\"><block type=\"math_binary_ops\"><field name=\"OP\">EQ</field><value name=\"A\"><block type=\"variables_get_number\"><mutation xmlns=\"http://www.w3.org/1999/xhtml\" is_player_var=\"false\" has_entity=\"false\"></mutation><field name=\"VAR\">local:loop</field></block></value><value name=\"B\"><block type=\"math_number\"><field name=\"NUM\">7</field></block></value></block></value><statement name=\"DO0\"><block type=\"variables_set_string\"><mutation xmlns=\"http://www.w3.org/1999/xhtml\" is_player_var=\"false\" has_entity=\"false\"></mutation><field name=\"VAR\">local:command</field><value name=\"VAL\"><block type=\"text_join\"><mutation items=\"2\"></mutation><value name=\"ADD0\"><block type=\"variables_get_string\"><mutation xmlns=\"http://www.w3.org/1999/xhtml\" is_player_var=\"false\" has_entity=\"false\"></mutation><field name=\"VAR\">local:command</field></block></value><value name=\"ADD1\"><block type=\"text\"><field name=\"TEXT\">},{</field></block></value></block></value></block></statement><next><block type=\"controls_if\"><value name=\"IF0\"><block type=\"math_binary_ops\"><field name=\"OP\">EQ</field><value name=\"A\"><block type=\"variables_get_number\"><mutation xmlns=\"http://www.w3.org/1999/xhtml\" is_player_var=\"false\" has_entity=\"false\"></mutation><field name=\"VAR\">local:loop</field></block></value><value name=\"B\"><block type=\"math_number\"><field name=\"NUM\">8</field></block></value></block></value><statement name=\"DO0\"><block type=\"variables_set_string\"><mutation xmlns=\"http://www.w3.org/1999/xhtml\" is_player_var=\"false\" has_entity=\"false\"></mutation><field name=\"VAR\">local:type</field><value name=\"VAL\"><block type=\"text\"><field name=\"TEXT\">leggings</field></block></value></block></statement><next><block type=\"controls_if\"><value name=\"IF0\"><block type=\"math_binary_ops\"><field name=\"OP\">EQ</field><value name=\"A\"><block type=\"variables_get_number\"><mutation xmlns=\"http://www.w3.org/1999/xhtml\" is_player_var=\"false\" has_entity=\"false\"></mutation><field name=\"VAR\">local:loop</field></block></value><value name=\"B\"><block type=\"math_number\"><field name=\"NUM\">9</field></block></value></block></value><statement name=\"DO0\"><block type=\"variables_set_string\"><mutation xmlns=\"http://www.w3.org/1999/xhtml\" is_player_var=\"false\" has_entity=\"false\"></mutation><field name=\"VAR\">local:command</field><value name=\"VAL\"><block type=\"text_join\"><mutation items=\"2\"></mutation><value name=\"ADD0\"><block type=\"variables_get_string\"><mutation xmlns=\"http://www.w3.org/1999/xhtml\" is_player_var=\"false\" has_entity=\"false\"></mutation><field name=\"VAR\">local:command</field></block></value><value name=\"ADD1\"><block type=\"text\"><field name=\"TEXT\">},{</field></block></value></block></value></block></statement><next><block type=\"controls_if\"><value name=\"IF0\"><block type=\"math_binary_ops\"><field name=\"OP\">EQ</field><value name=\"A\"><block type=\"variables_get_number\"><mutation xmlns=\"http://www.w3.org/1999/xhtml\" is_player_var=\"false\" has_entity=\"false\"></mutation><field name=\"VAR\">local:loop</field></block></value><value name=\"B\"><block type=\"math_number\"><field name=\"NUM\">10</field></block></value></block></value><statement name=\"DO0\"><block type=\"variables_set_string\"><mutation xmlns=\"http://www.w3.org/1999/xhtml\" is_player_var=\"false\" has_entity=\"false\"></mutation><field name=\"VAR\">local:type</field><value name=\"VAL\"><block type=\"text\"><field name=\"TEXT\">chestplate</field></block></value></block></statement><next><block type=\"controls_if\"><value name=\"IF0\"><block type=\"math_binary_ops\"><field name=\"OP\">EQ</field><value name=\"A\"><block type=\"variables_get_number\"><mutation xmlns=\"http://www.w3.org/1999/xhtml\" is_player_var=\"false\" has_entity=\"false\"></mutation><field name=\"VAR\">local:loop</field></block></value><value name=\"B\"><block type=\"math_number\"><field name=\"NUM\">11</field></block></value></block></value><statement name=\"DO0\"><block type=\"variables_set_string\"><mutation xmlns=\"http://www.w3.org/1999/xhtml\" is_player_var=\"false\" has_entity=\"false\"></mutation><field name=\"VAR\">local:command</field><value name=\"VAL\"><block type=\"text_join\"><mutation items=\"2\"></mutation><value name=\"ADD0\"><block type=\"variables_get_string\"><mutation xmlns=\"http://www.w3.org/1999/xhtml\" is_player_var=\"false\" has_entity=\"false\"></mutation><field name=\"VAR\">local:command</field></block></value><value name=\"ADD1\"><block type=\"text\"><field name=\"TEXT\">},{</field></block></value></block></value></block></statement><next><block type=\"controls_if\"><value name=\"IF0\"><block type=\"math_binary_ops\"><field name=\"OP\">EQ</field><value name=\"A\"><block type=\"variables_get_number\"><mutation xmlns=\"http://www.w3.org/1999/xhtml\" is_player_var=\"false\" has_entity=\"false\"></mutation><field name=\"VAR\">local:loop</field></block></value><value name=\"B\"><block type=\"math_number\"><field name=\"NUM\">12</field></block></value></block></value><statement name=\"DO0\"><block type=\"variables_set_string\"><mutation xmlns=\"http://www.w3.org/1999/xhtml\" is_player_var=\"false\" has_entity=\"false\"></mutation><field name=\"VAR\">local:type</field><value name=\"VAL\"><block type=\"text\"><field name=\"TEXT\">helmet</field></block></value></block></statement><next><block type=\"controls_if\"><value name=\"IF0\"><block type=\"math_binary_ops\"><field name=\"OP\">EQ</field><value name=\"A\"><block type=\"variables_get_number\"><mutation xmlns=\"http://www.w3.org/1999/xhtml\" is_player_var=\"false\" has_entity=\"false\"></mutation><field name=\"VAR\">local:loop</field></block></value><value name=\"B\"><block type=\"math_number\"><field name=\"NUM\">13</field></block></value></block></value><statement name=\"DO0\"><block type=\"variables_set_string\"><mutation xmlns=\"http://www.w3.org/1999/xhtml\" is_player_var=\"false\" has_entity=\"false\"></mutation><field name=\"VAR\">local:command</field><value name=\"VAL\"><block type=\"text_join\"><mutation items=\"2\"></mutation><value name=\"ADD0\"><block type=\"variables_get_string\"><mutation xmlns=\"http://www.w3.org/1999/xhtml\" is_player_var=\"false\" has_entity=\"false\"></mutation><field name=\"VAR\">local:command</field></block></value><value name=\"ADD1\"><block type=\"text\"><field name=\"TEXT\">}],</field></block></value></block></value></block></statement><next><block type=\"controls_if\"><value name=\"IF0\"><block type=\"math_binary_ops\"><field name=\"OP\">EQ</field><value name=\"A\"><block type=\"variables_get_number\"><mutation xmlns=\"http://www.w3.org/1999/xhtml\" is_player_var=\"false\" has_entity=\"false\"></mutation><field name=\"VAR\">local:loop</field></block></value><value name=\"B\"><block type=\"math_number\"><field name=\"NUM\">14</field></block></value></block></value><statement name=\"DO0\"><block type=\"controls_flow_statements\"><field name=\"FLOW\">BREAK</field></block></statement></block></next></block></next></block></next></block></next></block></next></block></next></block></next></block></next></block></next></block></next></block></next></block></next></block></next></block></statement><next><block type=\"controls_if\"><value name=\"IF0\"><block type=\"logic_negate\"><value name=\"BOOL\"><block type=\"text_binary_ops\"><value name=\"A\"><block type=\"variables_get_string\"><mutation xmlns=\"http://www.w3.org/1999/xhtml\" is_player_var=\"false\" has_entity=\"false\"></mutation><field name=\"VAR\">local:type</field></block></value><value name=\"B\"><block type=\"text\"><field name=\"TEXT\"></field></block></value></block></value></block></value><statement name=\"DO0\"><block type=\"variables_set_string\"><mutation xmlns=\"http://www.w3.org/1999/xhtml\" is_player_var=\"false\" has_entity=\"false\"></mutation><field name=\"VAR\">local:command</field><value name=\"VAL\"><block type=\"text_join\"><mutation items=\"2\"></mutation><value name=\"ADD0\"><block type=\"variables_get_string\"><mutation xmlns=\"http://www.w3.org/1999/xhtml\" is_player_var=\"false\" has_entity=\"false\"></mutation><field name=\"VAR\">local:command</field></block></value><value name=\"ADD1\"><block type=\"text_join\" collapsed=\"true\"><mutation items=\"12\"></mutation><value name=\"ADD0\"><block type=\"text\"><field name=\"TEXT\">id:\"</field></block></value><value name=\"ADD1\"><block type=\"entity_nbt_text_get\"><value name=\"entity\"><block type=\"entity_from_deps\"></block></value><value name=\"tagName\"><block type=\"text_join\"><mutation items=\"2\"></mutation><value name=\"ADD0\"><block type=\"variables_get_string\"><mutation xmlns=\"http://www.w3.org/1999/xhtml\" is_player_var=\"false\" has_entity=\"false\"></mutation><field name=\"VAR\">local:type</field></block></value><value name=\"ADD1\"><block type=\"text\"><field name=\"TEXT\">_id</field></block></value></block></value></block></value><value name=\"ADD2\"><block type=\"text\"><field name=\"TEXT\">\",Count:1b,tag:{display:{Name:\"{\\\"text\\\":\\\"</field></block></value><value name=\"ADD3\"><block type=\"entity_nbt_text_get\"><value name=\"entity\"><block type=\"entity_from_deps\"></block></value><value name=\"tagName\"><block type=\"text_join\"><mutation items=\"2\"></mutation><value name=\"ADD0\"><block type=\"variables_get_string\"><mutation xmlns=\"http://www.w3.org/1999/xhtml\" is_player_var=\"false\" has_entity=\"false\"></mutation><field name=\"VAR\">local:type</field></block></value><value name=\"ADD1\"><block type=\"text\"><field name=\"TEXT\">_name</field></block></value></block></value></block></value><value name=\"ADD4\"><block type=\"text\"><field name=\"TEXT\">\\\",\\\"color\\\":\\\"</field></block></value><value name=\"ADD5\"><block type=\"entity_nbt_text_get\"><value name=\"entity\"><block type=\"entity_from_deps\"></block></value><value name=\"tagName\"><block type=\"text\"><field name=\"TEXT\">name_color</field></block></value></block></value><value name=\"ADD6\"><block type=\"text\"><field name=\"TEXT\">\\\"}\",Lore:[\"{\\\"color\\\":\\\"dark_gray\\\",\\\"text\\\":\\\"--------------------\\\"}\",\"{\\\"color\\\":\\\"dark_gray\\\",\\\"text\\\":\\\"Drop From : </field></block></value><value name=\"ADD7\"><block type=\"entity_nbt_text_get\"><value name=\"entity\"><block type=\"entity_from_deps\"></block></value><value name=\"tagName\"><block type=\"text\"><field name=\"TEXT\">name</field></block></value></block></value><value name=\"ADD8\"><block type=\"text\"><field name=\"TEXT\">\\\"}\",\"{\\\"color\\\":\\\"dark_gray\\\",\\\"text\\\":\\\"Default Selling Price : </field></block></value><value name=\"ADD9\"><block type=\"entity_nbt_text_get\"><value name=\"entity\"><block type=\"entity_from_deps\"></block></value><value name=\"tagName\"><block type=\"text_join\"><mutation items=\"2\"></mutation><value name=\"ADD0\"><block type=\"variables_get_string\"><mutation xmlns=\"http://www.w3.org/1999/xhtml\" is_player_var=\"false\" has_entity=\"false\"></mutation><field name=\"VAR\">local:type</field></block></value><value name=\"ADD1\"><block type=\"text\"><field name=\"TEXT\">_price</field></block></value></block></value></block></value><value name=\"ADD10\"><block type=\"text\"><field name=\"TEXT\">\\\"}\",\"{\\\"color\\\":\\\"dark_gray\\\",\\\"text\\\":\\\"--------------------\\\"}\"]}}</field></block></value><value name=\"ADD11\"><block type=\"entity_nbt_text_get\"><value name=\"entity\"><block type=\"entity_from_deps\"></block></value><value name=\"tagName\"><block type=\"text_join\"><mutation items=\"2\"></mutation><value name=\"ADD0\"><block type=\"variables_get_string\"><mutation xmlns=\"http://www.w3.org/1999/xhtml\" is_player_var=\"false\" has_entity=\"false\"></mutation><field name=\"VAR\">local:type</field></block></value><value name=\"ADD1\"><block type=\"text\"><field name=\"TEXT\">_extra</field></block></value></block></value></block></value></block></value></block></value></block></statement><next><block type=\"variables_set_number\"><mutation xmlns=\"http://www.w3.org/1999/xhtml\" is_player_var=\"false\" has_entity=\"false\"></mutation><field name=\"VAR\">local:loop</field><value name=\"VAL\"><block type=\"math_dual_ops\"><field name=\"OP\">ADD</field><value name=\"A\"><block type=\"variables_get_number\"><mutation xmlns=\"http://www.w3.org/1999/xhtml\" is_player_var=\"false\" has_entity=\"false\"></mutation><field name=\"VAR\">local:loop</field></block></value><value name=\"B\"><block type=\"math_number\"><field name=\"NUM\">1</field></block></value></block></value></block></next></block></next></block></next></block></statement><next><block type=\"variables_set_string\"><mutation xmlns=\"http://www.w3.org/1999/xhtml\" is_player_var=\"false\" has_entity=\"false\"></mutation><field name=\"VAR\">local:command</field><value name=\"VAL\"><block type=\"text_join\"><mutation items=\"2\"></mutation><value name=\"ADD0\"><block type=\"variables_get_string\"><mutation xmlns=\"http://www.w3.org/1999/xhtml\" is_player_var=\"false\" has_entity=\"false\"></mutation><field name=\"VAR\">local:command</field></block></value><value name=\"ADD1\"><block type=\"text_join\" collapsed=\"true\"><mutation items=\"4\"></mutation><value name=\"ADD0\"><block type=\"text_join\"><mutation items=\"2\"></mutation><value name=\"ADD0\"><block type=\"text\"><field name=\"TEXT\">HandDropChances:[</field></block></value><value name=\"ADD1\"><block type=\"text_join\"><mutation items=\"4\"></mutation><value name=\"ADD0\"><block type=\"entity_nbt_num_get\"><value name=\"entity\"><block type=\"entity_from_deps\"></block></value><value name=\"tagName\"><block type=\"text\"><field name=\"TEXT\">left_hand_drop_chance</field></block></value></block></value><value name=\"ADD1\"><block type=\"text\"><field name=\"TEXT\">f,</field></block></value><value name=\"ADD2\"><block type=\"entity_nbt_num_get\"><value name=\"entity\"><block type=\"entity_from_deps\"></block></value><value name=\"tagName\"><block type=\"text\"><field name=\"TEXT\">right_hand_drop_chance</field></block></value></block></value><value name=\"ADD3\"><block type=\"text\"><field name=\"TEXT\">f]</field></block></value></block></value></block></value><value name=\"ADD1\"><block type=\"text\"><field name=\"TEXT\">,</field></block></value><value name=\"ADD2\"><block type=\"text_join\"><mutation items=\"2\"></mutation><value name=\"ADD0\"><block type=\"text\"><field name=\"TEXT\">ArmorDropChances:[</field></block></value><value name=\"ADD1\"><block type=\"text_join\"><mutation items=\"8\"></mutation><value name=\"ADD0\"><block type=\"entity_nbt_num_get\"><value name=\"entity\"><block type=\"entity_from_deps\"></block></value><value name=\"tagName\"><block type=\"text\"><field name=\"TEXT\">helmet_drop_chance</field></block></value></block></value><value name=\"ADD1\"><block type=\"text\"><field name=\"TEXT\">f,</field></block></value><value name=\"ADD2\"><block type=\"entity_nbt_num_get\"><value name=\"entity\"><block type=\"entity_from_deps\"></block></value><value name=\"tagName\"><block type=\"text\"><field name=\"TEXT\">chestplate_drop_chance</field></block></value></block></value><value name=\"ADD3\"><block type=\"text\"><field name=\"TEXT\">f,</field></block></value><value name=\"ADD4\"><block type=\"entity_nbt_num_get\"><value name=\"entity\"><block type=\"entity_from_deps\"></block></value><value name=\"tagName\"><block type=\"text\"><field name=\"TEXT\">leggings_drop_chance</field></block></value></block></value><value name=\"ADD5\"><block type=\"text\"><field name=\"TEXT\">f,</field></block></value><value name=\"ADD6\"><block type=\"entity_nbt_num_get\"><value name=\"entity\"><block type=\"entity_from_deps\"></block></value><value name=\"tagName\"><block type=\"text\"><field name=\"TEXT\">boots_drop_chance</field></block></value></block></value><value name=\"ADD7\"><block type=\"text\"><field name=\"TEXT\">f]</field></block></value></block></value></block></value><value name=\"ADD3\"><block type=\"text\"><field name=\"TEXT\">}</field></block></value></block></value></block></value><next><block type=\"controls_if\" collapsed=\"true\"><value name=\"IF0\"><block type=\"logic_boolean\"><field name=\"BOOL\">TRUE</field></block></value><statement name=\"DO0\"><block type=\"variables_set_number\"><mutation xmlns=\"http://www.w3.org/1999/xhtml\" is_player_var=\"false\" has_entity=\"false\"></mutation><field name=\"VAR\">local:posX</field><value name=\"VAL\"><block type=\"math_dual_ops\"><field name=\"OP\">ADD</field><value name=\"A\"><block type=\"entity_pos_x\"><value name=\"entity\"><block type=\"entity_from_deps\"></block></value></block></value><value name=\"B\"><block type=\"math_random_number_between\" inline=\"false\"><value name=\"min\"><block type=\"math_dual_ops\"><field name=\"OP\">MULTIPLY</field><value name=\"A\"><block type=\"entity_nbt_num_get\"><value name=\"entity\"><block type=\"entity_from_deps\"></block></value><value name=\"tagName\"><block type=\"text\"><field name=\"TEXT\">respawn_random_radius</field></block></value></block></value><value name=\"B\"><block type=\"math_number\"><field name=\"NUM\">-1</field></block></value></block></value><value name=\"max\"><block type=\"entity_nbt_num_get\"><value name=\"entity\"><block type=\"entity_from_deps\"></block></value><value name=\"tagName\"><block type=\"text\"><field name=\"TEXT\">respawn_random_radius</field></block></value></block></value></block></value></block></value><next><block type=\"variables_set_number\"><mutation xmlns=\"http://www.w3.org/1999/xhtml\" is_player_var=\"false\" has_entity=\"false\"></mutation><field name=\"VAR\">local:posY</field><value name=\"VAL\"><block type=\"math_dual_ops\"><field name=\"OP\">ADD</field><value name=\"A\"><block type=\"entity_pos_y\"><value name=\"entity\"><block type=\"entity_from_deps\"></block></value></block></value><value name=\"B\"><block type=\"math_random_number_between\" inline=\"false\"><value name=\"min\"><block type=\"math_dual_ops\"><field name=\"OP\">MULTIPLY</field><value name=\"A\"><block type=\"entity_nbt_num_get\"><value name=\"entity\"><block type=\"entity_from_deps\"></block></value><value name=\"tagName\"><block type=\"text\"><field name=\"TEXT\">respawn_random_height</field></block></value></block></value><value name=\"B\"><block type=\"math_number\"><field name=\"NUM\">-1</field></block></value></block></value><value name=\"max\"><block type=\"entity_nbt_num_get\"><value name=\"entity\"><block type=\"entity_from_deps\"></block></value><value name=\"tagName\"><block type=\"text\"><field name=\"TEXT\">respawn_random_height</field></block></value></block></value></block></value></block></value><next><block type=\"variables_set_number\"><mutation xmlns=\"http://www.w3.org/1999/xhtml\" is_player_var=\"false\" has_entity=\"false\"></mutation><field name=\"VAR\">local:posZ</field><value name=\"VAL\"><block type=\"math_dual_ops\"><field name=\"OP\">ADD</field><value name=\"A\"><block type=\"entity_pos_z\"><value name=\"entity\"><block type=\"entity_from_deps\"></block></value></block></value><value name=\"B\"><block type=\"math_random_number_between\" inline=\"false\"><value name=\"min\"><block type=\"math_dual_ops\"><field name=\"OP\">MULTIPLY</field><value name=\"A\"><block type=\"entity_nbt_num_get\"><value name=\"entity\"><block type=\"entity_from_deps\"></block></value><value name=\"tagName\"><block type=\"text\"><field name=\"TEXT\">respawn_random_radius</field></block></value></block></value><value name=\"B\"><block type=\"math_number\"><field name=\"NUM\">-1</field></block></value></block></value><value name=\"max\"><block type=\"entity_nbt_num_get\"><value name=\"entity\"><block type=\"entity_from_deps\"></block></value><value name=\"tagName\"><block type=\"text\"><field name=\"TEXT\">respawn_random_radius</field></block></value></block></value></block></value></block></value></block></next></block></next></block></statement><next><block type=\"execute_command\"><value name=\"command\"><block type=\"text_join\"><mutation items=\"4\"></mutation><value name=\"ADD0\"><block type=\"text\"><field name=\"TEXT\">execute positioned </field></block></value><value name=\"ADD1\"><block type=\"text_join\" collapsed=\"true\"><mutation items=\"5\"></mutation><value name=\"ADD0\"><block type=\"variables_get_number\"><mutation xmlns=\"http://www.w3.org/1999/xhtml\" is_player_var=\"false\" has_entity=\"false\"></mutation><field name=\"VAR\">local:posX</field></block></value><value name=\"ADD1\"><block type=\"text\"><field name=\"TEXT\"> </field></block></value><value name=\"ADD2\"><block type=\"variables_get_number\"><mutation xmlns=\"http://www.w3.org/1999/xhtml\" is_player_var=\"false\" has_entity=\"false\"></mutation><field name=\"VAR\">local:posY</field></block></value><value name=\"ADD3\"><block type=\"text\"><field name=\"TEXT\"> </field></block></value><value name=\"ADD4\"><block type=\"variables_get_number\"><mutation xmlns=\"http://www.w3.org/1999/xhtml\" is_player_var=\"false\" has_entity=\"false\"></mutation><field name=\"VAR\">local:posZ</field></block></value></block></value><value name=\"ADD2\"><block type=\"text\"><field name=\"TEXT\"> if block ~ ~ ~ #skywiza:passable_blocks if block ~ ~1 ~ #skywiza:passable_blocks run </field></block></value><value name=\"ADD3\"><block type=\"variables_get_string\"><mutation xmlns=\"http://www.w3.org/1999/xhtml\" is_player_var=\"false\" has_entity=\"false\"></mutation><field name=\"VAR\">local:command</field></block></value></block></value><value name=\"x\"><block type=\"coord_x\"></block></value><value name=\"y\"><block type=\"coord_y\"></block></value><value name=\"z\"><block type=\"coord_z\"></block></value><next><block type=\"controls_if\"><value name=\"IF0\"><block type=\"logic_binary_ops\"><field name=\"OP\">EQ</field><value name=\"A\"><block type=\"entity_nbt_logic_get\"><value name=\"entity\"><block type=\"entity_from_deps\"></block></value><value name=\"tagName\"><block type=\"text\"><field name=\"TEXT\">debug_mode</field></block></value></block></value><value name=\"B\"><block type=\"logic_boolean\"><field name=\"BOOL\">TRUE</field></block></value></block></value><statement name=\"DO0\"><block type=\"text_print\"><value name=\"TEXT\"><block type=\"variables_get_string\"><mutation xmlns=\"http://www.w3.org/1999/xhtml\" is_player_var=\"false\" has_entity=\"false\"></mutation><field name=\"VAR\">local:command</field></block></value></block></statement><next><block type=\"entity_execute_command\"><value name=\"command\"><block type=\"text_join\"><mutation items=\"3\"></mutation><value name=\"ADD0\"><block type=\"text\"><field name=\"TEXT\">data modify entity @e[tag=SKYWIZA-spawner_mob,nbt={ForgeData:{spawner_id:\"</field></block></value><value name=\"ADD1\"><block type=\"entity_nbt_text_get\"><value name=\"entity\"><block type=\"entity_from_deps\"></block></value><value name=\"tagName\"><block type=\"text\"><field name=\"TEXT\">spawner_id</field></block></value></block></value><value name=\"ADD2\"><block type=\"text\"><field name=\"TEXT\">\",respawn:1b}},limit=1] ForgeData set from entity @s ForgeData</field></block></value></block></value><value name=\"entity\"><block type=\"entity_from_deps\"></block></value><next><block type=\"world_entity_inrange_foreach\" inline=\"false\"><value name=\"_placeholder\"><block type=\"entity_iterator\"></block></value><value name=\"x\"><block type=\"variables_get_number\"><mutation xmlns=\"http://www.w3.org/1999/xhtml\" is_player_var=\"false\" has_entity=\"false\"></mutation><field name=\"VAR\">local:posX</field></block></value><value name=\"y\"><block type=\"variables_get_number\"><mutation xmlns=\"http://www.w3.org/1999/xhtml\" is_player_var=\"false\" has_entity=\"false\"></mutation><field name=\"VAR\">local:posY</field></block></value><value name=\"z\"><block type=\"variables_get_number\"><mutation xmlns=\"http://www.w3.org/1999/xhtml\" is_player_var=\"false\" has_entity=\"false\"></mutation><field name=\"VAR\">local:posZ</field></block></value><value name=\"range\"><block type=\"math_number\"><field name=\"NUM\">1</field></block></value><statement name=\"foreach\"><block type=\"controls_if\"><value name=\"IF0\"><block type=\"text_binary_ops\"><value name=\"A\"><block type=\"entity_nbt_text_get\"><value name=\"entity\"><block type=\"entity_iterator\"></block></value><value name=\"tagName\"><block type=\"text\"><field name=\"TEXT\">spawner_id</field></block></value></block></value><value name=\"B\"><block type=\"entity_nbt_text_get\"><value name=\"entity\"><block type=\"entity_from_deps\"></block></value><value name=\"tagName\"><block type=\"text\"><field name=\"TEXT\">spawner_id</field></block></value></block></value></block></value><statement name=\"DO0\"><block type=\"controls_if\"><value name=\"IF0\"><block type=\"logic_binary_ops\"><field name=\"OP\">EQ</field><value name=\"A\"><block type=\"entity_nbt_logic_get\"><value name=\"entity\"><block type=\"entity_from_deps\"></block></value><value name=\"tagName\"><block type=\"text\"><field name=\"TEXT\">is_npc</field></block></value></block></value><value name=\"B\"><block type=\"logic_boolean\"><field name=\"BOOL\">TRUE</field></block></value></block></value><statement name=\"DO0\"><block type=\"entity_execute_command\"><value name=\"command\"><block type=\"text\"><field name=\"TEXT\">tag @s add SKYWIZA-npc</field></block></value><value name=\"entity\"><block type=\"entity_iterator\"></block></value><next><block type=\"entity_execute_command\"><value name=\"command\"><block type=\"text_join\"><mutation items=\"3\"></mutation><value name=\"ADD0\"><block type=\"text\"><field name=\"TEXT\">data merge entity @s {ForgeData:{npc_id:\"</field></block></value><value name=\"ADD1\"><block type=\"text_replace\"><value name=\"what\"><block type=\"text\"><field name=\"TEXT\">.0</field></block></value><value name=\"with\"><block type=\"text\"><field name=\"TEXT\"></field></block></value><value name=\"text\"><block type=\"text_format_number\"><value name=\"number\"><block type=\"math_random_int_between\"><value name=\"min\"><block type=\"math_number\"><field name=\"NUM\">1</field></block></value><value name=\"max\"><block type=\"math_number\"><field name=\"NUM\">1000000</field></block></value></block></value><value name=\"format\"><block type=\"text\"><field name=\"TEXT\">##.##</field></block></value></block></value></block></value><value name=\"ADD2\"><block type=\"text\"><field name=\"TEXT\">\"}}</field></block></value></block></value><value name=\"entity\"><block type=\"entity_iterator\"></block></value></block></next></block></statement><next><block type=\"controls_if\"><mutation else=\"1\"></mutation><value name=\"IF0\"><block type=\"entity_check_creature_type\"><field name=\"type\">UNDEAD</field><value name=\"entity\"><block type=\"entity_iterator\"></block></value></block></value><statement name=\"DO0\"><block type=\"entity_execute_command\"><value name=\"command\"><block type=\"text\"><field name=\"TEXT\">effect give @s instant_damage 1 100 true</field></block></value><value name=\"entity\"><block type=\"entity_iterator\"></block></value></block></statement><statement name=\"ELSE\"><block type=\"entity_execute_command\"><value name=\"command\"><block type=\"text\"><field name=\"TEXT\">effect give @s instant_health 1 100 true</field></block></value><value name=\"entity\"><block type=\"entity_iterator\"></block></value></block></statement><next><block type=\"controls_flow_statements\"><field name=\"FLOW\">BREAK</field></block></next></block></next></block></statement></block></statement></block></next></block></next></block></next></block></next></block></next></block></next></block></next></block></next></block></next></block></statement></block></statement></block></next></block></next></block></xml>"
  }
}