{
  "_fv": 66,
  "_type": "procedure",
  "definition": {
    "procedurexml": "<?xml version=\"1.0\" encoding=\"UTF-8\" standalone=\"no\"?><xml xmlns=\"https://developers.google.com/blockly/xml\"><block deletable=\"false\" type=\"event_trigger\" x=\"40\" y=\"40\"><field name=\"trigger\">no_ext_trigger</field><next><block type=\"controls_if\"><mutation else=\"1\"/><value name=\"IF0\"><block type=\"logic_binary_ops\"><field name=\"OP\">EQ</field><value name=\"A\"><block type=\"item_nbt_logic_get\"><value name=\"tagName\"><block type=\"text\"><field name=\"TEXT\">start</field></block></value><value name=\"item\"><block type=\"entity_iteminhand\"><value name=\"entity\"><block type=\"entity_from_deps\"/></value></block></value></block></value><value name=\"B\"><block type=\"logic_boolean\"><field name=\"BOOL\">TRUE</field></block></value></block></value><statement name=\"DO0\"><block type=\"item_nbt_logic_set\"><value name=\"tagName\"><block type=\"text\"><field name=\"TEXT\">start</field></block></value><value name=\"item\"><block type=\"entity_iteminhand\"><value name=\"entity\"><block type=\"entity_from_deps\"/></value></block></value><value name=\"tagValue\"><block type=\"logic_boolean\"><field name=\"BOOL\">FALSE</field></block></value><next><block type=\"entity_execute_command\"><value name=\"command\"><block type=\"text\"><field name=\"TEXT\">kill @e[name=test]</field></block></value><value name=\"entity\"><block type=\"entity_from_deps\"/></value><next><block type=\"entity_execute_command\"><value name=\"command\"><block type=\"text\"><field name=\"TEXT\">say Stop</field></block></value><value name=\"entity\"><block type=\"entity_from_deps\"/></value></block></next></block></next></block></statement><statement name=\"ELSE\"><block type=\"item_nbt_logic_set\"><value name=\"tagName\"><block type=\"text\"><field name=\"TEXT\">start</field></block></value><value name=\"item\"><block type=\"entity_iteminhand\"><value name=\"entity\"><block type=\"entity_from_deps\"/></value></block></value><value name=\"tagValue\"><block type=\"logic_boolean\"><field name=\"BOOL\">TRUE</field></block></value><next><block type=\"entity_execute_command\"><value name=\"command\"><block type=\"text\"><field name=\"TEXT\">summon armor_stand ~ 0 ~ {NoGravity:1b,Invisible:1b,Marker:1b,CustomName:'{\"text\":\"test\"}',Rotation:[0f]}</field></block></value><value name=\"entity\"><block type=\"entity_from_deps\"/></value><next><block type=\"entity_execute_command\"><value name=\"command\"><block type=\"text\"><field name=\"TEXT\">execute as @e[name=test,tag=!set] at @s run data modify entity @s ForgeData set from entity @p SelectedItem.tag</field></block></value><value name=\"entity\"><block type=\"entity_from_deps\"/></value><next><block type=\"entity_execute_command\"><value name=\"command\"><block type=\"text\"><field name=\"TEXT\">say Start</field></block></value><value name=\"entity\"><block type=\"entity_from_deps\"/></value></block></next></block></next></block></next></block></statement></block></next></block></xml>"
  }
}