{
  "_fv": 66,
  "_type": "procedure",
  "definition": {
    "procedurexml": "<?xml version=\"1.0\" encoding=\"UTF-8\" standalone=\"no\"?><xml xmlns=\"https://developers.google.com/blockly/xml\"><block deletable=\"false\" type=\"event_trigger\" x=\"40\" y=\"40\"><field name=\"trigger\">no_ext_trigger</field><next><block type=\"controls_if\"><mutation else=\"1\"/><value name=\"IF0\"><block type=\"logic_negate\"><value name=\"BOOL\"><block type=\"entity_issneaking\"><value name=\"entity\"><block type=\"entity_from_deps\"/></value></block></value></block></value><statement name=\"DO0\"><block type=\"controls_if\"><mutation else=\"1\"/><value name=\"IF0\"><block type=\"logic_binary_ops\"><field name=\"OP\">EQ</field><value name=\"A\"><block type=\"item_nbt_logic_get\"><value name=\"tagName\"><block type=\"text\"><field name=\"TEXT\">pos2</field></block></value><value name=\"item\"><block type=\"entity_iteminhand\"><value name=\"entity\"><block type=\"entity_from_deps\"/></value></block></value></block></value><value name=\"B\"><block type=\"logic_boolean\"><field name=\"BOOL\">FALSE</field></block></value></block></value><statement name=\"DO0\"><block type=\"controls_if\"><value name=\"IF0\"><block type=\"logic_boolean\"><field name=\"BOOL\">TRUE</field></block></value><statement name=\"DO0\"><block type=\"item_nbt_num_set\"><value name=\"tagName\"><block type=\"text\"><field name=\"TEXT\">from_posX</field></block></value><value name=\"item\"><block type=\"entity_iteminhand\"><value name=\"entity\"><block type=\"entity_from_deps\"/></value></block></value><value name=\"tagValue\"><block type=\"math_dual_ops\"><field name=\"OP\">ADD</field><value name=\"A\"><block type=\"math_singular_ops\"><field name=\"OP\">ROUNDDOWN</field><value name=\"NUM\"><block type=\"coord_x\"/></value></block></value><value name=\"B\"><block type=\"math_number\"><field name=\"NUM\">1</field></block></value></block></value><next><block type=\"item_nbt_num_set\"><value name=\"tagName\"><block type=\"text\"><field name=\"TEXT\">from_posY</field></block></value><value name=\"item\"><block type=\"entity_iteminhand\"><value name=\"entity\"><block type=\"entity_from_deps\"/></value></block></value><value name=\"tagValue\"><block type=\"math_dual_ops\"><field name=\"OP\">ADD</field><value name=\"A\"><block type=\"math_singular_ops\"><field name=\"OP\">ROUNDDOWN</field><value name=\"NUM\"><block type=\"coord_y\"/></value></block></value><value name=\"B\"><block type=\"math_number\"><field name=\"NUM\">1</field></block></value></block></value><next><block type=\"item_nbt_num_set\"><value name=\"tagName\"><block type=\"text\"><field name=\"TEXT\">from_posZ</field></block></value><value name=\"item\"><block type=\"entity_iteminhand\"><value name=\"entity\"><block type=\"entity_from_deps\"/></value></block></value><value name=\"tagValue\"><block type=\"math_dual_ops\"><field name=\"OP\">ADD</field><value name=\"A\"><block type=\"math_singular_ops\"><field name=\"OP\">ROUNDDOWN</field><value name=\"NUM\"><block type=\"coord_z\"/></value></block></value><value name=\"B\"><block type=\"math_number\"><field name=\"NUM\">1</field></block></value></block></value></block></next></block></next></block></statement><next><block type=\"controls_if\"><value name=\"IF0\"><block type=\"logic_boolean\"><field name=\"BOOL\">TRUE</field></block></value><statement name=\"DO0\"><block type=\"item_nbt_num_set\"><value name=\"tagName\"><block type=\"text\"><field name=\"TEXT\">to_posX</field></block></value><value name=\"item\"><block type=\"entity_iteminhand\"><value name=\"entity\"><block type=\"entity_from_deps\"/></value></block></value><value name=\"tagValue\"><block type=\"math_number\"><field name=\"NUM\">0</field></block></value><next><block type=\"item_nbt_num_set\"><value name=\"tagName\"><block type=\"text\"><field name=\"TEXT\">to_posY</field></block></value><value name=\"item\"><block type=\"entity_iteminhand\"><value name=\"entity\"><block type=\"entity_from_deps\"/></value></block></value><value name=\"tagValue\"><block type=\"math_number\"><field name=\"NUM\">0</field></block></value><next><block type=\"item_nbt_num_set\"><value name=\"tagName\"><block type=\"text\"><field name=\"TEXT\">to_posZ</field></block></value><value name=\"item\"><block type=\"entity_iteminhand\"><value name=\"entity\"><block type=\"entity_from_deps\"/></value></block></value><value name=\"tagValue\"><block type=\"math_number\"><field name=\"NUM\">0</field></block></value></block></next></block></next></block></statement><next><block type=\"execute_command\"><value name=\"command\"><block type=\"text_join\"><mutation items=\"3\"/><value name=\"ADD0\"><block collapsed=\"true\" type=\"text\"><field name=\"TEXT\">tellraw @a [{\"text\":\"SKYWIZA : </field></block></value><value name=\"ADD1\"><block type=\"text\"><field name=\"TEXT\">Set Pos1</field></block></value><value name=\"ADD2\"><block collapsed=\"true\" type=\"text\"><field name=\"TEXT\">\",\"color\":\"dark_gray\"}]</field></block></value></block></value><value name=\"x\"><block type=\"coord_x\"/></value><value name=\"y\"><block type=\"coord_y\"/></value><value name=\"z\"><block type=\"coord_z\"/></value><next><block type=\"item_nbt_logic_set\"><value name=\"tagName\"><block type=\"text\"><field name=\"TEXT\">pos2</field></block></value><value name=\"item\"><block type=\"entity_iteminhand\"><value name=\"entity\"><block type=\"entity_from_deps\"/></value></block></value><value name=\"tagValue\"><block type=\"logic_boolean\"><field name=\"BOOL\">TRUE</field></block></value></block></next></block></next></block></next></block></statement><statement name=\"ELSE\"><block type=\"controls_if\"><value name=\"IF0\"><block type=\"logic_boolean\"><field name=\"BOOL\">TRUE</field></block></value><statement name=\"DO0\"><block type=\"item_nbt_num_set\"><value name=\"tagName\"><block type=\"text\"><field name=\"TEXT\">to_posX</field></block></value><value name=\"item\"><block type=\"entity_iteminhand\"><value name=\"entity\"><block type=\"entity_from_deps\"/></value></block></value><value name=\"tagValue\"><block type=\"math_singular_ops\"><field name=\"OP\">ROUNDDOWN</field><value name=\"NUM\"><block type=\"coord_x\"/></value></block></value><next><block type=\"item_nbt_num_set\"><value name=\"tagName\"><block type=\"text\"><field name=\"TEXT\">to_posY</field></block></value><value name=\"item\"><block type=\"entity_iteminhand\"><value name=\"entity\"><block type=\"entity_from_deps\"/></value></block></value><value name=\"tagValue\"><block type=\"math_singular_ops\"><field name=\"OP\">ROUNDDOWN</field><value name=\"NUM\"><block type=\"coord_y\"/></value></block></value><next><block type=\"item_nbt_num_set\"><value name=\"tagName\"><block type=\"text\"><field name=\"TEXT\">to_posZ</field></block></value><value name=\"item\"><block type=\"entity_iteminhand\"><value name=\"entity\"><block type=\"entity_from_deps\"/></value></block></value><value name=\"tagValue\"><block type=\"math_singular_ops\"><field name=\"OP\">ROUNDDOWN</field><value name=\"NUM\"><block type=\"coord_z\"/></value></block></value></block></next></block></next></block></statement><next><block type=\"execute_command\"><value name=\"command\"><block type=\"text_join\"><mutation items=\"3\"/><value name=\"ADD0\"><block collapsed=\"true\" type=\"text\"><field name=\"TEXT\">tellraw @a [{\"text\":\"SKYWIZA : </field></block></value><value name=\"ADD1\"><block type=\"text\"><field name=\"TEXT\">Set Pos2</field></block></value><value name=\"ADD2\"><block collapsed=\"true\" type=\"text\"><field name=\"TEXT\">\",\"color\":\"dark_gray\"}]</field></block></value></block></value><value name=\"x\"><block type=\"coord_x\"/></value><value name=\"y\"><block type=\"coord_y\"/></value><value name=\"z\"><block type=\"coord_z\"/></value><next><block type=\"item_nbt_logic_set\"><value name=\"tagName\"><block type=\"text\"><field name=\"TEXT\">pos2</field></block></value><value name=\"item\"><block type=\"entity_iteminhand\"><value name=\"entity\"><block type=\"entity_from_deps\"/></value></block></value><value name=\"tagValue\"><block type=\"logic_boolean\"><field name=\"BOOL\">FALSE</field></block></value></block></next></block></next></block></statement></block></statement><statement name=\"ELSE\"><block type=\"controls_if\"><value name=\"IF0\"><block type=\"logic_binary_ops\"><field name=\"OP\">EQ</field><value name=\"A\"><block type=\"item_nbt_logic_get\"><value name=\"tagName\"><block type=\"text\"><field name=\"TEXT\">pos2</field></block></value><value name=\"item\"><block type=\"entity_iteminhand\"><value name=\"entity\"><block type=\"entity_from_deps\"/></value></block></value></block></value><value name=\"B\"><block type=\"logic_boolean\"><field name=\"BOOL\">FALSE</field></block></value></block></value><statement name=\"DO0\"><block type=\"entity_execute_command\"><value name=\"command\"><block type=\"text_join\"><mutation items=\"2\"/><value name=\"ADD0\"><block type=\"text\"><field name=\"TEXT\">SKYWIZA command txt_structure export </field></block></value><value name=\"ADD1\"><block collapsed=\"true\" type=\"text_replace\"><value name=\"what\"><block type=\"text\"><field name=\"TEXT\">.0</field></block></value><value name=\"with\"><block type=\"text\"><field name=\"TEXT\"/></block></value><value name=\"text\"><block type=\"text_join\"><mutation items=\"3\"/><value name=\"ADD0\"><block type=\"text_join\"><mutation items=\"5\"/><value name=\"ADD0\"><block type=\"item_nbt_num_get\"><value name=\"tagName\"><block type=\"text\"><field name=\"TEXT\">from_posX</field></block></value><value name=\"item\"><block type=\"entity_iteminhand\"><value name=\"entity\"><block type=\"entity_from_deps\"/></value></block></value></block></value><value name=\"ADD1\"><block type=\"text\"><field name=\"TEXT\"> </field></block></value><value name=\"ADD2\"><block type=\"item_nbt_num_get\"><value name=\"tagName\"><block type=\"text\"><field name=\"TEXT\">from_posY</field></block></value><value name=\"item\"><block type=\"entity_iteminhand\"><value name=\"entity\"><block type=\"entity_from_deps\"/></value></block></value></block></value><value name=\"ADD3\"><block type=\"text\"><field name=\"TEXT\"> </field></block></value><value name=\"ADD4\"><block type=\"item_nbt_num_get\"><value name=\"tagName\"><block type=\"text\"><field name=\"TEXT\">from_posZ</field></block></value><value name=\"item\"><block type=\"entity_iteminhand\"><value name=\"entity\"><block type=\"entity_from_deps\"/></value></block></value></block></value></block></value><value name=\"ADD1\"><block type=\"text\"><field name=\"TEXT\"> </field></block></value><value name=\"ADD2\"><block type=\"text_join\"><mutation items=\"5\"/><value name=\"ADD0\"><block type=\"item_nbt_num_get\"><value name=\"tagName\"><block type=\"text\"><field name=\"TEXT\">to_posX</field></block></value><value name=\"item\"><block type=\"entity_iteminhand\"><value name=\"entity\"><block type=\"entity_from_deps\"/></value></block></value></block></value><value name=\"ADD1\"><block type=\"text\"><field name=\"TEXT\"> </field></block></value><value name=\"ADD2\"><block type=\"item_nbt_num_get\"><value name=\"tagName\"><block type=\"text\"><field name=\"TEXT\">to_posY</field></block></value><value name=\"item\"><block type=\"entity_iteminhand\"><value name=\"entity\"><block type=\"entity_from_deps\"/></value></block></value></block></value><value name=\"ADD3\"><block type=\"text\"><field name=\"TEXT\"> </field></block></value><value name=\"ADD4\"><block type=\"item_nbt_num_get\"><value name=\"tagName\"><block type=\"text\"><field name=\"TEXT\">to_posZ</field></block></value><value name=\"item\"><block type=\"entity_iteminhand\"><value name=\"entity\"><block type=\"entity_from_deps\"/></value></block></value></block></value></block></value></block></value></block></value></block></value><value name=\"entity\"><block type=\"entity_from_deps\"/></value></block></statement></block></statement></block></next></block></xml>"
  }
}