{
  "_fv": 66,
  "_type": "feature",
  "definition": {
    "skipPlacement": true,
    "generationStep": "SURFACE_STRUCTURES",
    "restrictionBiomes": [],
    "featurexml": "<xml xmlns=\"https://developers.google.com/blockly/xml\"><block type=\"feature_container\" deletable=\"false\" x=\"40\" y=\"40\"><value name=\"feature\"><block type=\"feature_custom_structure\"><field name=\"structure\">world_gen</field><field name=\"x\">0</field><field name=\"y\">0</field><field name=\"z\">0</field><field name=\"random_rotation\">FALSE</field><field name=\"random_mirror\">FALSE</field><value name=\"ignored_blocks\"><block type=\"block_holderset_list\"><mutation xmlns=\"http://www.w3.org/1999/xhtml\" inputs=\"1\"></mutation><field name=\"block0\">Blocks.AIR</field></block></value></block></value><next><block type=\"placement_rarity\"><field name=\"rarity\">1</field><next><block type=\"placement_heightmap\"><field name=\"heightmap\">MOTION_BLOCKING_NO_LEAVES</field></block></next></block></next></block></xml>"
  }
}