{
  "_fv": 73,
  "_type": "gui",
  "definition": {
    "type": 0,
    "width": 0,
    "height": 0,
    "inventoryOffsetX": 0,
    "inventoryOffsetY": 0,
    "renderBgLayer": true,
    "doesPauseGame": false,
    "components": [
      {
        "type": "label",
        "data": {
          "name": "label_false_divination",
          "text": {
            "fixedValue": "ADVANCE SPELLS"
          },
          "color": {
            "value": -1,
            "falpha": 0.0
          },
          "x": 98,
          "y": 52,
          "locked": false
        }
      },
      {
        "type": "label",
        "data": {
          "name": "label_the_spell_of_astrology",
          "text": {
            "fixedValue": "magic system, can store"
          },
          "color": {
            "value": -12829636,
            "falpha": 0.0
          },
          "x": 70,
          "y": 124,
          "locked": false
        }
      },
      {
        "type": "label",
        "data": {
          "name": "label_use_all_13_zodiac_cards",
          "text": {
            "fixedValue": "small spells and run them."
          },
          "color": {
            "value": -12829636,
            "falpha": 0.0
          },
          "x": 70,
          "y": 136,
          "locked": false
        }
      },
      {
        "type": "label",
        "data": {
          "name": "label_goods_and_bad_effects",
          "text": {
            "fixedValue": "Designed to use only one"
          },
          "color": {
            "value": -12829636,
            "falpha": 0.0
          },
          "x": 70,
          "y": 148,
          "locked": false
        }
      },
      {
        "type": "label",
        "data": {
          "name": "label_proc_gu_ireturn_mana",
          "text": {
            "fixedValue": "",
            "name": "GUIreturnMana"
          },
          "color": {
            "value": -10066330,
            "falpha": 0.0
          },
          "x": 54,
          "y": 4,
          "locked": false
        }
      },
      {
        "type": "image",
        "data": {
          "image": "background_book.png",
          "use1Xscale": true,
          "x": 54,
          "y": 16,
          "locked": false
        }
      },
      {
        "type": "imagebutton",
        "data": {
          "name": "imagebutton_symbol_exit",
          "image": "symbol_exit.png",
          "hoveredImage": "",
          "onClick": {
            "name": "GUIClose"
          },
          "x": 358,
          "y": 208,
          "locked": false
        }
      },
      {
        "type": "imagebutton",
        "data": {
          "name": "imagebutton_icon_home",
          "image": "icon_home.png",
          "hoveredImage": "icon_home_2s.png",
          "onClick": {
            "name": "MenuGUIOpen"
          },
          "x": 42,
          "y": 24,
          "locked": false
        }
      },
      {
        "type": "imagebutton",
        "data": {
          "name": "imagebutton_symbol_next",
          "image": "symbol_next.png",
          "hoveredImage": "",
          "onClick": {
            "name": "GUInext"
          },
          "x": 366,
          "y": 108,
          "locked": false
        }
      },
      {
        "type": "imagebutton",
        "data": {
          "name": "imagebutton_symbol_previous",
          "image": "symbol_previous.png",
          "hoveredImage": "",
          "onClick": {
            "name": "GUIprevious"
          },
          "x": 54,
          "y": 108,
          "locked": false
        }
      },
      {
        "type": "label",
        "data": {
          "name": "label_proc_gu_ireturn_page_left",
          "text": {
            "fixedValue": "",
            "name": "GUIreturnPageLeft"
          },
          "color": {
            "value": -3355444,
            "falpha": 0.0
          },
          "x": 130,
          "y": 208,
          "locked": false
        }
      },
      {
        "type": "label",
        "data": {
          "name": "label_proc_gu_ireturn_page_right",
          "text": {
            "fixedValue": "",
            "name": "GUIreturnPageRight"
          },
          "color": {
            "value": -3355444,
            "falpha": 0.0
          },
          "x": 282,
          "y": 208,
          "locked": false
        }
      },
      {
        "type": "imagebutton",
        "data": {
          "name": "imagebutton_background_icon",
          "image": "background_icon.png",
          "hoveredImage": "",
          "x": 126,
          "y": 76,
          "locked": false
        }
      },
      {
        "type": "label",
        "data": {
          "name": "label_skills",
          "text": {
            "fixedValue": "Advance spell is a big"
          },
          "color": {
            "value": -12829636,
            "falpha": 0.0
          },
          "x": 78,
          "y": 112,
          "locked": false
        }
      },
      {
        "type": "imagebutton",
        "data": {
          "name": "imagebutton_icon_advance_spell",
          "image": "icon_advance_spell.png",
          "hoveredImage": "",
          "x": 130,
          "y": 80,
          "locked": false
        }
      },
      {
        "type": "label",
        "data": {
          "name": "label_per_time_since_its_very_comple",
          "text": {
            "fixedValue": "spell per time, since it's"
          },
          "color": {
            "value": -12829636,
            "falpha": 0.0
          },
          "x": 70,
          "y": 160,
          "locked": false
        }
      },
      {
        "type": "label",
        "data": {
          "name": "label_complex_and_can_cause",
          "text": {
            "fixedValue": "very complex and can"
          },
          "color": {
            "value": -12829636,
            "falpha": 0.0
          },
          "x": 70,
          "y": 172,
          "locked": false
        }
      },
      {
        "type": "label",
        "data": {
          "name": "label_1_false_divination",
          "text": {
            "fixedValue": "1 - False Divination"
          },
          "color": {
            "value": -3407872,
            "falpha": 0.0
          },
          "x": 242,
          "y": 32,
          "locked": false
        }
      },
      {
        "type": "label",
        "data": {
          "name": "label_pharos_of_the_sky",
          "text": {
            "fixedValue": "2 - Pharos of The Sky"
          },
          "color": {
            "value": -3407872,
            "falpha": 0.0
          },
          "x": 242,
          "y": 52,
          "locked": false
        }
      },
      {
        "type": "label",
        "data": {
          "name": "label_biosphere",
          "text": {
            "fixedValue": "3 - Biosphere"
          },
          "color": {
            "value": -3407872,
            "falpha": 0.0
          },
          "x": 242,
          "y": 72,
          "locked": false
        }
      },
      {
        "type": "label",
        "data": {
          "name": "label_autumn_of_loss",
          "text": {
            "fixedValue": "4 - Autumn of Loss"
          },
          "color": {
            "value": -10053376,
            "falpha": 0.0
          },
          "x": 242,
          "y": 92,
          "locked": false
        }
      },
      {
        "type": "label",
        "data": {
          "name": "label_lost_in_reality",
          "text": {
            "fixedValue": "5 - Lost in Reality"
          },
          "color": {
            "value": -3407872,
            "falpha": 0.0
          },
          "x": 242,
          "y": 112,
          "locked": false
        }
      },
      {
        "type": "label",
        "data": {
          "name": "label_moon_shines",
          "text": {
            "fixedValue": "6 - Moon Shines"
          },
          "color": {
            "value": -3407872,
            "falpha": 0.0
          },
          "x": 242,
          "y": 132,
          "locked": false
        }
      },
      {
        "type": "label",
        "data": {
          "name": "label_encantamentos",
          "text": {
            "fixedValue": "7 - Encantamentos"
          },
          "color": {
            "value": -3407872,
            "falpha": 0.0
          },
          "x": 242,
          "y": 152,
          "locked": false
        }
      },
      {
        "type": "label",
        "data": {
          "name": "label_lag_to_server",
          "text": {
            "fixedValue": "cause lag."
          },
          "color": {
            "value": -12829636,
            "falpha": 0.0
          },
          "x": 70,
          "y": 184,
          "locked": false
        }
      },
      {
        "type": "label",
        "data": {
          "name": "label_green_updated",
          "text": {
            "fixedValue": "Green = Updated"
          },
          "color": {
            "value": -10053376,
            "falpha": 0.0
          },
          "x": 222,
          "y": 184,
          "locked": false
        }
      },
      {
        "type": "imagebutton",
        "data": {
          "name": "imagebutton_symbol_line",
          "image": "symbol_line.png",
          "hoveredImage": "",
          "x": 222,
          "y": 168,
          "locked": false
        }
      },
      {
        "type": "label",
        "data": {
          "name": "label_spell_control_panel",
          "text": {
            "fixedValue": "SPELL CONTROL PANEL"
          },
          "color": {
            "value": -1,
            "falpha": 0.0
          },
          "x": 82,
          "y": 32,
          "locked": false
        }
      },
      {
        "type": "imagebutton",
        "data": {
          "name": "imagebutton_background_text_dark_gray",
          "image": "background_text_dark_gray.png",
          "hoveredImage": "",
          "x": 70,
          "y": 28,
          "locked": false
        }
      },
      {
        "type": "imagebutton",
        "data": {
          "name": "imagebutton_background_text_purple",
          "image": "background_text_purple.png",
          "hoveredImage": "",
          "x": 70,
          "y": 48,
          "locked": false
        }
      },
      {
        "type": "imagebutton",
        "data": {
          "name": "imagebutton_icon_advance_spell1",
          "image": "icon_advance_spell1.png",
          "hoveredImage": "",
          "x": 222,
          "y": 28,
          "locked": false
        }
      },
      {
        "type": "imagebutton",
        "data": {
          "name": "imagebutton_icon_advance_spell2",
          "image": "icon_advance_spell2.png",
          "hoveredImage": "",
          "x": 222,
          "y": 48,
          "locked": false
        }
      },
      {
        "type": "imagebutton",
        "data": {
          "name": "imagebutton_icon_advance_spell3",
          "image": "icon_advance_spell3.png",
          "hoveredImage": "",
          "x": 222,
          "y": 68,
          "locked": false
        }
      },
      {
        "type": "imagebutton",
        "data": {
          "name": "imagebutton_icon_advance_spell4",
          "image": "icon_advance_spell4.png",
          "hoveredImage": "",
          "x": 222,
          "y": 88,
          "locked": false
        }
      },
      {
        "type": "imagebutton",
        "data": {
          "name": "imagebutton_icon_advance_spell5",
          "image": "icon_advance_spell5.png",
          "hoveredImage": "",
          "x": 222,
          "y": 108,
          "locked": false
        }
      },
      {
        "type": "imagebutton",
        "data": {
          "name": "imagebutton_icon_advance_spell6",
          "image": "icon_advance_spell6.png",
          "hoveredImage": "",
          "x": 222,
          "y": 128,
          "locked": false
        }
      },
      {
        "type": "imagebutton",
        "data": {
          "name": "imagebutton_icon_advance_spell7",
          "image": "icon_advance_spell7.png",
          "hoveredImage": "",
          "x": 222,
          "y": 148,
          "locked": false
        }
      }
    ],
    "gridSettings": {
      "sx": 8,
      "sy": 8,
      "ox": 11,
      "oy": 15,
      "snapOnGrid": true
    }
  }
}