{
  "_fv": 73,
  "_type": "gui",
  "definition": {
    "type": 0,
    "width": 0,
    "height": 0,
    "inventoryOffsetX": 0,
    "inventoryOffsetY": 0,
    "renderBgLayer": true,
    "doesPauseGame": false,
    "components": [
      {
        "type": "image",
        "data": {
          "image": "background_book.png",
          "use1Xscale": true,
          "x": 54,
          "y": 16,
          "locked": false
        }
      },
      {
        "type": "label",
        "data": {
          "name": "label_proc_gu_ireturn_mana",
          "text": {
            "fixedValue": "",
            "name": "GUIreturnMana"
          },
          "color": {
            "value": -10066330,
            "falpha": 0.0
          },
          "x": 54,
          "y": 4,
          "locked": false
        }
      },
      {
        "type": "label",
        "data": {
          "name": "label_such_as_custom_entity_id",
          "text": {
            "fixedValue": "Add entities to ally list."
          },
          "color": {
            "value": -12829636,
            "falpha": 0.0
          },
          "x": 78,
          "y": 92,
          "locked": false
        }
      },
      {
        "type": "label",
        "data": {
          "name": "label_and_custom",
          "text": {
            "fixedValue": "Your allies can get your"
          },
          "color": {
            "value": -12829636,
            "falpha": 0.0
          },
          "x": 70,
          "y": 104,
          "locked": false
        }
      },
      {
        "type": "label",
        "data": {
          "name": "label_ally_list",
          "text": {
            "fixedValue": "ALLY LIST"
          },
          "color": {
            "value": -1,
            "falpha": 0.0
          },
          "x": 114,
          "y": 32,
          "locked": false
        }
      },
      {
        "type": "label",
        "data": {
          "name": "label_will_not_get_damage_from_your",
          "text": {
            "fixedValue": "support and will not get"
          },
          "color": {
            "value": -12829636,
            "falpha": 0.0
          },
          "x": 70,
          "y": 116,
          "locked": false
        }
      },
      {
        "type": "label",
        "data": {
          "name": "label_your_magic_maybe_in_some_case",
          "text": {
            "fixedValue": "damage from your magic,"
          },
          "color": {
            "value": -12829636,
            "falpha": 0.0
          },
          "x": 70,
          "y": 128,
          "locked": false
        }
      },
      {
        "type": "label",
        "data": {
          "name": "label_maybe_in_some_case",
          "text": {
            "fixedValue": "maybe not in some case."
          },
          "color": {
            "value": -12829636,
            "falpha": 0.0
          },
          "x": 70,
          "y": 140,
          "locked": false
        }
      },
      {
        "type": "imagebutton",
        "data": {
          "name": "imagebutton_image_ally_list",
          "image": "image_ally_list.png",
          "hoveredImage": "",
          "x": 234,
          "y": 148,
          "locked": false
        }
      },
      {
        "type": "imagebutton",
        "data": {
          "name": "imagebutton_icon_home",
          "image": "icon_home.png",
          "hoveredImage": "icon_home_2s.png",
          "onClick": {
            "name": "MenuGUIOpen"
          },
          "x": 42,
          "y": 24,
          "locked": false
        }
      },
      {
        "type": "imagebutton",
        "data": {
          "name": "imagebutton_symbol_exit",
          "image": "symbol_exit.png",
          "hoveredImage": "",
          "onClick": {
            "name": "GUIClose"
          },
          "x": 358,
          "y": 208,
          "locked": false
        }
      },
      {
        "type": "imagebutton",
        "data": {
          "name": "imagebutton_symbol_next",
          "image": "symbol_next.png",
          "hoveredImage": "",
          "onClick": {
            "name": "GUInext"
          },
          "x": 366,
          "y": 108,
          "locked": false
        }
      },
      {
        "type": "imagebutton",
        "data": {
          "name": "imagebutton_symbol_previous",
          "image": "symbol_previous.png",
          "hoveredImage": "",
          "onClick": {
            "name": "GUIprevious"
          },
          "x": 54,
          "y": 108,
          "locked": false
        }
      },
      {
        "type": "label",
        "data": {
          "name": "label_proc_gu_ireturn_page_left",
          "text": {
            "fixedValue": "",
            "name": "GUIreturnPageLeft"
          },
          "color": {
            "value": -3355444,
            "falpha": 0.0
          },
          "x": 130,
          "y": 208,
          "locked": false
        }
      },
      {
        "type": "label",
        "data": {
          "name": "label_proc_gu_ireturn_page_right",
          "text": {
            "fixedValue": "",
            "name": "GUIreturnPageRight"
          },
          "color": {
            "value": -3355444,
            "falpha": 0.0
          },
          "x": 282,
          "y": 208,
          "locked": false
        }
      },
      {
        "type": "imagebutton",
        "data": {
          "name": "imagebutton_background_icon",
          "image": "background_icon.png",
          "hoveredImage": "",
          "x": 126,
          "y": 56,
          "locked": false
        }
      },
      {
        "type": "label",
        "data": {
          "name": "label_support_target_selector",
          "text": {
            "fixedValue": "Supported to target"
          },
          "color": {
            "value": -12829636,
            "falpha": 0.0
          },
          "x": 78,
          "y": 156,
          "locked": false
        }
      },
      {
        "type": "label",
        "data": {
          "name": "label_need_alternative_keyboard",
          "text": {
            "fixedValue": "selector. Need custom text"
          },
          "color": {
            "value": -12829636,
            "falpha": 0.0
          },
          "x": 70,
          "y": 168,
          "locked": false
        }
      },
      {
        "type": "label",
        "data": {
          "name": "label_to_write_custom_text_before",
          "text": {
            "fixedValue": "from alternative keyboard."
          },
          "color": {
            "value": -12829636,
            "falpha": 0.0
          },
          "x": 70,
          "y": 180,
          "locked": false
        }
      },
      {
        "type": "label",
        "data": {
          "name": "label_example",
          "text": {
            "fixedValue": "EXAMPLES"
          },
          "color": {
            "value": -1,
            "falpha": 0.0
          },
          "x": 270,
          "y": 32,
          "locked": false
        }
      },
      {
        "type": "label",
        "data": {
          "name": "label_typeplayer",
          "text": {
            "fixedValue": "type=player"
          },
          "color": {
            "value": -6710887,
            "falpha": 0.0
          },
          "x": 222,
          "y": 64,
          "locked": false
        }
      },
      {
        "type": "label",
        "data": {
          "name": "label_typeplayerdistance10",
          "text": {
            "fixedValue": "type=player,distance=..10"
          },
          "color": {
            "value": -6710887,
            "falpha": 0.0
          },
          "x": 222,
          "y": 88,
          "locked": false
        }
      },
      {
        "type": "label",
        "data": {
          "name": "label_distance10",
          "text": {
            "fixedValue": "distance=..10"
          },
          "color": {
            "value": -6710887,
            "falpha": 0.0
          },
          "x": 222,
          "y": 112,
          "locked": false
        }
      },
      {
        "type": "label",
        "data": {
          "name": "label_all_online_players",
          "text": {
            "fixedValue": "All players"
          },
          "color": {
            "value": -12829636,
            "falpha": 0.0
          },
          "x": 222,
          "y": 52,
          "locked": false
        }
      },
      {
        "type": "label",
        "data": {
          "name": "label_all_online_players_in_10_blocks",
          "text": {
            "fixedValue": "All players in 10 blocks"
          },
          "color": {
            "value": -12829636,
            "falpha": 0.0
          },
          "x": 222,
          "y": 76,
          "locked": false
        }
      },
      {
        "type": "label",
        "data": {
          "name": "label_all_entities_in_10_blocks",
          "text": {
            "fixedValue": "All entities in 10 blocks"
          },
          "color": {
            "value": -12829636,
            "falpha": 0.0
          },
          "x": 222,
          "y": 100,
          "locked": false
        }
      },
      {
        "type": "label",
        "data": {
          "name": "label_all_villagers",
          "text": {
            "fixedValue": "All Villagers"
          },
          "color": {
            "value": -12829636,
            "falpha": 0.0
          },
          "x": 222,
          "y": 124,
          "locked": false
        }
      },
      {
        "type": "label",
        "data": {
          "name": "label_typevillager",
          "text": {
            "fixedValue": "type=villager"
          },
          "color": {
            "value": -6710887,
            "falpha": 0.0
          },
          "x": 222,
          "y": 136,
          "locked": false
        }
      },
      {
        "type": "imagebutton",
        "data": {
          "name": "imagebutton_icon_ally_list",
          "image": "icon_ally_list.png",
          "hoveredImage": "",
          "x": 130,
          "y": 60,
          "locked": false
        }
      },
      {
        "type": "imagebutton",
        "data": {
          "name": "imagebutton_background_text_purple",
          "image": "background_text_purple.png",
          "hoveredImage": "",
          "x": 70,
          "y": 28,
          "locked": false
        }
      },
      {
        "type": "imagebutton",
        "data": {
          "name": "imagebutton_background_text_green",
          "image": "background_text_green.png",
          "hoveredImage": "",
          "x": 222,
          "y": 28,
          "locked": false
        }
      }
    ],
    "gridSettings": {
      "sx": 8,
      "sy": 8,
      "ox": 11,
      "oy": 15,
      "snapOnGrid": true
    }
  }
}