{
  "_fv": 73,
  "_type": "procedure",
  "definition": {
    "procedurexml": "<?xml version=\"1.0\" encoding=\"UTF-8\" standalone=\"no\"?><xml xmlns=\"https://developers.google.com/blockly/xml\"><block deletable=\"false\" type=\"event_trigger\" x=\"40\" y=\"40\"><field name=\"trigger\">no_ext_trigger</field><next><block type=\"entity_execute_command\"><value name=\"command\"><block type=\"text_join\"><mutation items=\"2\"/><value name=\"ADD0\"><block type=\"text\"><field name=\"TEXT\">tellraw @p [\"\",</field></block></value><value name=\"ADD1\"><block type=\"text_join\"><mutation items=\"10\"/><value name=\"ADD0\"><block type=\"text\"><field name=\"TEXT\">{\"text\":\"LOTW : \",\"color\":\"gray\"},</field></block></value><value name=\"ADD1\"><block type=\"text\"><field name=\"TEXT\">{\"text\":\"CurseForge\",\"color\":\"gold\",\"clickEvent\":{\"action\":\"open_url\",\"value\":\"https://legacy.curseforge.com/members/tannyjung/projects\"}},</field></block></value><value name=\"ADD2\"><block type=\"text\"><field name=\"TEXT\">{\"text\":\" | \",\"color\":\"gray\"},</field></block></value><value name=\"ADD3\"><block type=\"text\"><field name=\"TEXT\">{\"text\":\"Discord\",\"color\":\"gold\",\"clickEvent\":{\"action\":\"open_url\",\"value\":\"https://discord.gg/SPPc2J7Unx\"}},</field></block></value><value name=\"ADD4\"><block type=\"text\"><field name=\"TEXT\">{\"text\":\" | \",\"color\":\"gray\"},</field></block></value><value name=\"ADD5\"><block type=\"text\"><field name=\"TEXT\">{\"text\":\"Patreon\",\"color\":\"gold\",\"clickEvent\":{\"action\":\"open_url\",\"value\":\"https://www.patreon.com/tannyjung\"}},</field></block></value><value name=\"ADD6\"><block type=\"text\"><field name=\"TEXT\">{\"text\":\" | \",\"color\":\"gray\"},</field></block></value><value name=\"ADD7\"><block type=\"text\"><field name=\"TEXT\">{\"text\":\"Twitter\",\"color\":\"gold\",\"clickEvent\":{\"action\":\"open_url\",\"value\":\"https://twitter.com/TannyJung\"}},</field></block></value><value name=\"ADD8\"><block type=\"text\"><field name=\"TEXT\">{\"text\":\" | \",\"color\":\"gray\"},</field></block></value><value name=\"ADD9\"><block type=\"text\"><field name=\"TEXT\">{\"text\":\"Pinterest\",\"color\":\"gold\",\"clickEvent\":{\"action\":\"open_url\",\"value\":\"https://www.pinterest.com/tannyjungmc/tannyjung-pins/\"}}]</field></block></value></block></value></block></value><value name=\"entity\"><block type=\"entity_from_deps\"/></value></block></next></block></xml>"
  }
}