{
  "_fv": 73,
  "_type": "gui",
  "definition": {
    "type": 0,
    "width": 0,
    "height": 0,
    "inventoryOffsetX": 0,
    "inventoryOffsetY": 0,
    "renderBgLayer": true,
    "doesPauseGame": false,
    "components": [
      {
        "type": "image",
        "data": {
          "image": "gui_component_background.png",
          "use1Xscale": true,
          "x": 14,
          "y": 0,
          "locked": true
        }
      },
      {
        "type": "imagebutton",
        "data": {
          "name": "imagebutton_gui_component_close",
          "image": "gui_component_close.png",
          "hoveredImage": "gui_component_close_hovered.png",
          "onClick": {
            "name": "GUIClose"
          },
          "x": 418,
          "y": 232,
          "locked": true
        }
      },
      {
        "type": "imagebutton",
        "data": {
          "name": "imagebutton_gui_component_page_previous",
          "image": "gui_component_page_previous.png",
          "hoveredImage": "gui_component_page_previous_hovered.png",
          "onClick": {
            "name": "GUIPagePrevious"
          },
          "x": 26,
          "y": 212,
          "locked": true
        }
      },
      {
        "type": "imagebutton",
        "data": {
          "name": "imagebutton_gui_component_page_next",
          "image": "gui_component_page_next.png",
          "hoveredImage": "gui_component_page_next_hovered.png",
          "onClick": {
            "name": "GUIPageNext"
          },
          "x": 386,
          "y": 212,
          "locked": true
        }
      },
      {
        "type": "label",
        "data": {
          "name": "label_proc_gui_page_number_left",
          "text": {
            "fixedValue": "",
            "name": "GUIPageNumberLeft"
          },
          "color": {
            "value": -4017518,
            "falpha": 0.0
          },
          "x": 44,
          "y": 218,
          "locked": true
        }
      },
      {
        "type": "label",
        "data": {
          "name": "label_proc_gui_page_number_right",
          "text": {
            "fixedValue": "",
            "name": "GUIPageNumberRight"
          },
          "color": {
            "value": -4017518,
            "falpha": 0.0
          },
          "x": 370,
          "y": 218,
          "locked": true
        }
      },
      {
        "type": "sprite",
        "data": {
          "sprite": "gui_component_mana_bar.png",
          "spritesCount": 151,
          "spriteIndex": {
            "fixedValue": 0.0,
            "name": "GUIMana"
          },
          "x": 409,
          "y": 12,
          "locked": true
        }
      },
      {
        "type": "sprite",
        "data": {
          "sprite": "gui_component_mana_bar_charge.png",
          "spritesCount": 61,
          "spriteIndex": {
            "fixedValue": 0.0,
            "name": "GUIManaCharge"
          },
          "x": 409,
          "y": 166,
          "locked": true
        }
      },
      {
        "type": "imagebutton",
        "data": {
          "name": "imagebutton_gui_component_shortcut_home",
          "image": "gui_component_shortcut_home.png",
          "hoveredImage": "gui_component_shortcut_home_hovered.png",
          "onClick": {
            "name": "GUIMenuOpen"
          },
          "x": 2,
          "y": 12,
          "locked": true
        }
      },
      {
        "type": "imagebutton",
        "data": {
          "name": "imagebutton_gui_component_shortcut_custom",
          "image": "gui_component_shortcut_custom.png",
          "hoveredImage": "gui_component_shortcut_custom_hovered.png",
          "onClick": {
            "name": "GUIShortcutCustom"
          },
          "x": 2,
          "y": 24,
          "locked": true
        }
      },
      {
        "type": "imagebutton",
        "data": {
          "name": "imagebutton_gui_component_shortcut_custom_set",
          "image": "gui_component_shortcut_custom_set.png",
          "hoveredImage": "gui_component_shortcut_custom_set_hovered.png",
          "onClick": {
            "name": "GUIShortcutCustomSet"
          },
          "x": 17,
          "y": 33,
          "locked": true
        }
      },
      {
        "type": "imagebutton",
        "data": {
          "name": "imagebutton_gui_component_shortcut_ally_list",
          "image": "gui_component_shortcut_ally_list.png",
          "hoveredImage": "gui_component_shortcut_ally_list_hovered.png",
          "x": 2,
          "y": 48,
          "locked": true
        }
      },
      {
        "type": "imagebutton",
        "data": {
          "name": "imagebutton_gui_component_shortcut_basic_spell",
          "image": "gui_component_shortcut_basic_spells.png",
          "hoveredImage": "gui_component_shortcut_basic_spells_hovered.png",
          "x": 2,
          "y": 60,
          "locked": true
        }
      },
      {
        "type": "imagebutton",
        "data": {
          "name": "imagebutton_gui_component_shortcut_spell_contr",
          "image": "gui_component_shortcut_spell_control.png",
          "hoveredImage": "gui_component_shortcut_spell_control_hovered.png",
          "x": 2,
          "y": 72,
          "locked": true
        }
      },
      {
        "type": "sprite",
        "data": {
          "sprite": "gui_component_log_type.png",
          "spritesCount": 4,
          "spriteIndex": {
            "fixedValue": 0.0,
            "name": "GUILogType"
          },
          "x": 220,
          "y": 230,
          "locked": true
        }
      },
      {
        "type": "imagebutton",
        "data": {
          "name": "imagebutton_gui_component_log_type_set",
          "image": "gui_component_log_type_set.png",
          "hoveredImage": "gui_component_log_type_set_hovered.png",
          "onClick": {
            "name": "GUILogTypeSet"
          },
          "x": 220,
          "y": 230,
          "locked": true
        }
      },
      {
        "type": "label",
        "data": {
          "name": "label_proc_gui_log",
          "text": {
            "fixedValue": "",
            "name": "GUILog"
          },
          "color": {
            "value": -3368704,
            "falpha": 0.0
          },
          "x": 230,
          "y": 229,
          "locked": true
        }
      },
      {
        "type": "sprite",
        "data": {
          "sprite": "gui_component_clock.png",
          "spritesCount": 24,
          "spriteIndex": {
            "fixedValue": 0.0,
            "name": "GUIClock"
          },
          "x": 25,
          "y": 230,
          "locked": true
        }
      },
      {
        "type": "sprite",
        "data": {
          "sprite": "gui_component_compass.png",
          "spritesCount": 8,
          "spriteIndex": {
            "fixedValue": 0.0,
            "name": "GUICompass"
          },
          "x": 33,
          "y": 230,
          "locked": true
        }
      },
      {
        "type": "sprite",
        "data": {
          "sprite": "gui_component_compass_custom.png",
          "spritesCount": 8,
          "spriteIndex": {
            "fixedValue": 0.0,
            "name": "GUICompassCustom"
          },
          "x": 41,
          "y": 230,
          "locked": true
        }
      },
      {
        "type": "imagebutton",
        "data": {
          "name": "imagebutton_gui_component_compass_custom_set",
          "image": "gui_component_compass_custom_set.png",
          "hoveredImage": "gui_component_compass_custom_set_hovered.png",
          "onClick": {
            "name": "GUICompassCustomSet"
          },
          "x": 50,
          "y": 232,
          "locked": true
        }
      },
      {
        "type": "image",
        "data": {
          "image": "image_banner.png",
          "use1Xscale": true,
          "x": 50,
          "y": 48,
          "locked": false
        }
      },
      {
        "type": "label",
        "data": {
          "name": "label_lantern_of_the_woodlands_lotw",
          "text": {
            "fixedValue": "Lantern of The Woodlands"
          },
          "color": {
            "value": -12829636,
            "falpha": 0.0
          },
          "x": 42,
          "y": 102,
          "locked": false
        }
      },
      {
        "type": "label",
        "data": {
          "name": "label_is_a_magic_mod_collection_of_my",
          "text": {
            "fixedValue": "is a magic mod, collection of my"
          },
          "color": {
            "value": -12829636,
            "falpha": 0.0
          },
          "x": 34,
          "y": 112,
          "locked": false
        }
      },
      {
        "type": "label",
        "data": {
          "name": "label_magic_systems_added_a_spellbook",
          "text": {
            "fixedValue": "magic systems. Added a spellbook"
          },
          "color": {
            "value": -12829636,
            "falpha": 0.0
          },
          "x": 34,
          "y": 122,
          "locked": false
        }
      },
      {
        "type": "label",
        "data": {
          "name": "label_with_a_lot_of_functions_and_spel",
          "text": {
            "fixedValue": "with a lot of functions and spells"
          },
          "color": {
            "value": -12829636,
            "falpha": 0.0
          },
          "x": 34,
          "y": 132,
          "locked": false
        }
      },
      {
        "type": "label",
        "data": {
          "name": "label_to_use_the_spells_will_be_categ",
          "text": {
            "fixedValue": "to use. The spells will be"
          },
          "color": {
            "value": -12829636,
            "falpha": 0.0
          },
          "x": 34,
          "y": 142,
          "locked": false
        }
      },
      {
        "type": "label",
        "data": {
          "name": "label_categorized_like_magic_classes",
          "text": {
            "fixedValue": "categorized like magic classes,"
          },
          "color": {
            "value": -12829636,
            "falpha": 0.0
          },
          "x": 34,
          "y": 152,
          "locked": false
        }
      },
      {
        "type": "label",
        "data": {
          "name": "label_those_classes_also_contain_subcl",
          "text": {
            "fixedValue": "those classes also contain"
          },
          "color": {
            "value": -12829636,
            "falpha": 0.0
          },
          "x": 34,
          "y": 162,
          "locked": false
        }
      },
      {
        "type": "label",
        "data": {
          "name": "label_subclasses_user_can_choose_a_cl",
          "text": {
            "fixedValue": "subclasses. User can choose"
          },
          "color": {
            "value": -12829636,
            "falpha": 0.0
          },
          "x": 34,
          "y": 172,
          "locked": false
        }
      },
      {
        "type": "label",
        "data": {
          "name": "label_user_can_choose_a_class_they_lik",
          "text": {
            "fixedValue": "a class they like, and upgrade"
          },
          "color": {
            "value": -12829636,
            "falpha": 0.0
          },
          "x": 34,
          "y": 182,
          "locked": false
        }
      },
      {
        "type": "label",
        "data": {
          "name": "label_their_magic_this_mod_designs_to",
          "text": {
            "fixedValue": "their magic."
          },
          "color": {
            "value": -12829636,
            "falpha": 0.0
          },
          "x": 34,
          "y": 192,
          "locked": false
        }
      },
      {
        "type": "label",
        "data": {
          "name": "label_this_mod_designs_to_be_like_idle",
          "text": {
            "fixedValue": "This mod designs to be like"
          },
          "color": {
            "value": -12829636,
            "falpha": 0.0
          },
          "x": 234,
          "y": 16,
          "locked": false
        }
      },
      {
        "type": "label",
        "data": {
          "name": "label_games_the_only_thing_you_need_t",
          "text": {
            "fixedValue": "idle games, the only thing you"
          },
          "color": {
            "value": -12829636,
            "falpha": 0.0
          },
          "x": 226,
          "y": 26,
          "locked": false
        }
      },
      {
        "type": "label",
        "data": {
          "name": "label_upgrade_the_magic_is_your_time",
          "text": {
            "fixedValue": "need to upgrade the magic is"
          },
          "color": {
            "value": -12829636,
            "falpha": 0.0
          },
          "x": 226,
          "y": 36,
          "locked": false
        }
      },
      {
        "type": "label",
        "data": {
          "name": "label_the_more_time_you_spend_the_mor",
          "text": {
            "fixedValue": "your time. The more time you"
          },
          "color": {
            "value": -12829636,
            "falpha": 0.0
          },
          "x": 226,
          "y": 46,
          "locked": false
        }
      },
      {
        "type": "label",
        "data": {
          "name": "label_you_become_a_master_of_that_magi",
          "text": {
            "fixedValue": "spend, the more you become"
          },
          "color": {
            "value": -12829636,
            "falpha": 0.0
          },
          "x": 226,
          "y": 56,
          "locked": false
        }
      },
      {
        "type": "label",
        "data": {
          "name": "label_this_mod_combines_of_mcreator_an",
          "text": {
            "fixedValue": "This mod combines of MCreator"
          },
          "color": {
            "value": -12829636,
            "falpha": 0.0
          },
          "x": 234,
          "y": 86,
          "locked": false
        }
      },
      {
        "type": "label",
        "data": {
          "name": "label_and_my_command_block_skills_rem",
          "text": {
            "fixedValue": "and my command block skills."
          },
          "color": {
            "value": -12829636,
            "falpha": 0.0
          },
          "x": 226,
          "y": 96,
          "locked": false
        }
      },
      {
        "type": "label",
        "data": {
          "name": "label_remake_of_lantern_staff_from_m",
          "text": {
            "fixedValue": "Remake of \"Lantern Staff\" from"
          },
          "color": {
            "value": -12829636,
            "falpha": 0.0
          },
          "x": 226,
          "y": 106,
          "locked": false
        }
      },
      {
        "type": "label",
        "data": {
          "name": "label_my_skywiza_command_block_system",
          "text": {
            "fixedValue": "SKYWIZA command block system."
          },
          "color": {
            "value": -12829636,
            "falpha": 0.0
          },
          "x": 226,
          "y": 116,
          "locked": false
        }
      },
      {
        "type": "label",
        "data": {
          "name": "label_a_master_of_that_magic",
          "text": {
            "fixedValue": "a master of that magic."
          },
          "color": {
            "value": -12829636,
            "falpha": 0.0
          },
          "x": 226,
          "y": 66,
          "locked": false
        }
      }
    ],
    "gridSettings": {
      "sx": 8,
      "sy": 8,
      "ox": 3,
      "oy": 15,
      "snapOnGrid": true
    }
  }
}