{
  "_fv": 73,
  "_type": "command",
  "definition": {
    "commandName": "lanternofthewoodlands",
    "type": "STANDARD",
    "permissionLevel": "2",
    "argsxml": "<xml xmlns=\"https://developers.google.com/blockly/xml\"><block type=\"args_start\" deletable=\"false\" x=\"40\" y=\"40\"><next><block type=\"literal\"><field name=\"name\">spell4</field><statement name=\"args\"><block type=\"literal\"><field name=\"name\">shoot_nearest</field><statement name=\"args\"><block type=\"call_procedure\"><field name=\"procedure\">Spell4commandShootNearest</field></block></statement></block></statement></block></next></block></xml>"
  }
}