{
  "_fv": 73,
  "_type": "overlay",
  "definition": {
    "priority": "NORMAL",
    "components": [
      {
        "type": "image",
        "data": {
          "image": "symbol_homing.png",
          "use1Xscale": false,
          "anchorPoint": "TOP_LEFT",
          "x": 14,
          "y": 76,
          "locked": false
        }
      },
      {
        "type": "image",
        "data": {
          "image": "symbol_homing_2s.png",
          "use1Xscale": false,
          "displayCondition": {
            "name": "Spell4GUIreturnHomingTrue"
          },
          "anchorPoint": "TOP_LEFT",
          "x": 14,
          "y": 76,
          "locked": false
        }
      },
      {
        "type": "image",
        "data": {
          "image": "symbol_constant.png",
          "use1Xscale": false,
          "anchorPoint": "TOP_LEFT",
          "x": 6,
          "y": 76,
          "locked": false
        }
      },
      {
        "type": "image",
        "data": {
          "image": "symbol_constant_2s.png",
          "use1Xscale": false,
          "displayCondition": {
            "name": "Spell4GUIreturnConstantTrue"
          },
          "anchorPoint": "TOP_LEFT",
          "x": 6,
          "y": 76,
          "locked": false
        }
      },
      {
        "type": "image",
        "data": {
          "image": "symbol_lock_target.png",
          "use1Xscale": false,
          "anchorPoint": "TOP_LEFT",
          "x": 6,
          "y": 68,
          "locked": false
        }
      },
      {
        "type": "image",
        "data": {
          "image": "symbol_lock_target_2s.png",
          "use1Xscale": false,
          "displayCondition": {
            "name": "Spell4GUIreturnLockTargetTrue"
          },
          "anchorPoint": "TOP_LEFT",
          "x": 6,
          "y": 68,
          "locked": false
        }
      },
      {
        "type": "image",
        "data": {
          "image": "symbol_reverse.png",
          "use1Xscale": false,
          "anchorPoint": "TOP_LEFT",
          "x": 14,
          "y": 68,
          "locked": false
        }
      },
      {
        "type": "image",
        "data": {
          "image": "symbol_reverse_2s.png",
          "use1Xscale": false,
          "displayCondition": {
            "name": "Spell4GUIreturnReverseTrue"
          },
          "anchorPoint": "TOP_LEFT",
          "x": 14,
          "y": 68,
          "locked": false
        }
      },
      {
        "type": "image",
        "data": {
          "image": "icon_all.png",
          "use1Xscale": false,
          "displayCondition": {
            "name": "Spell4GUIreturnTypeAll"
          },
          "anchorPoint": "TOP_LEFT",
          "x": 6,
          "y": 8,
          "locked": false
        }
      },
      {
        "type": "image",
        "data": {
          "image": "icon_nothing.png",
          "use1Xscale": false,
          "displayCondition": {
            "name": "Spell4GUIreturnTypeUnselected"
          },
          "anchorPoint": "TOP_LEFT",
          "x": 6,
          "y": 8,
          "locked": false
        }
      },
      {
        "type": "label",
        "data": {
          "name": "label_03",
          "text": {
            "fixedValue": "",
            "name": "Spell4GUIreturnAbilityCooldown"
          },
          "color": {
            "value": -3407668,
            "falpha": 0.0
          },
          "displayCondition": {
            "name": "Spell4GUIreturnAbilityCooldownTrue"
          },
          "anchorPoint": "TOP_LEFT",
          "x": 9,
          "y": 53,
          "locked": false
        }
      },
      {
        "type": "label",
        "data": {
          "name": "label_proc_spell_4return_skill_duratio",
          "text": {
            "fixedValue": "",
            "name": "Spell4GUIreturnAbilityDuration"
          },
          "color": {
            "value": -602122,
            "falpha": 0.0
          },
          "displayCondition": {
            "name": "Spell4GUIreturnAbilityDurationTrue"
          },
          "anchorPoint": "TOP_LEFT",
          "x": 9,
          "y": 53,
          "locked": false
        }
      },
      {
        "type": "label",
        "data": {
          "name": "label_proc_spell_4return_distance",
          "text": {
            "fixedValue": "",
            "name": "Spell4GUIreturnDistance"
          },
          "color": {
            "value": -13421773,
            "falpha": 0.0
          },
          "anchorPoint": "TOP_LEFT",
          "x": 26,
          "y": 72,
          "locked": false
        }
      },
      {
        "type": "image",
        "data": {
          "image": "icon_spell_sword_manipulation.png",
          "use1Xscale": false,
          "displayCondition": {
            "name": "Spell4GUIreturnTypeSword"
          },
          "anchorPoint": "TOP_LEFT",
          "x": 6,
          "y": 8,
          "locked": false
        }
      },
      {
        "type": "image",
        "data": {
          "image": "icon_spell_shield_manipulation.png",
          "use1Xscale": false,
          "displayCondition": {
            "name": "Spell4GUIreturnTypeShield"
          },
          "anchorPoint": "TOP_LEFT",
          "x": 6,
          "y": 8,
          "locked": false
        }
      },
      {
        "type": "image",
        "data": {
          "image": "icon_nothing.png",
          "use1Xscale": false,
          "anchorPoint": "TOP_LEFT",
          "x": 6,
          "y": 48,
          "locked": false
        }
      },
      {
        "type": "image",
        "data": {
          "image": "icon_spell_hidden_objects.png",
          "use1Xscale": false,
          "displayCondition": {
            "name": "Spell4GUIreturnTypeSword"
          },
          "anchorPoint": "TOP_LEFT",
          "x": 6,
          "y": 48,
          "locked": false
        }
      },
      {
        "type": "image",
        "data": {
          "image": "icon_spell_lantern_manipulation.png",
          "use1Xscale": false,
          "displayCondition": {
            "name": "Spell4GUIreturnTypeLantern"
          },
          "anchorPoint": "TOP_LEFT",
          "x": 6,
          "y": 8,
          "locked": false
        }
      },
      {
        "type": "image",
        "data": {
          "image": "icon_spell_bow_manipulation.png",
          "use1Xscale": false,
          "displayCondition": {
            "name": "Spell4GUIreturnTypeBow"
          },
          "anchorPoint": "TOP_LEFT",
          "x": 6,
          "y": 8,
          "locked": false
        }
      },
      {
        "type": "image",
        "data": {
          "image": "icon_spell_rain_of_arrows.png",
          "use1Xscale": false,
          "displayCondition": {
            "name": "Spell4GUIreturnTypeBow"
          },
          "anchorPoint": "TOP_LEFT",
          "x": 6,
          "y": 48,
          "locked": false
        }
      },
      {
        "type": "image",
        "data": {
          "image": "icon_spell_lantern_light.png",
          "use1Xscale": false,
          "displayCondition": {
            "name": "Spell4GUIreturnTypeLantern"
          },
          "anchorPoint": "TOP_LEFT",
          "x": 6,
          "y": 48,
          "locked": false
        }
      },
      {
        "type": "image",
        "data": {
          "image": "icon_spell_the_flying_horses.png",
          "use1Xscale": false,
          "displayCondition": {
            "name": "Spell4GUIreturnTypeShield"
          },
          "anchorPoint": "TOP_LEFT",
          "x": 6,
          "y": 48,
          "locked": false
        }
      },
      {
        "type": "image",
        "data": {
          "image": "icon_spell_anchor_retrieval.png",
          "use1Xscale": false,
          "displayCondition": {
            "name": "Spell4GUIreturnTypeAnchor"
          },
          "anchorPoint": "TOP_LEFT",
          "x": 6,
          "y": 48,
          "locked": false
        }
      },
      {
        "type": "image",
        "data": {
          "image": "icon_spell_lost_anchor.png",
          "use1Xscale": false,
          "displayCondition": {
            "name": "Spell4GUIreturnTypeAnchor"
          },
          "anchorPoint": "TOP_LEFT",
          "x": 6,
          "y": 8,
          "locked": false
        }
      },
      {
        "type": "image",
        "data": {
          "image": "cooldown.png",
          "use1Xscale": false,
          "displayCondition": {
            "name": "Spell4GUIreturnAbilityDurationTrue"
          },
          "anchorPoint": "TOP_LEFT",
          "x": 6,
          "y": 48,
          "locked": false
        }
      },
      {
        "type": "image",
        "data": {
          "image": "cooldown.png",
          "use1Xscale": false,
          "displayCondition": {
            "name": "Spell4GUIreturnAbilityCooldownTrue"
          },
          "anchorPoint": "TOP_LEFT",
          "x": 6,
          "y": 48,
          "locked": false
        }
      },
      {
        "type": "image",
        "data": {
          "image": "icon_spell_knight_sword.png",
          "use1Xscale": false,
          "displayCondition": {
            "name": "Spell4GUIreturnTypeKnightSword"
          },
          "anchorPoint": "TOP_LEFT",
          "x": 6,
          "y": 8,
          "locked": false
        }
      },
      {
        "type": "sprite",
        "data": {
          "sprite": "overlay_spell4_mode.png",
          "spritesCount": 4,
          "spriteIndex": {
            "fixedValue": 0.0,
            "name": "OVERLAYSpell4Mode"
          },
          "anchorPoint": "CENTER_LEFT",
          "x": 6,
          "y": 112,
          "locked": false
        }
      }
    ],
    "baseTexture": "",
    "overlayTarget": "Ingame",
    "gridSettings": {
      "sx": 8,
      "sy": 8,
      "ox": 11,
      "oy": 15,
      "snapOnGrid": true
    }
  }
}