{
  "_fv": 73,
  "_type": "gui",
  "definition": {
    "type": 0,
    "width": 0,
    "height": 0,
    "inventoryOffsetX": 0,
    "inventoryOffsetY": 0,
    "renderBgLayer": true,
    "doesPauseGame": false,
    "components": [
      {
        "type": "label",
        "data": {
          "name": "label_proc_gu_ireturn_mana",
          "text": {
            "fixedValue": "",
            "name": "GUIreturnMana"
          },
          "color": {
            "value": -10066330,
            "falpha": 0.0
          },
          "x": 54,
          "y": 4,
          "locked": false
        }
      },
      {
        "type": "imagebutton",
        "data": {
          "name": "imagebutton_symbol_next",
          "image": "symbol_next.png",
          "hoveredImage": "",
          "onClick": {
            "name": "GUInext"
          },
          "x": 366,
          "y": 108,
          "locked": false
        }
      },
      {
        "type": "label",
        "data": {
          "name": "label_proc_gu_ireturn_page_left",
          "text": {
            "fixedValue": "",
            "name": "GUIreturnPageLeft"
          },
          "color": {
            "value": -3355444,
            "falpha": 0.0
          },
          "x": 130,
          "y": 208,
          "locked": false
        }
      },
      {
        "type": "label",
        "data": {
          "name": "label_proc_gu_ireturn_page_right",
          "text": {
            "fixedValue": "",
            "name": "GUIreturnPageRight"
          },
          "color": {
            "value": -3355444,
            "falpha": 0.0
          },
          "x": 282,
          "y": 208,
          "locked": false
        }
      },
      {
        "type": "image",
        "data": {
          "image": "background_book.png",
          "use1Xscale": true,
          "x": 54,
          "y": 16,
          "locked": false
        }
      },
      {
        "type": "imagebutton",
        "data": {
          "name": "imagebutton_icon_home",
          "image": "icon_home.png",
          "hoveredImage": "icon_home_2s.png",
          "onClick": {
            "name": "MenuGUIOpen"
          },
          "x": 42,
          "y": 24,
          "locked": false
        }
      },
      {
        "type": "imagebutton",
        "data": {
          "name": "imagebutton_symbol_previous",
          "image": "symbol_previous.png",
          "hoveredImage": "",
          "onClick": {
            "name": "GUIprevious"
          },
          "x": 54,
          "y": 108,
          "locked": false
        }
      },
      {
        "type": "imagebutton",
        "data": {
          "name": "imagebutton_symbol_checkbox",
          "image": "symbol_checkbox.png",
          "hoveredImage": "",
          "x": 70,
          "y": 32,
          "locked": false
        }
      },
      {
        "type": "label",
        "data": {
          "name": "label_balance",
          "text": {
            "fixedValue": "Balance"
          },
          "color": {
            "value": -12829636,
            "falpha": 0.0
          },
          "x": 82,
          "y": 32,
          "locked": false
        }
      },
      {
        "type": "imagebutton",
        "data": {
          "name": "imagebutton_symbol_line_2s",
          "image": "symbol_line_2s.png",
          "hoveredImage": "",
          "x": 70,
          "y": 44,
          "locked": false
        }
      },
      {
        "type": "imagebutton",
        "data": {
          "name": "imagebutton_symbol_set_cycle",
          "image": "symbol_set_cycle.png",
          "hoveredImage": "",
          "x": 70,
          "y": 56,
          "locked": false
        }
      },
      {
        "type": "label",
        "data": {
          "name": "label_height",
          "text": {
            "fixedValue": "Height"
          },
          "color": {
            "value": -12829636,
            "falpha": 0.0
          },
          "x": 82,
          "y": 44,
          "locked": false
        }
      },
      {
        "type": "imagebutton",
        "data": {
          "name": "imagebutton_image_spell4_settings",
          "image": "image_spell4_settings.png",
          "hoveredImage": "",
          "x": 82,
          "y": 72,
          "locked": false
        }
      }
    ],
    "gridSettings": {
      "sx": 8,
      "sy": 8,
      "ox": 11,
      "oy": 15,
      "snapOnGrid": true
    }
  }
}