{
  "_fv": 34,
  "_type": "tag",
  "definition": {
    "type": "Blocks",
    "items": [],
    "blocks": [
      {
        "value": "Blocks.AIR"
      },
      {
        "value": "Blocks.VOID_AIR"
      },
      {
        "value": "Blocks.CAVE_AIR"
      },
      {
        "value": "Blocks.FLOWING_WATER"
      },
      {
        "value": "Blocks.WATER"
      },
      {
        "value": "Blocks.FLOWING_LAVA"
      },
      {
        "value": "Blocks.LAVA"
      },
      {
        "value": "Blocks.LEAVES#0"
      },
      {
        "value": "Blocks.LEAVES#1"
      },
      {
        "value": "Blocks.LEAVES#2"
      },
      {
        "value": "Blocks.LEAVES#3"
      },
      {
        "value": "Blocks.LEAVES2"
      },
      {
        "value": "Blocks.LEAVES2#0"
      },
      {
        "value": "Blocks.LEAVES2#1"
      },
      {
        "value": "Blocks.TALLGRASS#1"
      },
      {
        "value": "Blocks.DOUBLE_PLANT#2"
      },
      {
        "value": "Blocks.BROWN_MUSHROOM_BLOCK"
      },
      {
        "value": "Blocks.RED_MUSHROOM_BLOCK"
      },
      {
        "value": "Blocks.SEAGRASS"
      },
      {
        "value": "Blocks.TALL_SEAGRASS"
      },
      {
        "value": "Blocks.VINE"
      },
      {
        "value": "Blocks.DEADBUSH"
      },
      {
        "value": "Blocks.CACTUS"
      },
      {
        "value": "Blocks.TALLGRASS#2"
      },
      {
        "value": "Blocks.YELLOW_FLOWER"
      },
      {
        "value": "Blocks.RED_FLOWER#0"
      },
      {
        "value": "Blocks.RED_FLOWER#1"
      },
      {
        "value": "Blocks.RED_FLOWER#2"
      },
      {
        "value": "Blocks.RED_FLOWER#3"
      },
      {
        "value": "Blocks.RED_FLOWER#4"
      },
      {
        "value": "Blocks.RED_FLOWER#5"
      },
      {
        "value": "Blocks.RED_FLOWER#6"
      },
      {
        "value": "Blocks.RED_FLOWER#7"
      },
      {
        "value": "Blocks.RED_FLOWER#8"
      },
      {
        "value": "Blocks.CORNFLOWER"
      },
      {
        "value": "Blocks.LILY_OF_THE_VALLEY"
      },
      {
        "value": "Blocks.WITHER_ROSE"
      },
      {
        "value": "Blocks.DOUBLE_PLANT#0"
      },
      {
        "value": "Blocks.DOUBLE_PLANT#1"
      },
      {
        "value": "Blocks.DOUBLE_PLANT#3"
      },
      {
        "value": "Blocks.DOUBLE_PLANT#4"
      },
      {
        "value": "Blocks.DOUBLE_PLANT#5"
      },
      {
        "value": "Blocks.BROWN_MUSHROOM"
      },
      {
        "value": "Blocks.RED_MUSHROOM"
      },
      {
        "value": "Blocks.WARPED_FUNGUS"
      },
      {
        "value": "Blocks.CRIMSON_FUNGUS"
      },
      {
        "value": "Blocks.KELP"
      },
      {
        "value": "Blocks.KELP_PLANT"
      },
      {
        "value": "Blocks.BAMBOO_SAPLING"
      },
      {
        "value": "Blocks.BAMBOO"
      },
      {
        "value": "Blocks.DEAD_TUBE_CORAL_BLOCK"
      },
      {
        "value": "Blocks.DEAD_BRAIN_CORAL_BLOCK"
      },
      {
        "value": "Blocks.DEAD_BUBBLE_CORAL_BLOCK"
      },
      {
        "value": "Blocks.DEAD_FIRE_CORAL_BLOCK"
      },
      {
        "value": "Blocks.DEAD_HORN_CORAL_BLOCK"
      },
      {
        "value": "Blocks.TUBE_CORAL_BLOCK"
      },
      {
        "value": "Blocks.BRAIN_CORAL_BLOCK"
      },
      {
        "value": "Blocks.BUBBLE_CORAL_BLOCK"
      },
      {
        "value": "Blocks.FIRE_CORAL_BLOCK"
      },
      {
        "value": "Blocks.HORN_CORAL_BLOCK"
      },
      {
        "value": "Blocks.DEAD_TUBE_CORAL"
      },
      {
        "value": "Blocks.DEAD_BRAIN_CORAL"
      },
      {
        "value": "Blocks.DEAD_BUBBLE_CORAL"
      },
      {
        "value": "Blocks.DEAD_FIRE_CORAL"
      },
      {
        "value": "Blocks.DEAD_HORN_CORAL"
      },
      {
        "value": "Blocks.TUBE_CORAL"
      },
      {
        "value": "Blocks.BRAIN_CORAL"
      },
      {
        "value": "Blocks.BUBBLE_CORAL"
      },
      {
        "value": "Blocks.FIRE_CORAL"
      },
      {
        "value": "Blocks.HORN_CORAL"
      },
      {
        "value": "Blocks.DEAD_TUBE_CORAL_FAN"
      },
      {
        "value": "Blocks.DEAD_BRAIN_CORAL_FAN"
      },
      {
        "value": "Blocks.DEAD_BUBBLE_CORAL_FAN"
      },
      {
        "value": "Blocks.DEAD_FIRE_CORAL_FAN"
      },
      {
        "value": "Blocks.DEAD_HORN_CORAL_FAN"
      },
      {
        "value": "Blocks.TUBE_CORAL_FAN"
      },
      {
        "value": "Blocks.BRAIN_CORAL_FAN"
      },
      {
        "value": "Blocks.BUBBLE_CORAL_FAN"
      },
      {
        "value": "Blocks.FIRE_CORAL_FAN"
      },
      {
        "value": "Blocks.HORN_CORAL_FAN"
      },
      {
        "value": "Blocks.DEAD_TUBE_CORAL_WALL_FAN"
      },
      {
        "value": "Blocks.DEAD_BRAIN_CORAL_WALL_FAN"
      },
      {
        "value": "Blocks.DEAD_BUBBLE_CORAL_WALL_FAN"
      },
      {
        "value": "Blocks.DEAD_FIRE_CORAL_WALL_FAN"
      },
      {
        "value": "Blocks.DEAD_HORN_CORAL_WALL_FAN"
      },
      {
        "value": "Blocks.TUBE_CORAL_WALL_FAN"
      },
      {
        "value": "Blocks.BRAIN_CORAL_WALL_FAN"
      },
      {
        "value": "Blocks.BUBBLE_CORAL_WALL_FAN"
      },
      {
        "value": "Blocks.FIRE_CORAL_WALL_FAN"
      },
      {
        "value": "Blocks.HORN_CORAL_WALL_FAN"
      },
      {
        "value": "Blocks.WARPED_ROOTS"
      },
      {
        "value": "Blocks.NETHER_SPROUTS"
      },
      {
        "value": "Blocks.WEEPING_VINES"
      },
      {
        "value": "Blocks.WEEPING_VINES_PLANT"
      },
      {
        "value": "Blocks.TWISTING_VINES"
      },
      {
        "value": "Blocks.TWISTING_VINES_PLANT"
      },
      {
        "value": "Blocks.CRIMSON_ROOTS"
      },
      {
        "value": "Blocks.WATERLILY"
      },
      {
        "value": "Blocks.SNOW_LAYER"
      },
      {
        "value": "Blocks.SNOW"
      }
    ],
    "functions": [],
    "entities": [],
    "biomes": [],
    "name": "air_blocks",
    "namespace": "mod"
  }
}