{
  "_fv": 34,
  "_type": "command",
  "definition": {
    "commandName": "THT-Config",
    "permissionLevel": "No requirement",
    "argsxml": "<xml xmlns=\"https://developers.google.com/blockly/xml\"><block type=\"args_start\" deletable=\"false\" x=\"40\" y=\"40\"><next><block type=\"literal\"><field name=\"name\">reset</field><statement name=\"args\"><block type=\"call_procedure\"><field name=\"procedure\">ConfigReset</field></block></statement><next><block type=\"literal\"><field name=\"name\">surface_smoothness_detector</field><statement name=\"args\"><block type=\"literal\"><field name=\"name\">level</field><statement name=\"args\"><block type=\"message\"><field name=\"name\">test_level</field><statement name=\"args\"><block type=\"call_procedure\"><field name=\"procedure\">ConfigSurfaceLevel</field></block></statement></block></statement><next><block type=\"literal\"><field name=\"name\">height</field><statement name=\"args\"><block type=\"message\"><field name=\"name\">test_height</field><statement name=\"args\"><block type=\"call_procedure\"><field name=\"procedure\">ConfigSurfaceHeight</field></block></statement></block></statement></block></next></block></statement><next><block type=\"literal\"><field name=\"name\">structure</field><statement name=\"args\"><block type=\"literal\"><field name=\"name\">biome</field><statement name=\"args\"><block type=\"string\"><field name=\"type\">word</field><field name=\"name\">id</field><statement name=\"args\"><block type=\"message\"><field name=\"name\">biome_id</field><statement name=\"args\"><block type=\"call_procedure\"><field name=\"procedure\">ConfigBiome</field></block></statement></block></statement></block></statement><next><block type=\"literal\"><field name=\"name\">ground_block</field><statement name=\"args\"><block type=\"string\"><field name=\"type\">word</field><field name=\"name\">id</field><statement name=\"args\"><block type=\"message\"><field name=\"name\">ground_block_id</field><statement name=\"args\"><block type=\"call_procedure\"><field name=\"procedure\">ConfigGroundBlock</field></block></statement></block></statement></block></statement><next><block type=\"literal\"><field name=\"name\">rarity</field><statement name=\"args\"><block type=\"string\"><field name=\"type\">word</field><field name=\"name\">id</field><statement name=\"args\"><block type=\"message\"><field name=\"name\">structure_rarity</field><statement name=\"args\"><block type=\"call_procedure\"><field name=\"procedure\">ConfigRarity</field></block></statement></block></statement></block></statement></block></next></block></next></block></statement><next><block type=\"literal\"><field name=\"name\">world_height_limit</field><statement name=\"args\"><block type=\"literal\"><field name=\"name\">height</field><statement name=\"args\"><block type=\"message\"><field name=\"name\">world_height_limit</field><statement name=\"args\"><block type=\"call_procedure\"><field name=\"procedure\">ConfigWorldHeightLimit</field></block></statement></block></statement><next><block type=\"literal\"><field name=\"name\">lower</field><statement name=\"args\"><block type=\"message\"><field name=\"name\">world_lower_limit</field><statement name=\"args\"><block type=\"call_procedure\"><field name=\"procedure\">ConfigWorldLowerLimit</field></block></statement></block></statement></block></next></block></statement></block></next></block></next></block></next></block></next></block></xml>"
  }
}