{
  "_fv": 34,
  "_type": "procedure",
  "definition": {
    "procedurexml": "<xml xmlns=\"https://developers.google.com/blockly/xml\"><block type=\"event_trigger\" deletable=\"false\" x=\"40\" y=\"40\"><field name=\"trigger\">no_ext_trigger</field><next><block type=\"controls_if\"><value name=\"IF0\"><block type=\"logic_binary_ops\"><field name=\"OP\">EQ</field><value name=\"A\"><block type=\"world_data_logic_getgamerule\"><field name=\"gamerulesboolean\">CUSTOM:ThtStart</field></block></value><value name=\"B\"><block type=\"logic_boolean\"><field name=\"BOOL\">TRUE</field></block></value></block></value><statement name=\"DO0\"><block type=\"execute_command\"><value name=\"command\"><block type=\"text\"><field name=\"TEXT\">execute if entity @p[distance=..0.01] run tellraw @a [\"\",{\"text\":\"Tan's Huge Trees : \",\"color\":\"gray\"},{\"text\":\"All config now reset to default values\",\"color\":\"green\"}]</field></block></value><value name=\"x\"><block type=\"coord_x\"></block></value><value name=\"y\"><block type=\"coord_y\"></block></value><value name=\"z\"><block type=\"coord_z\"></block></value></block></statement><next><block type=\"variables_set_number\"><mutation xmlns=\"http://www.w3.org/1999/xhtml\" is_player_var=\"false\" has_entity=\"false\"></mutation><field name=\"VAR\">global:world_lower_limit</field><value name=\"VAL\"><block type=\"math_number\"><field name=\"NUM\">-64</field></block></value><next><block type=\"variables_set_number\"><mutation xmlns=\"http://www.w3.org/1999/xhtml\" is_player_var=\"false\" has_entity=\"false\"></mutation><field name=\"VAR\">global:world_height_limit</field><value name=\"VAL\"><block type=\"math_number\"><field name=\"NUM\">320</field></block></value><next><block type=\"variables_set_number\"><mutation xmlns=\"http://www.w3.org/1999/xhtml\" is_player_var=\"false\" has_entity=\"false\"></mutation><field name=\"VAR\">global:test_level</field><value name=\"VAL\"><block type=\"math_number\"><field name=\"NUM\">4</field></block></value><next><block type=\"variables_set_number\"><mutation xmlns=\"http://www.w3.org/1999/xhtml\" is_player_var=\"false\" has_entity=\"false\"></mutation><field name=\"VAR\">global:test_area</field><value name=\"VAL\"><block type=\"math_number\"><field name=\"NUM\">7</field></block></value><next><block type=\"variables_set_number\"><mutation xmlns=\"http://www.w3.org/1999/xhtml\" is_player_var=\"false\" has_entity=\"false\"></mutation><field name=\"VAR\">global:percent_all</field><value name=\"VAL\"><block type=\"math_number\"><field name=\"NUM\">100</field></block></value><next><block type=\"variables_set_number\"><mutation xmlns=\"http://www.w3.org/1999/xhtml\" is_player_var=\"false\" has_entity=\"false\"></mutation><field name=\"VAR\">global:percent_a</field><value name=\"VAL\"><block type=\"math_number\"><field name=\"NUM\">100</field></block></value><next><block type=\"variables_set_number\"><mutation xmlns=\"http://www.w3.org/1999/xhtml\" is_player_var=\"false\" has_entity=\"false\"></mutation><field name=\"VAR\">global:percent_b</field><value name=\"VAL\"><block type=\"math_number\"><field name=\"NUM\">100</field></block></value><next><block type=\"variables_set_number\"><mutation xmlns=\"http://www.w3.org/1999/xhtml\" is_player_var=\"false\" has_entity=\"false\"></mutation><field name=\"VAR\">global:percent_c</field><value name=\"VAL\"><block type=\"math_number\"><field name=\"NUM\">100</field></block></value><next><block type=\"variables_set_number\"><mutation xmlns=\"http://www.w3.org/1999/xhtml\" is_player_var=\"false\" has_entity=\"false\"></mutation><field name=\"VAR\">global:percent_d</field><value name=\"VAL\"><block type=\"math_number\"><field name=\"NUM\">100</field></block></value><next><block type=\"variables_set_number\"><mutation xmlns=\"http://www.w3.org/1999/xhtml\" is_player_var=\"false\" has_entity=\"false\"></mutation><field name=\"VAR\">global:percent_e</field><value name=\"VAL\"><block type=\"math_number\"><field name=\"NUM\">100</field></block></value><next><block type=\"controls_if\" collapsed=\"true\"><value name=\"IF0\"><block type=\"text_binary_ops\"><value name=\"A\"><block type=\"text\"><field name=\"TEXT\">A</field></block></value><value name=\"B\"><block type=\"text\"><field name=\"TEXT\">A</field></block></value></block></value><statement name=\"DO0\"><block type=\"variables_set_number\"><mutation xmlns=\"http://www.w3.org/1999/xhtml\" is_player_var=\"false\" has_entity=\"false\"></mutation><field name=\"VAR\">global:a1_rarity</field><value name=\"VAL\"><block type=\"math_number\"><field name=\"NUM\">100</field></block></value><next><block type=\"variables_set_string\"><mutation xmlns=\"http://www.w3.org/1999/xhtml\" is_player_var=\"false\" has_entity=\"false\"></mutation><field name=\"VAR\">global:a1_biome</field><value name=\"VAL\"><block type=\"text\"><field name=\"TEXT\">all</field></block></value><next><block type=\"variables_set_string\"><mutation xmlns=\"http://www.w3.org/1999/xhtml\" is_player_var=\"false\" has_entity=\"false\"></mutation><field name=\"VAR\">global:a1_ground_block</field><value name=\"VAL\"><block type=\"text\"><field name=\"TEXT\">list</field></block></value><next><block type=\"variables_set_number\"><mutation xmlns=\"http://www.w3.org/1999/xhtml\" is_player_var=\"false\" has_entity=\"false\"></mutation><field name=\"VAR\">global:a2_rarity</field><value name=\"VAL\"><block type=\"math_number\"><field name=\"NUM\">100</field></block></value><next><block type=\"variables_set_string\"><mutation xmlns=\"http://www.w3.org/1999/xhtml\" is_player_var=\"false\" has_entity=\"false\"></mutation><field name=\"VAR\">global:a2_biome</field><value name=\"VAL\"><block type=\"text\"><field name=\"TEXT\">all</field></block></value><next><block type=\"variables_set_string\"><mutation xmlns=\"http://www.w3.org/1999/xhtml\" is_player_var=\"false\" has_entity=\"false\"></mutation><field name=\"VAR\">global:a2_ground_block</field><value name=\"VAL\"><block type=\"text\"><field name=\"TEXT\">list</field></block></value><next><block type=\"variables_set_number\"><mutation xmlns=\"http://www.w3.org/1999/xhtml\" is_player_var=\"false\" has_entity=\"false\"></mutation><field name=\"VAR\">global:a3_rarity</field><value name=\"VAL\"><block type=\"math_number\"><field name=\"NUM\">100</field></block></value><next><block type=\"variables_set_string\"><mutation xmlns=\"http://www.w3.org/1999/xhtml\" is_player_var=\"false\" has_entity=\"false\"></mutation><field name=\"VAR\">global:a3_biome</field><value name=\"VAL\"><block type=\"text\"><field name=\"TEXT\">all</field></block></value><next><block type=\"variables_set_string\"><mutation xmlns=\"http://www.w3.org/1999/xhtml\" is_player_var=\"false\" has_entity=\"false\"></mutation><field name=\"VAR\">global:a3_ground_block</field><value name=\"VAL\"><block type=\"text\"><field name=\"TEXT\">list</field></block></value><next><block type=\"variables_set_number\"><mutation xmlns=\"http://www.w3.org/1999/xhtml\" is_player_var=\"false\" has_entity=\"false\"></mutation><field name=\"VAR\">global:a4_rarity</field><value name=\"VAL\"><block type=\"math_number\"><field name=\"NUM\">100</field></block></value><next><block type=\"variables_set_string\"><mutation xmlns=\"http://www.w3.org/1999/xhtml\" is_player_var=\"false\" has_entity=\"false\"></mutation><field name=\"VAR\">global:a4_biome</field><value name=\"VAL\"><block type=\"text\"><field name=\"TEXT\">all</field></block></value><next><block type=\"variables_set_string\"><mutation xmlns=\"http://www.w3.org/1999/xhtml\" is_player_var=\"false\" has_entity=\"false\"></mutation><field name=\"VAR\">global:a4_ground_block</field><value name=\"VAL\"><block type=\"text\"><field name=\"TEXT\">list</field></block></value><next><block type=\"variables_set_number\"><mutation xmlns=\"http://www.w3.org/1999/xhtml\" is_player_var=\"false\" has_entity=\"false\"></mutation><field name=\"VAR\">global:a5_rarity</field><value name=\"VAL\"><block type=\"math_number\"><field name=\"NUM\">100</field></block></value><next><block type=\"variables_set_string\"><mutation xmlns=\"http://www.w3.org/1999/xhtml\" is_player_var=\"false\" has_entity=\"false\"></mutation><field name=\"VAR\">global:a5_biome</field><value name=\"VAL\"><block type=\"text\"><field name=\"TEXT\">all</field></block></value><next><block type=\"variables_set_string\"><mutation xmlns=\"http://www.w3.org/1999/xhtml\" is_player_var=\"false\" has_entity=\"false\"></mutation><field name=\"VAR\">global:a5_ground_block</field><value name=\"VAL\"><block type=\"text\"><field name=\"TEXT\">list</field></block></value><next><block type=\"variables_set_number\"><mutation xmlns=\"http://www.w3.org/1999/xhtml\" is_player_var=\"false\" has_entity=\"false\"></mutation><field name=\"VAR\">global:a6_rarity</field><value name=\"VAL\"><block type=\"math_number\"><field name=\"NUM\">100</field></block></value><next><block type=\"variables_set_string\"><mutation xmlns=\"http://www.w3.org/1999/xhtml\" is_player_var=\"false\" has_entity=\"false\"></mutation><field name=\"VAR\">global:a6_biome</field><value name=\"VAL\"><block type=\"text\"><field name=\"TEXT\">all</field></block></value><next><block type=\"variables_set_string\"><mutation xmlns=\"http://www.w3.org/1999/xhtml\" is_player_var=\"false\" has_entity=\"false\"></mutation><field name=\"VAR\">global:a6_ground_block</field><value name=\"VAL\"><block type=\"text\"><field name=\"TEXT\">list</field></block></value><next><block type=\"variables_set_number\"><mutation xmlns=\"http://www.w3.org/1999/xhtml\" is_player_var=\"false\" has_entity=\"false\"></mutation><field name=\"VAR\">global:a7_rarity</field><value name=\"VAL\"><block type=\"math_number\"><field name=\"NUM\">100</field></block></value><next><block type=\"variables_set_string\"><mutation xmlns=\"http://www.w3.org/1999/xhtml\" is_player_var=\"false\" has_entity=\"false\"></mutation><field name=\"VAR\">global:a7_biome</field><value name=\"VAL\"><block type=\"text\"><field name=\"TEXT\">all</field></block></value><next><block type=\"variables_set_string\"><mutation xmlns=\"http://www.w3.org/1999/xhtml\" is_player_var=\"false\" has_entity=\"false\"></mutation><field name=\"VAR\">global:a7_ground_block</field><value name=\"VAL\"><block type=\"text\"><field name=\"TEXT\">list</field></block></value><next><block type=\"variables_set_number\"><mutation xmlns=\"http://www.w3.org/1999/xhtml\" is_player_var=\"false\" has_entity=\"false\"></mutation><field name=\"VAR\">global:a8_rarity</field><value name=\"VAL\"><block type=\"math_number\"><field name=\"NUM\">100</field></block></value><next><block type=\"variables_set_string\"><mutation xmlns=\"http://www.w3.org/1999/xhtml\" is_player_var=\"false\" has_entity=\"false\"></mutation><field name=\"VAR\">global:a8_biome</field><value name=\"VAL\"><block type=\"text\"><field name=\"TEXT\">all</field></block></value><next><block type=\"variables_set_string\"><mutation xmlns=\"http://www.w3.org/1999/xhtml\" is_player_var=\"false\" has_entity=\"false\"></mutation><field name=\"VAR\">global:a8_ground_block</field><value name=\"VAL\"><block type=\"text\"><field name=\"TEXT\">list</field></block></value><next><block type=\"variables_set_number\"><mutation xmlns=\"http://www.w3.org/1999/xhtml\" is_player_var=\"false\" has_entity=\"false\"></mutation><field name=\"VAR\">global:a9_rarity</field><value name=\"VAL\"><block type=\"math_number\"><field name=\"NUM\">100</field></block></value><next><block type=\"variables_set_string\"><mutation xmlns=\"http://www.w3.org/1999/xhtml\" is_player_var=\"false\" has_entity=\"false\"></mutation><field name=\"VAR\">global:a9_biome</field><value name=\"VAL\"><block type=\"text\"><field name=\"TEXT\">all</field></block></value><next><block type=\"variables_set_string\"><mutation xmlns=\"http://www.w3.org/1999/xhtml\" is_player_var=\"false\" has_entity=\"false\"></mutation><field name=\"VAR\">global:a9_ground_block</field><value name=\"VAL\"><block type=\"text\"><field name=\"TEXT\">list</field></block></value></block></next></block></next></block></next></block></next></block></next></block></next></block></next></block></next></block></next></block></next></block></next></block></next></block></next></block></next></block></next></block></next></block></next></block></next></block></next></block></next></block></next></block></next></block></next></block></next></block></next></block></next></block></statement><next><block type=\"controls_if\" collapsed=\"true\"><value name=\"IF0\"><block type=\"text_binary_ops\"><value name=\"A\"><block type=\"text\"><field name=\"TEXT\">B</field></block></value><value name=\"B\"><block type=\"text\"><field name=\"TEXT\">B</field></block></value></block></value><statement name=\"DO0\"><block type=\"variables_set_number\"><mutation xmlns=\"http://www.w3.org/1999/xhtml\" is_player_var=\"false\" has_entity=\"false\"></mutation><field name=\"VAR\">global:b1_rarity</field><value name=\"VAL\"><block type=\"math_number\"><field name=\"NUM\">1000000</field></block></value><next><block type=\"variables_set_string\"><mutation xmlns=\"http://www.w3.org/1999/xhtml\" is_player_var=\"false\" has_entity=\"false\"></mutation><field name=\"VAR\">global:b1_biome</field><value name=\"VAL\"><block type=\"text\"><field name=\"TEXT\">beach</field></block></value><next><block type=\"variables_set_string\"><mutation xmlns=\"http://www.w3.org/1999/xhtml\" is_player_var=\"false\" has_entity=\"false\"></mutation><field name=\"VAR\">global:b1_ground_block</field><value name=\"VAL\"><block type=\"text\"><field name=\"TEXT\">list</field></block></value><next><block type=\"variables_set_number\"><mutation xmlns=\"http://www.w3.org/1999/xhtml\" is_player_var=\"false\" has_entity=\"false\"></mutation><field name=\"VAR\">global:b2_rarity</field><value name=\"VAL\"><block type=\"math_number\"><field name=\"NUM\">500000</field></block></value><next><block type=\"variables_set_string\"><mutation xmlns=\"http://www.w3.org/1999/xhtml\" is_player_var=\"false\" has_entity=\"false\"></mutation><field name=\"VAR\">global:b2_biome</field><value name=\"VAL\"><block type=\"text\"><field name=\"TEXT\">swamp</field></block></value><next><block type=\"variables_set_string\"><mutation xmlns=\"http://www.w3.org/1999/xhtml\" is_player_var=\"false\" has_entity=\"false\"></mutation><field name=\"VAR\">global:b2_ground_block</field><value name=\"VAL\"><block type=\"text\"><field name=\"TEXT\">list</field></block></value><next><block type=\"variables_set_number\"><mutation xmlns=\"http://www.w3.org/1999/xhtml\" is_player_var=\"false\" has_entity=\"false\"></mutation><field name=\"VAR\">global:b3_rarity</field><value name=\"VAL\"><block type=\"math_number\"><field name=\"NUM\">500000</field></block></value><next><block type=\"variables_set_string\"><mutation xmlns=\"http://www.w3.org/1999/xhtml\" is_player_var=\"false\" has_entity=\"false\"></mutation><field name=\"VAR\">global:b3_biome</field><value name=\"VAL\"><block type=\"text\"><field name=\"TEXT\">windswept_hills</field></block></value><next><block type=\"variables_set_string\"><mutation xmlns=\"http://www.w3.org/1999/xhtml\" is_player_var=\"false\" has_entity=\"false\"></mutation><field name=\"VAR\">global:b3_ground_block</field><value name=\"VAL\"><block type=\"text\"><field name=\"TEXT\">list</field></block></value><next><block type=\"variables_set_number\"><mutation xmlns=\"http://www.w3.org/1999/xhtml\" is_player_var=\"false\" has_entity=\"false\"></mutation><field name=\"VAR\">global:b4_rarity</field><value name=\"VAL\"><block type=\"math_number\"><field name=\"NUM\">500000</field></block></value><next><block type=\"variables_set_string\"><mutation xmlns=\"http://www.w3.org/1999/xhtml\" is_player_var=\"false\" has_entity=\"false\"></mutation><field name=\"VAR\">global:b4_biome</field><value name=\"VAL\"><block type=\"text\"><field name=\"TEXT\">dark_forest</field></block></value><next><block type=\"variables_set_string\"><mutation xmlns=\"http://www.w3.org/1999/xhtml\" is_player_var=\"false\" has_entity=\"false\"></mutation><field name=\"VAR\">global:b4_ground_block</field><value name=\"VAL\"><block type=\"text\"><field name=\"TEXT\">list</field></block></value><next><block type=\"variables_set_number\"><mutation xmlns=\"http://www.w3.org/1999/xhtml\" is_player_var=\"false\" has_entity=\"false\"></mutation><field name=\"VAR\">global:b5_rarity</field><value name=\"VAL\"><block type=\"math_number\"><field name=\"NUM\">500000</field></block></value><next><block type=\"variables_set_string\"><mutation xmlns=\"http://www.w3.org/1999/xhtml\" is_player_var=\"false\" has_entity=\"false\"></mutation><field name=\"VAR\">global:b5_biome</field><value name=\"VAL\"><block type=\"text\"><field name=\"TEXT\">windswept_forest</field></block></value><next><block type=\"variables_set_string\"><mutation xmlns=\"http://www.w3.org/1999/xhtml\" is_player_var=\"false\" has_entity=\"false\"></mutation><field name=\"VAR\">global:b5_ground_block</field><value name=\"VAL\"><block type=\"text\"><field name=\"TEXT\">list</field></block></value><next><block type=\"variables_set_number\"><mutation xmlns=\"http://www.w3.org/1999/xhtml\" is_player_var=\"false\" has_entity=\"false\"></mutation><field name=\"VAR\">global:b6_rarity</field><value name=\"VAL\"><block type=\"math_number\"><field name=\"NUM\">100000</field></block></value><next><block type=\"variables_set_string\"><mutation xmlns=\"http://www.w3.org/1999/xhtml\" is_player_var=\"false\" has_entity=\"false\"></mutation><field name=\"VAR\">global:b6_biome</field><value name=\"VAL\"><block type=\"text\"><field name=\"TEXT\">old_growth_birch_forest</field></block></value><next><block type=\"variables_set_string\"><mutation xmlns=\"http://www.w3.org/1999/xhtml\" is_player_var=\"false\" has_entity=\"false\"></mutation><field name=\"VAR\">global:b6_ground_block</field><value name=\"VAL\"><block type=\"text\"><field name=\"TEXT\">list</field></block></value><next><block type=\"variables_set_number\"><mutation xmlns=\"http://www.w3.org/1999/xhtml\" is_player_var=\"false\" has_entity=\"false\"></mutation><field name=\"VAR\">global:b7_rarity</field><value name=\"VAL\"><block type=\"math_number\"><field name=\"NUM\">500000</field></block></value><next><block type=\"variables_set_string\"><mutation xmlns=\"http://www.w3.org/1999/xhtml\" is_player_var=\"false\" has_entity=\"false\"></mutation><field name=\"VAR\">global:b7_biome</field><value name=\"VAL\"><block type=\"text\"><field name=\"TEXT\">savanna_plateau</field></block></value><next><block type=\"variables_set_string\"><mutation xmlns=\"http://www.w3.org/1999/xhtml\" is_player_var=\"false\" has_entity=\"false\"></mutation><field name=\"VAR\">global:b7_ground_block</field><value name=\"VAL\"><block type=\"text\"><field name=\"TEXT\">list</field></block></value><next><block type=\"variables_set_number\"><mutation xmlns=\"http://www.w3.org/1999/xhtml\" is_player_var=\"false\" has_entity=\"false\"></mutation><field name=\"VAR\">global:b8_rarity</field><value name=\"VAL\"><block type=\"math_number\"><field name=\"NUM\">500000</field></block></value><next><block type=\"variables_set_string\"><mutation xmlns=\"http://www.w3.org/1999/xhtml\" is_player_var=\"false\" has_entity=\"false\"></mutation><field name=\"VAR\">global:b8_biome</field><value name=\"VAL\"><block type=\"text\"><field name=\"TEXT\">dark_forest</field></block></value><next><block type=\"variables_set_string\"><mutation xmlns=\"http://www.w3.org/1999/xhtml\" is_player_var=\"false\" has_entity=\"false\"></mutation><field name=\"VAR\">global:b8_ground_block</field><value name=\"VAL\"><block type=\"text\"><field name=\"TEXT\">list</field></block></value><next><block type=\"variables_set_number\"><mutation xmlns=\"http://www.w3.org/1999/xhtml\" is_player_var=\"false\" has_entity=\"false\"></mutation><field name=\"VAR\">global:b9_rarity</field><value name=\"VAL\"><block type=\"math_number\"><field name=\"NUM\">500000</field></block></value><next><block type=\"variables_set_string\"><mutation xmlns=\"http://www.w3.org/1999/xhtml\" is_player_var=\"false\" has_entity=\"false\"></mutation><field name=\"VAR\">global:b9_biome</field><value name=\"VAL\"><block type=\"text\"><field name=\"TEXT\">jungle</field></block></value><next><block type=\"variables_set_string\"><mutation xmlns=\"http://www.w3.org/1999/xhtml\" is_player_var=\"false\" has_entity=\"false\"></mutation><field name=\"VAR\">global:b9_ground_block</field><value name=\"VAL\"><block type=\"text\"><field name=\"TEXT\">list</field></block></value><next><block type=\"variables_set_number\"><mutation xmlns=\"http://www.w3.org/1999/xhtml\" is_player_var=\"false\" has_entity=\"false\"></mutation><field name=\"VAR\">global:b10_rarity</field><value name=\"VAL\"><block type=\"math_number\"><field name=\"NUM\">100000</field></block></value><next><block type=\"variables_set_string\"><mutation xmlns=\"http://www.w3.org/1999/xhtml\" is_player_var=\"false\" has_entity=\"false\"></mutation><field name=\"VAR\">global:b10_biome</field><value name=\"VAL\"><block type=\"text\"><field name=\"TEXT\">birch_forest</field></block></value><next><block type=\"variables_set_string\"><mutation xmlns=\"http://www.w3.org/1999/xhtml\" is_player_var=\"false\" has_entity=\"false\"></mutation><field name=\"VAR\">global:b10_ground_block</field><value name=\"VAL\"><block type=\"text\"><field name=\"TEXT\">list</field></block></value><next><block type=\"variables_set_number\"><mutation xmlns=\"http://www.w3.org/1999/xhtml\" is_player_var=\"false\" has_entity=\"false\"></mutation><field name=\"VAR\">global:b11_rarity</field><value name=\"VAL\"><block type=\"math_number\"><field name=\"NUM\">50000</field></block></value><next><block type=\"variables_set_string\"><mutation xmlns=\"http://www.w3.org/1999/xhtml\" is_player_var=\"false\" has_entity=\"false\"></mutation><field name=\"VAR\">global:b11_biome</field><value name=\"VAL\"><block type=\"text\"><field name=\"TEXT\">swamp</field></block></value><next><block type=\"variables_set_string\"><mutation xmlns=\"http://www.w3.org/1999/xhtml\" is_player_var=\"false\" has_entity=\"false\"></mutation><field name=\"VAR\">global:b11_ground_block</field><value name=\"VAL\"><block type=\"text\"><field name=\"TEXT\">list</field></block></value><next><block type=\"variables_set_number\"><mutation xmlns=\"http://www.w3.org/1999/xhtml\" is_player_var=\"false\" has_entity=\"false\"></mutation><field name=\"VAR\">global:b12_rarity</field><value name=\"VAL\"><block type=\"math_number\"><field name=\"NUM\">50000</field></block></value><next><block type=\"variables_set_string\"><mutation xmlns=\"http://www.w3.org/1999/xhtml\" is_player_var=\"false\" has_entity=\"false\"></mutation><field name=\"VAR\">global:b12_biome</field><value name=\"VAL\"><block type=\"text\"><field name=\"TEXT\">mushroom_fields</field></block></value><next><block type=\"variables_set_string\"><mutation xmlns=\"http://www.w3.org/1999/xhtml\" is_player_var=\"false\" has_entity=\"false\"></mutation><field name=\"VAR\">global:b12_ground_block</field><value name=\"VAL\"><block type=\"text\"><field name=\"TEXT\">list</field></block></value><next><block type=\"variables_set_number\"><mutation xmlns=\"http://www.w3.org/1999/xhtml\" is_player_var=\"false\" has_entity=\"false\"></mutation><field name=\"VAR\">global:b13_rarity</field><value name=\"VAL\"><block type=\"math_number\"><field name=\"NUM\">1000000</field></block></value><next><block type=\"variables_set_string\"><mutation xmlns=\"http://www.w3.org/1999/xhtml\" is_player_var=\"false\" has_entity=\"false\"></mutation><field name=\"VAR\">global:b13_biome</field><value name=\"VAL\"><block type=\"text\"><field name=\"TEXT\">taiga</field></block></value><next><block type=\"variables_set_string\"><mutation xmlns=\"http://www.w3.org/1999/xhtml\" is_player_var=\"false\" has_entity=\"false\"></mutation><field name=\"VAR\">global:b13_ground_block</field><value name=\"VAL\"><block type=\"text\"><field name=\"TEXT\">list</field></block></value><next><block type=\"variables_set_number\"><mutation xmlns=\"http://www.w3.org/1999/xhtml\" is_player_var=\"false\" has_entity=\"false\"></mutation><field name=\"VAR\">global:b14_rarity</field><value name=\"VAL\"><block type=\"math_number\"><field name=\"NUM\">500000</field></block></value><next><block type=\"variables_set_string\"><mutation xmlns=\"http://www.w3.org/1999/xhtml\" is_player_var=\"false\" has_entity=\"false\"></mutation><field name=\"VAR\">global:b14_biome</field><value name=\"VAL\"><block type=\"text\"><field name=\"TEXT\">beach</field></block></value><next><block type=\"variables_set_string\"><mutation xmlns=\"http://www.w3.org/1999/xhtml\" is_player_var=\"false\" has_entity=\"false\"></mutation><field name=\"VAR\">global:b14_ground_block</field><value name=\"VAL\"><block type=\"text\"><field name=\"TEXT\">list</field></block></value><next><block type=\"variables_set_number\"><mutation xmlns=\"http://www.w3.org/1999/xhtml\" is_player_var=\"false\" has_entity=\"false\"></mutation><field name=\"VAR\">global:b15_rarity</field><value name=\"VAL\"><block type=\"math_number\"><field name=\"NUM\">1000000</field></block></value><next><block type=\"variables_set_string\"><mutation xmlns=\"http://www.w3.org/1999/xhtml\" is_player_var=\"false\" has_entity=\"false\"></mutation><field name=\"VAR\">global:b15_biome</field><value name=\"VAL\"><block type=\"text\"><field name=\"TEXT\">birch_forest</field></block></value><next><block type=\"variables_set_string\"><mutation xmlns=\"http://www.w3.org/1999/xhtml\" is_player_var=\"false\" has_entity=\"false\"></mutation><field name=\"VAR\">global:b15_ground_block</field><value name=\"VAL\"><block type=\"text\"><field name=\"TEXT\">list</field></block></value></block></next></block></next></block></next></block></next></block></next></block></next></block></next></block></next></block></next></block></next></block></next></block></next></block></next></block></next></block></next></block></next></block></next></block></next></block></next></block></next></block></next></block></next></block></next></block></next></block></next></block></next></block></next></block></next></block></next></block></next></block></next></block></next></block></next></block></next></block></next></block></next></block></next></block></next></block></next></block></next></block></next></block></next></block></next></block></next></block></statement><next><block type=\"controls_if\" collapsed=\"true\"><value name=\"IF0\"><block type=\"text_binary_ops\"><value name=\"A\"><block type=\"text\"><field name=\"TEXT\">C</field></block></value><value name=\"B\"><block type=\"text\"><field name=\"TEXT\">C</field></block></value></block></value><statement name=\"DO0\"><block type=\"variables_set_number\"><mutation xmlns=\"http://www.w3.org/1999/xhtml\" is_player_var=\"false\" has_entity=\"false\"></mutation><field name=\"VAR\">global:c1_rarity</field><value name=\"VAL\"><block type=\"math_number\"><field name=\"NUM\">100000</field></block></value><next><block type=\"variables_set_string\"><mutation xmlns=\"http://www.w3.org/1999/xhtml\" is_player_var=\"false\" has_entity=\"false\"></mutation><field name=\"VAR\">global:c1_biome</field><value name=\"VAL\"><block type=\"text\"><field name=\"TEXT\">forest</field></block></value><next><block type=\"variables_set_string\"><mutation xmlns=\"http://www.w3.org/1999/xhtml\" is_player_var=\"false\" has_entity=\"false\"></mutation><field name=\"VAR\">global:c1_ground_block</field><value name=\"VAL\"><block type=\"text\"><field name=\"TEXT\">list</field></block></value><next><block type=\"variables_set_number\"><mutation xmlns=\"http://www.w3.org/1999/xhtml\" is_player_var=\"false\" has_entity=\"false\"></mutation><field name=\"VAR\">global:c2_rarity</field><value name=\"VAL\"><block type=\"math_number\"><field name=\"NUM\">5000</field></block></value><next><block type=\"variables_set_string\"><mutation xmlns=\"http://www.w3.org/1999/xhtml\" is_player_var=\"false\" has_entity=\"false\"></mutation><field name=\"VAR\">global:c2_biome</field><value name=\"VAL\"><block type=\"text\"><field name=\"TEXT\">birch_forest</field></block></value><next><block type=\"variables_set_string\"><mutation xmlns=\"http://www.w3.org/1999/xhtml\" is_player_var=\"false\" has_entity=\"false\"></mutation><field name=\"VAR\">global:c2_ground_block</field><value name=\"VAL\"><block type=\"text\"><field name=\"TEXT\">list</field></block></value><next><block type=\"variables_set_number\"><mutation xmlns=\"http://www.w3.org/1999/xhtml\" is_player_var=\"false\" has_entity=\"false\"></mutation><field name=\"VAR\">global:c3_rarity</field><value name=\"VAL\"><block type=\"math_number\"><field name=\"NUM\">50000</field></block></value><next><block type=\"variables_set_string\"><mutation xmlns=\"http://www.w3.org/1999/xhtml\" is_player_var=\"false\" has_entity=\"false\"></mutation><field name=\"VAR\">global:c3_biome</field><value name=\"VAL\"><block type=\"text\"><field name=\"TEXT\">mushroom_fields</field></block></value><next><block type=\"variables_set_string\"><mutation xmlns=\"http://www.w3.org/1999/xhtml\" is_player_var=\"false\" has_entity=\"false\"></mutation><field name=\"VAR\">global:c3_ground_block</field><value name=\"VAL\"><block type=\"text\"><field name=\"TEXT\">list</field></block></value><next><block type=\"variables_set_number\"><mutation xmlns=\"http://www.w3.org/1999/xhtml\" is_player_var=\"false\" has_entity=\"false\"></mutation><field name=\"VAR\">global:c4_rarity</field><value name=\"VAL\"><block type=\"math_number\"><field name=\"NUM\">50000</field></block></value><next><block type=\"variables_set_string\"><mutation xmlns=\"http://www.w3.org/1999/xhtml\" is_player_var=\"false\" has_entity=\"false\"></mutation><field name=\"VAR\">global:c4_biome</field><value name=\"VAL\"><block type=\"text\"><field name=\"TEXT\">wooded_badlands_plateau</field></block></value><next><block type=\"variables_set_string\"><mutation xmlns=\"http://www.w3.org/1999/xhtml\" is_player_var=\"false\" has_entity=\"false\"></mutation><field name=\"VAR\">global:c4_ground_block</field><value name=\"VAL\"><block type=\"text\"><field name=\"TEXT\">list</field></block></value><next><block type=\"variables_set_number\"><mutation xmlns=\"http://www.w3.org/1999/xhtml\" is_player_var=\"false\" has_entity=\"false\"></mutation><field name=\"VAR\">global:c5_rarity</field><value name=\"VAL\"><block type=\"math_number\"><field name=\"NUM\">100000</field></block></value><next><block type=\"variables_set_string\"><mutation xmlns=\"http://www.w3.org/1999/xhtml\" is_player_var=\"false\" has_entity=\"false\"></mutation><field name=\"VAR\">global:c5_biome</field><value name=\"VAL\"><block type=\"text\"><field name=\"TEXT\">wooded_badlands_plateau</field></block></value><next><block type=\"variables_set_string\"><mutation xmlns=\"http://www.w3.org/1999/xhtml\" is_player_var=\"false\" has_entity=\"false\"></mutation><field name=\"VAR\">global:c5_ground_block</field><value name=\"VAL\"><block type=\"text\"><field name=\"TEXT\">list</field></block></value><next><block type=\"variables_set_number\"><mutation xmlns=\"http://www.w3.org/1999/xhtml\" is_player_var=\"false\" has_entity=\"false\"></mutation><field name=\"VAR\">global:c6_rarity</field><value name=\"VAL\"><block type=\"math_number\"><field name=\"NUM\">5000</field></block></value><next><block type=\"variables_set_string\"><mutation xmlns=\"http://www.w3.org/1999/xhtml\" is_player_var=\"false\" has_entity=\"false\"></mutation><field name=\"VAR\">global:c6_biome</field><value name=\"VAL\"><block type=\"text\"><field name=\"TEXT\">swamp</field></block></value><next><block type=\"variables_set_string\"><mutation xmlns=\"http://www.w3.org/1999/xhtml\" is_player_var=\"false\" has_entity=\"false\"></mutation><field name=\"VAR\">global:c6_ground_block</field><value name=\"VAL\"><block type=\"text\"><field name=\"TEXT\">list</field></block></value><next><block type=\"variables_set_number\"><mutation xmlns=\"http://www.w3.org/1999/xhtml\" is_player_var=\"false\" has_entity=\"false\"></mutation><field name=\"VAR\">global:c7_rarity</field><value name=\"VAL\"><block type=\"math_number\"><field name=\"NUM\">10000</field></block></value><next><block type=\"variables_set_string\"><mutation xmlns=\"http://www.w3.org/1999/xhtml\" is_player_var=\"false\" has_entity=\"false\"></mutation><field name=\"VAR\">global:c7_biome</field><value name=\"VAL\"><block type=\"text\"><field name=\"TEXT\">plains</field></block></value><next><block type=\"variables_set_string\"><mutation xmlns=\"http://www.w3.org/1999/xhtml\" is_player_var=\"false\" has_entity=\"false\"></mutation><field name=\"VAR\">global:c7_ground_block</field><value name=\"VAL\"><block type=\"text\"><field name=\"TEXT\">list</field></block></value><next><block type=\"variables_set_number\"><mutation xmlns=\"http://www.w3.org/1999/xhtml\" is_player_var=\"false\" has_entity=\"false\"></mutation><field name=\"VAR\">global:c8_rarity</field><value name=\"VAL\"><block type=\"math_number\"><field name=\"NUM\">10000</field></block></value><next><block type=\"variables_set_string\"><mutation xmlns=\"http://www.w3.org/1999/xhtml\" is_player_var=\"false\" has_entity=\"false\"></mutation><field name=\"VAR\">global:c8_biome</field><value name=\"VAL\"><block type=\"text\"><field name=\"TEXT\">mushroom_fields</field></block></value><next><block type=\"variables_set_string\"><mutation xmlns=\"http://www.w3.org/1999/xhtml\" is_player_var=\"false\" has_entity=\"false\"></mutation><field name=\"VAR\">global:c8_ground_block</field><value name=\"VAL\"><block type=\"text\"><field name=\"TEXT\">list</field></block></value><next><block type=\"variables_set_number\"><mutation xmlns=\"http://www.w3.org/1999/xhtml\" is_player_var=\"false\" has_entity=\"false\"></mutation><field name=\"VAR\">global:c9_rarity</field><value name=\"VAL\"><block type=\"math_number\"><field name=\"NUM\">2500</field></block></value><next><block type=\"variables_set_string\"><mutation xmlns=\"http://www.w3.org/1999/xhtml\" is_player_var=\"false\" has_entity=\"false\"></mutation><field name=\"VAR\">global:c9_biome</field><value name=\"VAL\"><block type=\"text\"><field name=\"TEXT\">savanna</field></block></value><next><block type=\"variables_set_string\"><mutation xmlns=\"http://www.w3.org/1999/xhtml\" is_player_var=\"false\" has_entity=\"false\"></mutation><field name=\"VAR\">global:c9_ground_block</field><value name=\"VAL\"><block type=\"text\"><field name=\"TEXT\">list</field></block></value><next><block type=\"variables_set_number\"><mutation xmlns=\"http://www.w3.org/1999/xhtml\" is_player_var=\"false\" has_entity=\"false\"></mutation><field name=\"VAR\">global:c10_rarity</field><value name=\"VAL\"><block type=\"math_number\"><field name=\"NUM\">100000</field></block></value><next><block type=\"variables_set_string\"><mutation xmlns=\"http://www.w3.org/1999/xhtml\" is_player_var=\"false\" has_entity=\"false\"></mutation><field name=\"VAR\">global:c10_biome</field><value name=\"VAL\"><block type=\"text\"><field name=\"TEXT\">savanna</field></block></value><next><block type=\"variables_set_string\"><mutation xmlns=\"http://www.w3.org/1999/xhtml\" is_player_var=\"false\" has_entity=\"false\"></mutation><field name=\"VAR\">global:c10_ground_block</field><value name=\"VAL\"><block type=\"text\"><field name=\"TEXT\">list</field></block></value><next><block type=\"variables_set_number\"><mutation xmlns=\"http://www.w3.org/1999/xhtml\" is_player_var=\"false\" has_entity=\"false\"></mutation><field name=\"VAR\">global:c11_rarity</field><value name=\"VAL\"><block type=\"math_number\"><field name=\"NUM\">50000</field></block></value><next><block type=\"variables_set_string\"><mutation xmlns=\"http://www.w3.org/1999/xhtml\" is_player_var=\"false\" has_entity=\"false\"></mutation><field name=\"VAR\">global:c11_biome</field><value name=\"VAL\"><block type=\"text\"><field name=\"TEXT\">dark_forest</field></block></value><next><block type=\"variables_set_string\"><mutation xmlns=\"http://www.w3.org/1999/xhtml\" is_player_var=\"false\" has_entity=\"false\"></mutation><field name=\"VAR\">global:c11_ground_block</field><value name=\"VAL\"><block type=\"text\"><field name=\"TEXT\">list</field></block></value><next><block type=\"variables_set_number\"><mutation xmlns=\"http://www.w3.org/1999/xhtml\" is_player_var=\"false\" has_entity=\"false\"></mutation><field name=\"VAR\">global:c12_rarity</field><value name=\"VAL\"><block type=\"math_number\"><field name=\"NUM\">10000</field></block></value><next><block type=\"variables_set_string\"><mutation xmlns=\"http://www.w3.org/1999/xhtml\" is_player_var=\"false\" has_entity=\"false\"></mutation><field name=\"VAR\">global:c12_biome</field><value name=\"VAL\"><block type=\"text\"><field name=\"TEXT\">mushroom_fields</field></block></value><next><block type=\"variables_set_string\"><mutation xmlns=\"http://www.w3.org/1999/xhtml\" is_player_var=\"false\" has_entity=\"false\"></mutation><field name=\"VAR\">global:c12_ground_block</field><value name=\"VAL\"><block type=\"text\"><field name=\"TEXT\">list</field></block></value><next><block type=\"variables_set_number\"><mutation xmlns=\"http://www.w3.org/1999/xhtml\" is_player_var=\"false\" has_entity=\"false\"></mutation><field name=\"VAR\">global:c13_rarity</field><value name=\"VAL\"><block type=\"math_number\"><field name=\"NUM\">100000</field></block></value><next><block type=\"variables_set_string\"><mutation xmlns=\"http://www.w3.org/1999/xhtml\" is_player_var=\"false\" has_entity=\"false\"></mutation><field name=\"VAR\">global:c13_biome</field><value name=\"VAL\"><block type=\"text\"><field name=\"TEXT\">birch_forest</field></block></value><next><block type=\"variables_set_string\"><mutation xmlns=\"http://www.w3.org/1999/xhtml\" is_player_var=\"false\" has_entity=\"false\"></mutation><field name=\"VAR\">global:c13_ground_block</field><value name=\"VAL\"><block type=\"text\"><field name=\"TEXT\">list</field></block></value><next><block type=\"variables_set_number\"><mutation xmlns=\"http://www.w3.org/1999/xhtml\" is_player_var=\"false\" has_entity=\"false\"></mutation><field name=\"VAR\">global:c14_rarity</field><value name=\"VAL\"><block type=\"math_number\"><field name=\"NUM\">10000</field></block></value><next><block type=\"variables_set_string\"><mutation xmlns=\"http://www.w3.org/1999/xhtml\" is_player_var=\"false\" has_entity=\"false\"></mutation><field name=\"VAR\">global:c14_biome</field><value name=\"VAL\"><block type=\"text\"><field name=\"TEXT\">mushroom_fields</field></block></value><next><block type=\"variables_set_string\"><mutation xmlns=\"http://www.w3.org/1999/xhtml\" is_player_var=\"false\" has_entity=\"false\"></mutation><field name=\"VAR\">global:c14_ground_block</field><value name=\"VAL\"><block type=\"text\"><field name=\"TEXT\">list</field></block></value></block></next></block></next></block></next></block></next></block></next></block></next></block></next></block></next></block></next></block></next></block></next></block></next></block></next></block></next></block></next></block></next></block></next></block></next></block></next></block></next></block></next></block></next></block></next></block></next></block></next></block></next></block></next></block></next></block></next></block></next></block></next></block></next></block></next></block></next></block></next></block></next></block></next></block></next></block></next></block></next></block></next></block></statement><next><block type=\"controls_if\"><value name=\"IF0\"><block type=\"text_binary_ops\"><value name=\"A\"><block type=\"text\"><field name=\"TEXT\">D</field></block></value><value name=\"B\"><block type=\"text\"><field name=\"TEXT\">D</field></block></value></block></value><statement name=\"DO0\"><block type=\"variables_set_number\"><mutation xmlns=\"http://www.w3.org/1999/xhtml\" is_player_var=\"false\" has_entity=\"false\"></mutation><field name=\"VAR\">global:d1_rarity</field><value name=\"VAL\"><block type=\"math_number\"><field name=\"NUM\">2000</field></block></value><next><block type=\"variables_set_string\"><mutation xmlns=\"http://www.w3.org/1999/xhtml\" is_player_var=\"false\" has_entity=\"false\"></mutation><field name=\"VAR\">global:d1_biome</field><value name=\"VAL\"><block type=\"text\"><field name=\"TEXT\">forest</field></block></value><next><block type=\"variables_set_string\"><mutation xmlns=\"http://www.w3.org/1999/xhtml\" is_player_var=\"false\" has_entity=\"false\"></mutation><field name=\"VAR\">global:d1_ground_block</field><value name=\"VAL\"><block type=\"text\"><field name=\"TEXT\">list</field></block></value><next><block type=\"variables_set_number\"><mutation xmlns=\"http://www.w3.org/1999/xhtml\" is_player_var=\"false\" has_entity=\"false\"></mutation><field name=\"VAR\">global:d2_rarity</field><value name=\"VAL\"><block type=\"math_number\"><field name=\"NUM\">10000</field></block></value><next><block type=\"variables_set_string\"><mutation xmlns=\"http://www.w3.org/1999/xhtml\" is_player_var=\"false\" has_entity=\"false\"></mutation><field name=\"VAR\">global:d2_biome</field><value name=\"VAL\"><block type=\"text\"><field name=\"TEXT\">beach</field></block></value><next><block type=\"variables_set_string\"><mutation xmlns=\"http://www.w3.org/1999/xhtml\" is_player_var=\"false\" has_entity=\"false\"></mutation><field name=\"VAR\">global:d2_ground_block</field><value name=\"VAL\"><block type=\"text\"><field name=\"TEXT\">list</field></block></value><next><block type=\"variables_set_number\"><mutation xmlns=\"http://www.w3.org/1999/xhtml\" is_player_var=\"false\" has_entity=\"false\"></mutation><field name=\"VAR\">global:d3_rarity</field><value name=\"VAL\"><block type=\"math_number\"><field name=\"NUM\">10000</field></block></value><next><block type=\"variables_set_string\"><mutation xmlns=\"http://www.w3.org/1999/xhtml\" is_player_var=\"false\" has_entity=\"false\"></mutation><field name=\"VAR\">global:d3_biome</field><value name=\"VAL\"><block type=\"text\"><field name=\"TEXT\">old_growth_pine_taiga</field></block></value><next><block type=\"variables_set_string\"><mutation xmlns=\"http://www.w3.org/1999/xhtml\" is_player_var=\"false\" has_entity=\"false\"></mutation><field name=\"VAR\">global:d3_ground_block</field><value name=\"VAL\"><block type=\"text\"><field name=\"TEXT\">list</field></block></value><next><block type=\"variables_set_number\"><mutation xmlns=\"http://www.w3.org/1999/xhtml\" is_player_var=\"false\" has_entity=\"false\"></mutation><field name=\"VAR\">global:d4_rarity</field><value name=\"VAL\"><block type=\"math_number\"><field name=\"NUM\">2000</field></block></value><next><block type=\"variables_set_string\"><mutation xmlns=\"http://www.w3.org/1999/xhtml\" is_player_var=\"false\" has_entity=\"false\"></mutation><field name=\"VAR\">global:d4_biome</field><value name=\"VAL\"><block type=\"text\"><field name=\"TEXT\">swamp</field></block></value><next><block type=\"variables_set_string\"><mutation xmlns=\"http://www.w3.org/1999/xhtml\" is_player_var=\"false\" has_entity=\"false\"></mutation><field name=\"VAR\">global:d4_ground_block</field><value name=\"VAL\"><block type=\"text\"><field name=\"TEXT\">list</field></block></value><next><block type=\"variables_set_number\"><mutation xmlns=\"http://www.w3.org/1999/xhtml\" is_player_var=\"false\" has_entity=\"false\"></mutation><field name=\"VAR\">global:d5_rarity</field><value name=\"VAL\"><block type=\"math_number\"><field name=\"NUM\">100</field></block></value><next><block type=\"variables_set_string\"><mutation xmlns=\"http://www.w3.org/1999/xhtml\" is_player_var=\"false\" has_entity=\"false\"></mutation><field name=\"VAR\">global:d5_biome</field><value name=\"VAL\"><block type=\"text\"><field name=\"TEXT\">mushroom_fields</field></block></value><next><block type=\"variables_set_string\"><mutation xmlns=\"http://www.w3.org/1999/xhtml\" is_player_var=\"false\" has_entity=\"false\"></mutation><field name=\"VAR\">global:d5_ground_block</field><value name=\"VAL\"><block type=\"text\"><field name=\"TEXT\">list</field></block></value><next><block type=\"variables_set_number\"><mutation xmlns=\"http://www.w3.org/1999/xhtml\" is_player_var=\"false\" has_entity=\"false\"></mutation><field name=\"VAR\">global:d6_rarity</field><value name=\"VAL\"><block type=\"math_number\"><field name=\"NUM\">25000</field></block></value><next><block type=\"variables_set_string\"><mutation xmlns=\"http://www.w3.org/1999/xhtml\" is_player_var=\"false\" has_entity=\"false\"></mutation><field name=\"VAR\">global:d6_biome</field><value name=\"VAL\"><block type=\"text\"><field name=\"TEXT\">forest</field></block></value><next><block type=\"variables_set_string\"><mutation xmlns=\"http://www.w3.org/1999/xhtml\" is_player_var=\"false\" has_entity=\"false\"></mutation><field name=\"VAR\">global:d6_ground_block</field><value name=\"VAL\"><block type=\"text\"><field name=\"TEXT\">list</field></block></value><next><block type=\"variables_set_number\"><mutation xmlns=\"http://www.w3.org/1999/xhtml\" is_player_var=\"false\" has_entity=\"false\"></mutation><field name=\"VAR\">global:d7_rarity</field><value name=\"VAL\"><block type=\"math_number\"><field name=\"NUM\">100000</field></block></value><next><block type=\"variables_set_string\"><mutation xmlns=\"http://www.w3.org/1999/xhtml\" is_player_var=\"false\" has_entity=\"false\"></mutation><field name=\"VAR\">global:d7_biome</field><value name=\"VAL\"><block type=\"text\"><field name=\"TEXT\">jungle</field></block></value><next><block type=\"variables_set_string\"><mutation xmlns=\"http://www.w3.org/1999/xhtml\" is_player_var=\"false\" has_entity=\"false\"></mutation><field name=\"VAR\">global:d7_ground_block</field><value name=\"VAL\"><block type=\"text\"><field name=\"TEXT\">list</field></block></value><next><block type=\"variables_set_number\"><mutation xmlns=\"http://www.w3.org/1999/xhtml\" is_player_var=\"false\" has_entity=\"false\"></mutation><field name=\"VAR\">global:d8_rarity</field><value name=\"VAL\"><block type=\"math_number\"><field name=\"NUM\">10000</field></block></value><next><block type=\"variables_set_string\"><mutation xmlns=\"http://www.w3.org/1999/xhtml\" is_player_var=\"false\" has_entity=\"false\"></mutation><field name=\"VAR\">global:d8_biome</field><value name=\"VAL\"><block type=\"text\"><field name=\"TEXT\">jungle</field></block></value><next><block type=\"variables_set_string\"><mutation xmlns=\"http://www.w3.org/1999/xhtml\" is_player_var=\"false\" has_entity=\"false\"></mutation><field name=\"VAR\">global:d8_ground_block</field><value name=\"VAL\"><block type=\"text\"><field name=\"TEXT\">list</field></block></value><next><block type=\"variables_set_number\"><mutation xmlns=\"http://www.w3.org/1999/xhtml\" is_player_var=\"false\" has_entity=\"false\"></mutation><field name=\"VAR\">global:d9_rarity</field><value name=\"VAL\"><block type=\"math_number\"><field name=\"NUM\">100</field></block></value><next><block type=\"variables_set_string\"><mutation xmlns=\"http://www.w3.org/1999/xhtml\" is_player_var=\"false\" has_entity=\"false\"></mutation><field name=\"VAR\">global:d9_biome</field><value name=\"VAL\"><block type=\"text\"><field name=\"TEXT\">savanna</field></block></value><next><block type=\"variables_set_string\"><mutation xmlns=\"http://www.w3.org/1999/xhtml\" is_player_var=\"false\" has_entity=\"false\"></mutation><field name=\"VAR\">global:d9_ground_block</field><value name=\"VAL\"><block type=\"text\"><field name=\"TEXT\">list</field></block></value><next><block type=\"variables_set_number\"><mutation xmlns=\"http://www.w3.org/1999/xhtml\" is_player_var=\"false\" has_entity=\"false\"></mutation><field name=\"VAR\">global:d10_rarity</field><value name=\"VAL\"><block type=\"math_number\"><field name=\"NUM\">100</field></block></value><next><block type=\"variables_set_string\"><mutation xmlns=\"http://www.w3.org/1999/xhtml\" is_player_var=\"false\" has_entity=\"false\"></mutation><field name=\"VAR\">global:d10_biome</field><value name=\"VAL\"><block type=\"text\"><field name=\"TEXT\">desert</field></block></value><next><block type=\"variables_set_string\"><mutation xmlns=\"http://www.w3.org/1999/xhtml\" is_player_var=\"false\" has_entity=\"false\"></mutation><field name=\"VAR\">global:d10_ground_block</field><value name=\"VAL\"><block type=\"text\"><field name=\"TEXT\">list</field></block></value><next><block type=\"variables_set_number\"><mutation xmlns=\"http://www.w3.org/1999/xhtml\" is_player_var=\"false\" has_entity=\"false\"></mutation><field name=\"VAR\">global:d11_rarity</field><value name=\"VAL\"><block type=\"math_number\"><field name=\"NUM\">100</field></block></value><next><block type=\"variables_set_string\"><mutation xmlns=\"http://www.w3.org/1999/xhtml\" is_player_var=\"false\" has_entity=\"false\"></mutation><field name=\"VAR\">global:d11_biome</field><value name=\"VAL\"><block type=\"text\"><field name=\"TEXT\">swamp</field></block></value><next><block type=\"variables_set_string\"><mutation xmlns=\"http://www.w3.org/1999/xhtml\" is_player_var=\"false\" has_entity=\"false\"></mutation><field name=\"VAR\">global:d11_ground_block</field><value name=\"VAL\"><block type=\"text\"><field name=\"TEXT\">list</field></block></value><next><block type=\"variables_set_number\"><mutation xmlns=\"http://www.w3.org/1999/xhtml\" is_player_var=\"false\" has_entity=\"false\"></mutation><field name=\"VAR\">global:d12_rarity</field><value name=\"VAL\"><block type=\"math_number\"><field name=\"NUM\">50000</field></block></value><next><block type=\"variables_set_string\"><mutation xmlns=\"http://www.w3.org/1999/xhtml\" is_player_var=\"false\" has_entity=\"false\"></mutation><field name=\"VAR\">global:d12_biome</field><value name=\"VAL\"><block type=\"text\"><field name=\"TEXT\">end_highlands</field></block></value><next><block type=\"variables_set_string\"><mutation xmlns=\"http://www.w3.org/1999/xhtml\" is_player_var=\"false\" has_entity=\"false\"></mutation><field name=\"VAR\">global:d12_ground_block</field><value name=\"VAL\"><block type=\"text\"><field name=\"TEXT\">end_stone</field></block></value><next><block type=\"variables_set_number\"><mutation xmlns=\"http://www.w3.org/1999/xhtml\" is_player_var=\"false\" has_entity=\"false\"></mutation><field name=\"VAR\">global:d13_rarity</field><value name=\"VAL\"><block type=\"math_number\"><field name=\"NUM\">50000</field></block></value><next><block type=\"variables_set_string\"><mutation xmlns=\"http://www.w3.org/1999/xhtml\" is_player_var=\"false\" has_entity=\"false\"></mutation><field name=\"VAR\">global:d13_biome</field><value name=\"VAL\"><block type=\"text\"><field name=\"TEXT\">old_growth_birch_forest</field></block></value><next><block type=\"variables_set_string\"><mutation xmlns=\"http://www.w3.org/1999/xhtml\" is_player_var=\"false\" has_entity=\"false\"></mutation><field name=\"VAR\">global:d13_ground_block</field><value name=\"VAL\"><block type=\"text\"><field name=\"TEXT\">list</field></block></value><next><block type=\"variables_set_number\"><mutation xmlns=\"http://www.w3.org/1999/xhtml\" is_player_var=\"false\" has_entity=\"false\"></mutation><field name=\"VAR\">global:d14_rarity</field><value name=\"VAL\"><block type=\"math_number\"><field name=\"NUM\">25000</field></block></value><next><block type=\"variables_set_string\"><mutation xmlns=\"http://www.w3.org/1999/xhtml\" is_player_var=\"false\" has_entity=\"false\"></mutation><field name=\"VAR\">global:d14_biome</field><value name=\"VAL\"><block type=\"text\"><field name=\"TEXT\">old_growth_spruce_taiga</field></block></value><next><block type=\"variables_set_string\"><mutation xmlns=\"http://www.w3.org/1999/xhtml\" is_player_var=\"false\" has_entity=\"false\"></mutation><field name=\"VAR\">global:d14_ground_block</field><value name=\"VAL\"><block type=\"text\"><field name=\"TEXT\">list</field></block></value><next><block type=\"variables_set_number\"><mutation xmlns=\"http://www.w3.org/1999/xhtml\" is_player_var=\"false\" has_entity=\"false\"></mutation><field name=\"VAR\">global:d15_rarity</field><value name=\"VAL\"><block type=\"math_number\"><field name=\"NUM\">100</field></block></value><next><block type=\"variables_set_string\"><mutation xmlns=\"http://www.w3.org/1999/xhtml\" is_player_var=\"false\" has_entity=\"false\"></mutation><field name=\"VAR\">global:d15_biome</field><value name=\"VAL\"><block type=\"text\"><field name=\"TEXT\">plains</field></block></value><next><block type=\"variables_set_string\"><mutation xmlns=\"http://www.w3.org/1999/xhtml\" is_player_var=\"false\" has_entity=\"false\"></mutation><field name=\"VAR\">global:d15_ground_block</field><value name=\"VAL\"><block type=\"text\"><field name=\"TEXT\">list</field></block></value></block></next></block></next></block></next></block></next></block></next></block></next></block></next></block></next></block></next></block></next></block></next></block></next></block></next></block></next></block></next></block></next></block></next></block></next></block></next></block></next></block></next></block></next></block></next></block></next></block></next></block></next></block></next></block></next></block></next></block></next></block></next></block></next></block></next></block></next></block></next></block></next></block></next></block></next></block></next></block></next></block></next></block></next></block></next></block></next></block></statement><next><block type=\"controls_if\" collapsed=\"true\"><value name=\"IF0\"><block type=\"text_binary_ops\"><value name=\"A\"><block type=\"text\"><field name=\"TEXT\">E</field></block></value><value name=\"B\"><block type=\"text\"><field name=\"TEXT\">E</field></block></value></block></value><statement name=\"DO0\"><block type=\"variables_set_number\"><mutation xmlns=\"http://www.w3.org/1999/xhtml\" is_player_var=\"false\" has_entity=\"false\"></mutation><field name=\"VAR\">global:e1_rarity</field><value name=\"VAL\"><block type=\"math_number\"><field name=\"NUM\">100000</field></block></value><next><block type=\"variables_set_string\"><mutation xmlns=\"http://www.w3.org/1999/xhtml\" is_player_var=\"false\" has_entity=\"false\"></mutation><field name=\"VAR\">global:e1_biome</field><value name=\"VAL\"><block type=\"text\"><field name=\"TEXT\">taiga</field></block></value><next><block type=\"variables_set_string\"><mutation xmlns=\"http://www.w3.org/1999/xhtml\" is_player_var=\"false\" has_entity=\"false\"></mutation><field name=\"VAR\">global:e1_ground_block</field><value name=\"VAL\"><block type=\"text\"><field name=\"TEXT\">list</field></block></value><next><block type=\"variables_set_number\"><mutation xmlns=\"http://www.w3.org/1999/xhtml\" is_player_var=\"false\" has_entity=\"false\"></mutation><field name=\"VAR\">global:e2_rarity</field><value name=\"VAL\"><block type=\"math_number\"><field name=\"NUM\">1000000</field></block></value><next><block type=\"variables_set_string\"><mutation xmlns=\"http://www.w3.org/1999/xhtml\" is_player_var=\"false\" has_entity=\"false\"></mutation><field name=\"VAR\">global:e2_biome</field><value name=\"VAL\"><block type=\"text\"><field name=\"TEXT\">mushroom_fields</field></block></value><next><block type=\"variables_set_string\"><mutation xmlns=\"http://www.w3.org/1999/xhtml\" is_player_var=\"false\" has_entity=\"false\"></mutation><field name=\"VAR\">global:e2_ground_block</field><value name=\"VAL\"><block type=\"text\"><field name=\"TEXT\">list</field></block></value><next><block type=\"variables_set_number\"><mutation xmlns=\"http://www.w3.org/1999/xhtml\" is_player_var=\"false\" has_entity=\"false\"></mutation><field name=\"VAR\">global:e3_rarity</field><value name=\"VAL\"><block type=\"math_number\"><field name=\"NUM\">1000000</field></block></value><next><block type=\"variables_set_string\"><mutation xmlns=\"http://www.w3.org/1999/xhtml\" is_player_var=\"false\" has_entity=\"false\"></mutation><field name=\"VAR\">global:e3_biome</field><value name=\"VAL\"><block type=\"text\"><field name=\"TEXT\">mushroom_fields</field></block></value><next><block type=\"variables_set_string\"><mutation xmlns=\"http://www.w3.org/1999/xhtml\" is_player_var=\"false\" has_entity=\"false\"></mutation><field name=\"VAR\">global:e3_ground_block</field><value name=\"VAL\"><block type=\"text\"><field name=\"TEXT\">list</field></block></value><next><block type=\"variables_set_number\"><mutation xmlns=\"http://www.w3.org/1999/xhtml\" is_player_var=\"false\" has_entity=\"false\"></mutation><field name=\"VAR\">global:e4_rarity</field><value name=\"VAL\"><block type=\"math_number\"><field name=\"NUM\">10000</field></block></value><next><block type=\"variables_set_string\"><mutation xmlns=\"http://www.w3.org/1999/xhtml\" is_player_var=\"false\" has_entity=\"false\"></mutation><field name=\"VAR\">global:e4_biome</field><value name=\"VAL\"><block type=\"text\"><field name=\"TEXT\">dark_forest</field></block></value><next><block type=\"variables_set_string\"><mutation xmlns=\"http://www.w3.org/1999/xhtml\" is_player_var=\"false\" has_entity=\"false\"></mutation><field name=\"VAR\">global:e4_ground_block</field><value name=\"VAL\"><block type=\"text\"><field name=\"TEXT\">list</field></block></value><next><block type=\"variables_set_number\"><mutation xmlns=\"http://www.w3.org/1999/xhtml\" is_player_var=\"false\" has_entity=\"false\"></mutation><field name=\"VAR\">global:e5_rarity</field><value name=\"VAL\"><block type=\"math_number\"><field name=\"NUM\">3000</field></block></value><next><block type=\"variables_set_string\"><mutation xmlns=\"http://www.w3.org/1999/xhtml\" is_player_var=\"false\" has_entity=\"false\"></mutation><field name=\"VAR\">global:e5_biome</field><value name=\"VAL\"><block type=\"text\"><field name=\"TEXT\">taiga</field></block></value><next><block type=\"variables_set_string\"><mutation xmlns=\"http://www.w3.org/1999/xhtml\" is_player_var=\"false\" has_entity=\"false\"></mutation><field name=\"VAR\">global:e5_ground_block</field><value name=\"VAL\"><block type=\"text\"><field name=\"TEXT\">list</field></block></value><next><block type=\"variables_set_number\"><mutation xmlns=\"http://www.w3.org/1999/xhtml\" is_player_var=\"false\" has_entity=\"false\"></mutation><field name=\"VAR\">global:e6_rarity</field><value name=\"VAL\"><block type=\"math_number\"><field name=\"NUM\">2000</field></block></value><next><block type=\"variables_set_string\"><mutation xmlns=\"http://www.w3.org/1999/xhtml\" is_player_var=\"false\" has_entity=\"false\"></mutation><field name=\"VAR\">global:e6_biome</field><value name=\"VAL\"><block type=\"text\"><field name=\"TEXT\">taiga</field></block></value><next><block type=\"variables_set_string\"><mutation xmlns=\"http://www.w3.org/1999/xhtml\" is_player_var=\"false\" has_entity=\"false\"></mutation><field name=\"VAR\">global:e6_ground_block</field><value name=\"VAL\"><block type=\"text\"><field name=\"TEXT\">list</field></block></value><next><block type=\"variables_set_number\"><mutation xmlns=\"http://www.w3.org/1999/xhtml\" is_player_var=\"false\" has_entity=\"false\"></mutation><field name=\"VAR\">global:e7_rarity</field><value name=\"VAL\"><block type=\"math_number\"><field name=\"NUM\">1000</field></block></value><next><block type=\"variables_set_string\"><mutation xmlns=\"http://www.w3.org/1999/xhtml\" is_player_var=\"false\" has_entity=\"false\"></mutation><field name=\"VAR\">global:e7_biome</field><value name=\"VAL\"><block type=\"text\"><field name=\"TEXT\">taiga</field></block></value><next><block type=\"variables_set_string\"><mutation xmlns=\"http://www.w3.org/1999/xhtml\" is_player_var=\"false\" has_entity=\"false\"></mutation><field name=\"VAR\">global:e7_ground_block</field><value name=\"VAL\"><block type=\"text\"><field name=\"TEXT\">list</field></block></value><next><block type=\"variables_set_number\"><mutation xmlns=\"http://www.w3.org/1999/xhtml\" is_player_var=\"false\" has_entity=\"false\"></mutation><field name=\"VAR\">global:e8_rarity</field><value name=\"VAL\"><block type=\"math_number\"><field name=\"NUM\">10000</field></block></value><next><block type=\"variables_set_string\"><mutation xmlns=\"http://www.w3.org/1999/xhtml\" is_player_var=\"false\" has_entity=\"false\"></mutation><field name=\"VAR\">global:e8_biome</field><value name=\"VAL\"><block type=\"text\"><field name=\"TEXT\">swamp</field></block></value><next><block type=\"variables_set_string\"><mutation xmlns=\"http://www.w3.org/1999/xhtml\" is_player_var=\"false\" has_entity=\"false\"></mutation><field name=\"VAR\">global:e8_ground_block</field><value name=\"VAL\"><block type=\"text\"><field name=\"TEXT\">dirt</field></block></value><next><block type=\"variables_set_number\"><mutation xmlns=\"http://www.w3.org/1999/xhtml\" is_player_var=\"false\" has_entity=\"false\"></mutation><field name=\"VAR\">global:e9_rarity</field><value name=\"VAL\"><block type=\"math_number\"><field name=\"NUM\">5000</field></block></value><next><block type=\"variables_set_string\"><mutation xmlns=\"http://www.w3.org/1999/xhtml\" is_player_var=\"false\" has_entity=\"false\"></mutation><field name=\"VAR\">global:e9_biome</field><value name=\"VAL\"><block type=\"text\"><field name=\"TEXT\">ice_spikes</field></block></value><next><block type=\"variables_set_string\"><mutation xmlns=\"http://www.w3.org/1999/xhtml\" is_player_var=\"false\" has_entity=\"false\"></mutation><field name=\"VAR\">global:e9_ground_block</field><value name=\"VAL\"><block type=\"text\"><field name=\"TEXT\">list</field></block></value><next><block type=\"variables_set_number\"><mutation xmlns=\"http://www.w3.org/1999/xhtml\" is_player_var=\"false\" has_entity=\"false\"></mutation><field name=\"VAR\">global:e10_rarity</field><value name=\"VAL\"><block type=\"math_number\"><field name=\"NUM\">50000</field></block></value><next><block type=\"variables_set_string\"><mutation xmlns=\"http://www.w3.org/1999/xhtml\" is_player_var=\"false\" has_entity=\"false\"></mutation><field name=\"VAR\">global:e10_biome</field><value name=\"VAL\"><block type=\"text\"><field name=\"TEXT\">ice_spikes</field></block></value><next><block type=\"variables_set_string\"><mutation xmlns=\"http://www.w3.org/1999/xhtml\" is_player_var=\"false\" has_entity=\"false\"></mutation><field name=\"VAR\">global:e10_ground_block</field><value name=\"VAL\"><block type=\"text\"><field name=\"TEXT\">list</field></block></value><next><block type=\"variables_set_number\"><mutation xmlns=\"http://www.w3.org/1999/xhtml\" is_player_var=\"false\" has_entity=\"false\"></mutation><field name=\"VAR\">global:e11_rarity</field><value name=\"VAL\"><block type=\"math_number\"><field name=\"NUM\">20000</field></block></value><next><block type=\"variables_set_string\"><mutation xmlns=\"http://www.w3.org/1999/xhtml\" is_player_var=\"false\" has_entity=\"false\"></mutation><field name=\"VAR\">global:e11_biome</field><value name=\"VAL\"><block type=\"text\"><field name=\"TEXT\">ice_spikes</field></block></value><next><block type=\"variables_set_string\"><mutation xmlns=\"http://www.w3.org/1999/xhtml\" is_player_var=\"false\" has_entity=\"false\"></mutation><field name=\"VAR\">global:e11_ground_block</field><value name=\"VAL\"><block type=\"text\"><field name=\"TEXT\">list</field></block></value><next><block type=\"variables_set_number\"><mutation xmlns=\"http://www.w3.org/1999/xhtml\" is_player_var=\"false\" has_entity=\"false\"></mutation><field name=\"VAR\">global:e12_rarity</field><value name=\"VAL\"><block type=\"math_number\"><field name=\"NUM\">100000</field></block></value><next><block type=\"variables_set_string\"><mutation xmlns=\"http://www.w3.org/1999/xhtml\" is_player_var=\"false\" has_entity=\"false\"></mutation><field name=\"VAR\">global:e12_biome</field><value name=\"VAL\"><block type=\"text\"><field name=\"TEXT\">dark_forest</field></block></value><next><block type=\"variables_set_string\"><mutation xmlns=\"http://www.w3.org/1999/xhtml\" is_player_var=\"false\" has_entity=\"false\"></mutation><field name=\"VAR\">global:e12_ground_block</field><value name=\"VAL\"><block type=\"text\"><field name=\"TEXT\">list</field></block></value><next><block type=\"variables_set_number\"><mutation xmlns=\"http://www.w3.org/1999/xhtml\" is_player_var=\"false\" has_entity=\"false\"></mutation><field name=\"VAR\">global:e13_rarity</field><value name=\"VAL\"><block type=\"math_number\"><field name=\"NUM\">100000</field></block></value><next><block type=\"variables_set_string\"><mutation xmlns=\"http://www.w3.org/1999/xhtml\" is_player_var=\"false\" has_entity=\"false\"></mutation><field name=\"VAR\">global:e13_biome</field><value name=\"VAL\"><block type=\"text\"><field name=\"TEXT\">swamp</field></block></value><next><block type=\"variables_set_string\"><mutation xmlns=\"http://www.w3.org/1999/xhtml\" is_player_var=\"false\" has_entity=\"false\"></mutation><field name=\"VAR\">global:e13_ground_block</field><value name=\"VAL\"><block type=\"text\"><field name=\"TEXT\">dirt</field></block></value><next><block type=\"variables_set_number\"><mutation xmlns=\"http://www.w3.org/1999/xhtml\" is_player_var=\"false\" has_entity=\"false\"></mutation><field name=\"VAR\">global:e14_rarity</field><value name=\"VAL\"><block type=\"math_number\"><field name=\"NUM\">5000</field></block></value><next><block type=\"variables_set_string\"><mutation xmlns=\"http://www.w3.org/1999/xhtml\" is_player_var=\"false\" has_entity=\"false\"></mutation><field name=\"VAR\">global:e14_biome</field><value name=\"VAL\"><block type=\"text\"><field name=\"TEXT\">dark_forest</field></block></value><next><block type=\"variables_set_string\"><mutation xmlns=\"http://www.w3.org/1999/xhtml\" is_player_var=\"false\" has_entity=\"false\"></mutation><field name=\"VAR\">global:e14_ground_block</field><value name=\"VAL\"><block type=\"text\"><field name=\"TEXT\">list</field></block></value><next><block type=\"variables_set_number\"><mutation xmlns=\"http://www.w3.org/1999/xhtml\" is_player_var=\"false\" has_entity=\"false\"></mutation><field name=\"VAR\">global:e15_rarity</field><value name=\"VAL\"><block type=\"math_number\"><field name=\"NUM\">100000</field></block></value><next><block type=\"variables_set_string\"><mutation xmlns=\"http://www.w3.org/1999/xhtml\" is_player_var=\"false\" has_entity=\"false\"></mutation><field name=\"VAR\">global:e15_biome</field><value name=\"VAL\"><block type=\"text\"><field name=\"TEXT\">mushroom_fields</field></block></value><next><block type=\"variables_set_string\"><mutation xmlns=\"http://www.w3.org/1999/xhtml\" is_player_var=\"false\" has_entity=\"false\"></mutation><field name=\"VAR\">global:e15_ground_block</field><value name=\"VAL\"><block type=\"text\"><field name=\"TEXT\">list</field></block></value></block></next></block></next></block></next></block></next></block></next></block></next></block></next></block></next></block></next></block></next></block></next></block></next></block></next></block></next></block></next></block></next></block></next></block></next></block></next></block></next></block></next></block></next></block></next></block></next></block></next></block></next></block></next></block></next></block></next></block></next></block></next></block></next></block></next></block></next></block></next></block></next></block></next></block></next></block></next></block></next></block></next></block></next></block></next></block></next></block></statement></block></next></block></next></block></next></block></next></block></next></block></next></block></next></block></next></block></next></block></next></block></next></block></next></block></next></block></next></block></next></block></next></block></xml>"
  }
}