{
  "_fv": 34,
  "_type": "procedure",
  "definition": {
    "procedurexml": "<xml xmlns=\"https://developers.google.com/blockly/xml\"><variables><variable type=\"String\" id=\"set\">set</variable></variables><block type=\"event_trigger\" deletable=\"false\" x=\"40\" y=\"40\"><field name=\"trigger\">no_ext_trigger</field><next><block type=\"variables_set_string\"><mutation xmlns=\"http://www.w3.org/1999/xhtml\" is_player_var=\"false\" has_entity=\"false\"></mutation><field name=\"VAR\">local:set</field><value name=\"VAL\"><block type=\"get_command_parameter_message\"><field name=\"param\">test_height</field></block></value><next><block type=\"controls_if\"><value name=\"IF0\"><block type=\"logic_negate\"><value name=\"BOOL\"><block type=\"text_binary_ops\"><value name=\"A\"><block type=\"variables_get_string\"><mutation xmlns=\"http://www.w3.org/1999/xhtml\" is_player_var=\"false\" has_entity=\"false\"></mutation><field name=\"VAR\">local:set</field></block></value><value name=\"B\"><block type=\"text\"><field name=\"TEXT\">?</field></block></value></block></value></block></value><statement name=\"DO0\"><block type=\"execute_command\"><value name=\"command\"><block type=\"text_join\"><mutation items=\"5\"></mutation><value name=\"ADD0\"><block type=\"text\"><field name=\"TEXT\">execute if entity @p[distance=..0.01] run tellraw @a [\"\",{\"text\":\"Tan's Huge Trees : \",\"color\":\"gray\"},{\"text\":\"Set </field></block></value><value name=\"ADD1\"><block type=\"text\"><field name=\"TEXT\">surface height</field></block></value><value name=\"ADD2\"><block type=\"text\"><field name=\"TEXT\"> to </field></block></value><value name=\"ADD3\"><block type=\"variables_get_string\"><mutation xmlns=\"http://www.w3.org/1999/xhtml\" is_player_var=\"false\" has_entity=\"false\"></mutation><field name=\"VAR\">local:set</field></block></value><value name=\"ADD4\"><block type=\"text\"><field name=\"TEXT\">\",\"color\":\"yellow\"}]</field></block></value></block></value><value name=\"x\"><block type=\"coord_x\"></block></value><value name=\"y\"><block type=\"coord_y\"></block></value><value name=\"z\"><block type=\"coord_z\"></block></value></block></statement><next><block type=\"controls_if\"><mutation else=\"1\"></mutation><value name=\"IF0\"><block type=\"text_binary_ops\" collapsed=\"true\"><value name=\"A\"><block type=\"variables_get_string\"><mutation xmlns=\"http://www.w3.org/1999/xhtml\" is_player_var=\"false\" has_entity=\"false\"></mutation><field name=\"VAR\">local:set</field></block></value><value name=\"B\"><block type=\"text\"><field name=\"TEXT\">?</field></block></value></block></value><statement name=\"DO0\"><block type=\"variables_set_string\"><mutation xmlns=\"http://www.w3.org/1999/xhtml\" is_player_var=\"false\" has_entity=\"false\"></mutation><field name=\"VAR\">local:set</field><value name=\"VAL\"><block type=\"text_join\"><mutation items=\"1\"></mutation><value name=\"ADD0\"><block type=\"variables_get_number\"><mutation xmlns=\"http://www.w3.org/1999/xhtml\" is_player_var=\"false\" has_entity=\"false\"></mutation><field name=\"VAR\">global:test_area</field></block></value></block></value></block></statement><statement name=\"ELSE\"><block type=\"variables_set_number\"><mutation xmlns=\"http://www.w3.org/1999/xhtml\" is_player_var=\"false\" has_entity=\"false\"></mutation><field name=\"VAR\">global:test_area</field><value name=\"VAL\"><block type=\"math_from_text\"><value name=\"NUMTEXT\"><block type=\"variables_get_string\"><mutation xmlns=\"http://www.w3.org/1999/xhtml\" is_player_var=\"false\" has_entity=\"false\"></mutation><field name=\"VAR\">local:set</field></block></value></block></value></block></statement><next><block type=\"controls_if\"><value name=\"IF0\"><block type=\"text_binary_ops\"><value name=\"A\"><block type=\"get_command_parameter_message\"><field name=\"param\">test_height</field></block></value><value name=\"B\"><block type=\"text\"><field name=\"TEXT\">?</field></block></value></block></value><statement name=\"DO0\"><block type=\"execute_command\"><value name=\"command\"><block type=\"text_join\"><mutation items=\"5\"></mutation><value name=\"ADD0\"><block type=\"text\"><field name=\"TEXT\">execute if entity @p[distance=..0.01] run tellraw @a [\"\",{\"text\":\"Tan's Huge Trees : \",\"color\":\"gray\"},{\"text\":\"Current value of </field></block></value><value name=\"ADD1\"><block type=\"text\"><field name=\"TEXT\">surface height</field></block></value><value name=\"ADD2\"><block type=\"text\"><field name=\"TEXT\"> is </field></block></value><value name=\"ADD3\"><block type=\"math_from_text\"><value name=\"NUMTEXT\"><block type=\"variables_get_string\"><mutation xmlns=\"http://www.w3.org/1999/xhtml\" is_player_var=\"false\" has_entity=\"false\"></mutation><field name=\"VAR\">local:set</field></block></value></block></value><value name=\"ADD4\"><block type=\"text\"><field name=\"TEXT\">\",\"color\":\"yellow\"}]</field></block></value></block></value><value name=\"x\"><block type=\"coord_x\"></block></value><value name=\"y\"><block type=\"coord_y\"></block></value><value name=\"z\"><block type=\"coord_z\"></block></value></block></statement></block></next></block></next></block></next></block></next></block></xml>"
  }
}