{
  "_fv": 34,
  "_type": "tag",
  "definition": {
    "type": "Blocks",
    "items": [],
    "blocks": [
      {
        "value": "Blocks.GRASS"
      },
      {
        "value": "Blocks.DIRT#0"
      },
      {
        "value": "Blocks.DIRT#1"
      },
      {
        "value": "Blocks.DIRT#2"
      },
      {
        "value": "Blocks.SAND#0"
      },
      {
        "value": "Blocks.SAND#1"
      },
      {
        "value": "Blocks.MYCELIUM"
      },
      {
        "value": "Blocks.CLAY"
      }
    ],
    "functions": [],
    "entities": [],
    "biomes": [],
    "name": "list_blocks",
    "namespace": "mod"
  }
}