{
  "_fv": 73,
  "_type": "overlay",
  "definition": {
    "priority": "NORMAL",
    "components": [
      {
        "type": "sprite",
        "data": {
          "sprite": "overlay_generating_region.png",
          "spritesCount": 4,
          "spriteIndex": {
            "fixedValue": 0.0,
            "name": "OVERLAYGeneratingRegionLoading"
          },
          "anchorPoint": "CENTER",
          "x": 278,
          "y": 112,
          "locked": false
        }
      },
      {
        "type": "sprite",
        "data": {
          "sprite": "overlay_generating_region_bar.png",
          "spritesCount": 17,
          "spriteIndex": {
            "fixedValue": 0.0,
            "name": "OVERLAYGeneratingRegionBar"
          },
          "anchorPoint": "CENTER",
          "x": 294,
          "y": 112,
          "locked": false
        }
      }
    ],
    "baseTexture": "",
    "overlayTarget": "WorldLoadProgress",
    "displayCondition": {
      "name": "OVERLAYGeneratingRegionShow"
    },
    "gridSettings": {
      "sx": 16,
      "sy": 16,
      "ox": 11,
      "oy": 15,
      "snapOnGrid": true
    }
  }
}