{
  "_fv": 73,
  "_type": "procedure",
  "definition": {
    "procedurexml": "<xml xmlns=\"https://developers.google.com/blockly/xml\"><variables><variable type=\"Number\" id=\"merge_text_pos\">merge_text_pos</variable><variable type=\"MCItemBlock\" id=\"sapling\">sapling</variable><variable type=\"String\" id=\"merge_text\">merge_text</variable><variable type=\"String\" id=\"directory\">directory</variable><variable type=\"File\" id=\"file\">file</variable></variables><block type=\"event_trigger\" deletable=\"false\" x=\"-32\" y=\"57\"><field name=\"trigger\">no_ext_trigger</field><next><block type=\"controls_if\"><value name=\"IF0\"><block type=\"logic_binary_ops\"><field name=\"OP\">EQ</field><value name=\"A\"><block type=\"block_nbt_logic_get\"><value name=\"tagName\"><block type=\"text\"><field name=\"TEXT\">sapling_start</field></block></value><value name=\"x\"><block type=\"coord_x\"></block></value><value name=\"y\"><block type=\"coord_y\"></block></value><value name=\"z\"><block type=\"coord_z\"></block></value></block></value><value name=\"B\"><block type=\"logic_boolean\"><field name=\"BOOL\">TRUE</field></block></value></block></value><statement name=\"DO0\"><block type=\"controls_if\"><mutation else=\"1\"></mutation><value name=\"IF0\"><block type=\"math_binary_ops\"><field name=\"OP\">GT</field><value name=\"A\"><block type=\"block_nbt_num_get\"><value name=\"tagName\"><block type=\"text\"><field name=\"TEXT\">countdown</field></block></value><value name=\"x\"><block type=\"coord_x\"></block></value><value name=\"y\"><block type=\"coord_y\"></block></value><value name=\"z\"><block type=\"coord_z\"></block></value></block></value><value name=\"B\"><block type=\"math_number\"><field name=\"NUM\">0</field></block></value></block></value><statement name=\"DO0\"><block type=\"block_nbt_num_set\"><value name=\"tagName\"><block type=\"text\"><field name=\"TEXT\">countdown</field></block></value><value name=\"x\"><block type=\"coord_x\"></block></value><value name=\"y\"><block type=\"coord_y\"></block></value><value name=\"z\"><block type=\"coord_z\"></block></value><value name=\"tagValue\"><block type=\"math_dual_ops\"><field name=\"OP\">MINUS</field><value name=\"A\"><block type=\"block_nbt_num_get\"><value name=\"tagName\"><block type=\"text\"><field name=\"TEXT\">countdown</field></block></value><value name=\"x\"><block type=\"coord_x\"></block></value><value name=\"y\"><block type=\"coord_y\"></block></value><value name=\"z\"><block type=\"coord_z\"></block></value></block></value><value name=\"B\"><block type=\"math_number\"><field name=\"NUM\">1</field></block></value></block></value><next><block type=\"execute_command\"><value name=\"command\"><block type=\"text_join\"><mutation items=\"3\"></mutation><value name=\"ADD0\"><block type=\"text\"><field name=\"TEXT\">execute positioned ~0.5 ~0.75 ~0.5 as @e[tag=THT-tree_countdown,distance=..1,limit=1,sort=nearest] at @s run data merge entity @s {CustomName:'{\"text\":\"</field></block></value><value name=\"ADD1\"><block type=\"text_replace\"><value name=\"what\"><block type=\"text\"><field name=\"TEXT\">.0</field></block></value><value name=\"with\"><block type=\"text\"><field name=\"TEXT\"></field></block></value><value name=\"text\"><block type=\"text_format_number\"><value name=\"number\"><block type=\"block_nbt_num_get\"><value name=\"tagName\"><block type=\"text\"><field name=\"TEXT\">countdown</field></block></value><value name=\"x\"><block type=\"coord_x\"></block></value><value name=\"y\"><block type=\"coord_y\"></block></value><value name=\"z\"><block type=\"coord_z\"></block></value></block></value><value name=\"format\"><block type=\"text\"><field name=\"TEXT\">##.##</field></block></value></block></value></block></value><value name=\"ADD2\"><block type=\"text\"><field name=\"TEXT\">\",\"color\":\"red\"}'}</field></block></value></block></value><value name=\"x\"><block type=\"coord_x\"></block></value><value name=\"y\"><block type=\"coord_y\"></block></value><value name=\"z\"><block type=\"coord_z\"></block></value></block></next></block></statement><statement name=\"ELSE\"><block type=\"execute_command\"><value name=\"command\"><block type=\"text\"><field name=\"TEXT\">execute positioned ~0.5 ~0.75 ~0.5 run kill @e[tag=THT-tree_countdown,distance=..1]</field></block></value><value name=\"x\"><block type=\"coord_x\"></block></value><value name=\"y\"><block type=\"coord_y\"></block></value><value name=\"z\"><block type=\"coord_z\"></block></value><next><block type=\"controls_if\"><mutation else=\"1\"></mutation><value name=\"IF0\"><block type=\"compare_mcblocks\"><value name=\"a\"><block type=\"world_data_blockat\"><value name=\"x\"><block type=\"coord_x\"></block></value><value name=\"y\"><block type=\"coord_y\"></block></value><value name=\"z\"><block type=\"coord_z\"></block></value></block></value><value name=\"b\"><block type=\"mcitem_allblocks\"><field name=\"value\">CUSTOM:RandomTreeBlock</field></block></value></block></value><statement name=\"DO0\"><block type=\"controls_if\"><value name=\"IF0\"><block type=\"compare_mcblocks\"><value name=\"a\"><block type=\"world_data_blockat\"><value name=\"x\"><block type=\"coord_x\"></block></value><value name=\"y\"><block type=\"math_dual_ops\"><field name=\"OP\">MINUS</field><value name=\"A\"><block type=\"coord_y\"></block></value><value name=\"B\"><block type=\"math_number\"><field name=\"NUM\">1</field></block></value></block></value><value name=\"z\"><block type=\"coord_z\"></block></value></block></value><value name=\"b\"><block type=\"mcitem_allblocks\"><field name=\"value\">Blocks.STRUCTURE_BLOCK#2</field></block></value></block></value><statement name=\"DO0\"><block type=\"block_nbt_logic_set\"><value name=\"tagName\"><block type=\"text\"><field name=\"TEXT\">grid_fix</field></block></value><value name=\"x\"><block type=\"coord_x\"></block></value><value name=\"y\"><block type=\"coord_y\"></block></value><value name=\"z\"><block type=\"coord_z\"></block></value><value name=\"tagValue\"><block type=\"logic_boolean\"><field name=\"BOOL\">TRUE</field></block></value></block></statement><next><block type=\"execute_command\"><value name=\"command\"><block type=\"text\"><field name=\"TEXT\">summon marker ~0.5 ~0.5 ~0.5 {Tags:[\"THT-random_tree\"],CustomName:'{\"text\":\"THT-random_tree\"}'}</field></block></value><value name=\"x\"><block type=\"coord_x\"></block></value><value name=\"y\"><block type=\"coord_y\"></block></value><value name=\"z\"><block type=\"coord_z\"></block></value><next><block type=\"execute_command\"><value name=\"command\"><block type=\"text\"><field name=\"TEXT\">data modify entity @e[name=THT-random_tree,limit=1,sort=nearest] ForgeData set from block ~ ~ ~ ForgeData</field></block></value><value name=\"x\"><block type=\"coord_x\"></block></value><value name=\"y\"><block type=\"coord_y\"></block></value><value name=\"z\"><block type=\"coord_z\"></block></value><next><block type=\"block_remove\"><value name=\"x\"><block type=\"coord_x\"></block></value><value name=\"y\"><block type=\"coord_y\"></block></value><value name=\"z\"><block type=\"coord_z\"></block></value></block></next></block></next></block></next></block></statement><statement name=\"ELSE\"><block type=\"controls_if\" collapsed=\"true\"><value name=\"IF0\"><block type=\"logic_boolean\"><field name=\"BOOL\">TRUE</field></block></value><statement name=\"DO0\"><block type=\"variables_set_blockstate\"><mutation xmlns=\"http://www.w3.org/1999/xhtml\" is_player_var=\"false\" has_entity=\"false\"></mutation><field name=\"VAR\">local:sapling</field><value name=\"VAL\"><block type=\"world_data_blockat\"><value name=\"x\"><block type=\"coord_x\"></block></value><value name=\"y\"><block type=\"coord_y\"></block></value><value name=\"z\"><block type=\"coord_z\"></block></value></block></value><next><block type=\"controls_if\"><value name=\"IF0\"><block type=\"logic_boolean\"><field name=\"BOOL\">TRUE</field></block></value><statement name=\"DO0\"><block type=\"variables_set_file\"><mutation xmlns=\"http://www.w3.org/1999/xhtml\" is_player_var=\"false\" has_entity=\"false\"></mutation><field name=\"VAR\">local:file</field><value name=\"VAL\"><block type=\"file_variable\"><mutation xmlns=\"http://www.w3.org/1999/xhtml\" is_player_var=\"false\" has_entity=\"false\"></mutation><field name=\"VAR\">local:file</field><value name=\"name\"><block type=\"text_join\"><mutation items=\"2\"></mutation><value name=\"ADD0\"><block type=\"text_replace\"><value name=\"what\"><block type=\"text\"><field name=\"TEXT\">tanshugetrees:</field></block></value><value name=\"with\"><block type=\"text\"><field name=\"TEXT\"></field></block></value><value name=\"text\"><block type=\"block_registry_name\"><value name=\"block\"><block type=\"variables_get_blockstate\"><mutation xmlns=\"http://www.w3.org/1999/xhtml\" is_player_var=\"false\" has_entity=\"false\"></mutation><field name=\"VAR\">local:sapling</field></block></value></block></value></block></value><value name=\"ADD1\"><block type=\"text\"><field name=\"TEXT\">.txt</field></block></value></block></value><value name=\"location\"><block type=\"text_join\" inline=\"false\"><mutation items=\"3\"></mutation><value name=\"ADD0\"><block type=\"get_game_directory\"></block></value><value name=\"ADD1\"><block type=\"text\"><field name=\"TEXT\">/config/tanshugetrees/custom_packs/THT-tree_pack-main/presets/</field></block></value><value name=\"ADD2\"><block type=\"text_replace\"><value name=\"what\"><block type=\"text\"><field name=\"TEXT\">tanshugetrees:</field></block></value><value name=\"with\"><block type=\"text\"><field name=\"TEXT\"></field></block></value><value name=\"text\"><block type=\"block_registry_name\"><value name=\"block\"><block type=\"variables_get_blockstate\"><mutation xmlns=\"http://www.w3.org/1999/xhtml\" is_player_var=\"false\" has_entity=\"false\"></mutation><field name=\"VAR\">local:sapling</field></block></value></block></value></block></value></block></value></block></value></block></statement><next><block type=\"controls_if\"><value name=\"IF0\"><block type=\"file_exists\"><mutation xmlns=\"http://www.w3.org/1999/xhtml\" is_player_var=\"false\" has_entity=\"false\"></mutation><field name=\"VAR\">local:file</field></block></value><statement name=\"DO0\"><block type=\"read_txt\"><mutation xmlns=\"http://www.w3.org/1999/xhtml\" is_player_var=\"false\" has_entity=\"false\"></mutation><field name=\"VAR\">local:file</field><value name=\"_placeholder\"><block type=\"string_iterator\"></block></value><statement name=\"foreach\"><block type=\"variables_set_string\"><mutation xmlns=\"http://www.w3.org/1999/xhtml\" is_player_var=\"false\" has_entity=\"false\"></mutation><field name=\"VAR\">local:merge_text</field><value name=\"VAL\"><block type=\"text_join\"><mutation items=\"2\"></mutation><value name=\"ADD0\"><block type=\"variables_get_string\"><mutation xmlns=\"http://www.w3.org/1999/xhtml\" is_player_var=\"false\" has_entity=\"false\"></mutation><field name=\"VAR\">local:merge_text</field></block></value><value name=\"ADD1\"><block type=\"string_iterator\"></block></value></block></value></block></statement><next><block type=\"controls_repeat_ext\"><value name=\"TIMES\"><block type=\"text_length\"><value name=\"VALUE\"><block type=\"variables_get_string\"><mutation xmlns=\"http://www.w3.org/1999/xhtml\" is_player_var=\"false\" has_entity=\"false\"></mutation><field name=\"VAR\">local:merge_text</field></block></value></block></value><statement name=\"DO\"><block type=\"controls_if\"><mutation else=\"1\"></mutation><value name=\"IF0\"><block type=\"logic_binary_ops\"><field name=\"OP\">EQ</field><value name=\"A\"><block type=\"text_contains\"><value name=\"text\"><block type=\"text_substring\"><value name=\"text\"><block type=\"variables_get_string\"><mutation xmlns=\"http://www.w3.org/1999/xhtml\" is_player_var=\"false\" has_entity=\"false\"></mutation><field name=\"VAR\">local:merge_text</field></block></value><value name=\"from\"><block type=\"math_number\"><field name=\"NUM\">0</field></block></value><value name=\"to\"><block type=\"variables_get_number\"><mutation xmlns=\"http://www.w3.org/1999/xhtml\" is_player_var=\"false\" has_entity=\"false\"></mutation><field name=\"VAR\">local:merge_text_pos</field></block></value></block></value><value name=\"contains\"><block type=\"text\"><field name=\"TEXT\">BlockEntityTag:{</field></block></value></block></value><value name=\"B\"><block type=\"logic_boolean\"><field name=\"BOOL\">TRUE</field></block></value></block></value><statement name=\"DO0\"><block type=\"variables_set_string\"><mutation xmlns=\"http://www.w3.org/1999/xhtml\" is_player_var=\"false\" has_entity=\"false\"></mutation><field name=\"VAR\">local:merge_text</field><value name=\"VAL\"><block type=\"text_substring\"><value name=\"text\"><block type=\"variables_get_string\"><mutation xmlns=\"http://www.w3.org/1999/xhtml\" is_player_var=\"false\" has_entity=\"false\"></mutation><field name=\"VAR\">local:merge_text</field></block></value><value name=\"from\"><block type=\"variables_get_number\"><mutation xmlns=\"http://www.w3.org/1999/xhtml\" is_player_var=\"false\" has_entity=\"false\"></mutation><field name=\"VAR\">local:merge_text_pos</field></block></value><value name=\"to\"><block type=\"math_dual_ops\"><field name=\"OP\">MINUS</field><value name=\"A\"><block type=\"text_length\"><value name=\"VALUE\"><block type=\"variables_get_string\"><mutation xmlns=\"http://www.w3.org/1999/xhtml\" is_player_var=\"false\" has_entity=\"false\"></mutation><field name=\"VAR\">local:merge_text</field></block></value></block></value><value name=\"B\"><block type=\"math_number\"><field name=\"NUM\">1</field></block></value></block></value></block></value><next><block type=\"execute_command\"><value name=\"command\"><block type=\"text_join\"><mutation items=\"2\"></mutation><value name=\"ADD0\"><block type=\"text\"><field name=\"TEXT\">summon marker ~0.5 ~0.5 ~0.5 {Tags:[\"THT-random_tree\"],CustomName:'{\"text\":\"THT-random_tree\"}',</field></block></value><value name=\"ADD1\"><block type=\"variables_get_string\"><mutation xmlns=\"http://www.w3.org/1999/xhtml\" is_player_var=\"false\" has_entity=\"false\"></mutation><field name=\"VAR\">local:merge_text</field></block></value></block></value><value name=\"x\"><block type=\"coord_x\"></block></value><value name=\"y\"><block type=\"coord_y\"></block></value><value name=\"z\"><block type=\"coord_z\"></block></value><next><block type=\"controls_flow_statements\"><field name=\"FLOW\">BREAK</field></block></next></block></next></block></statement><statement name=\"ELSE\"><block type=\"variables_set_number\"><mutation xmlns=\"http://www.w3.org/1999/xhtml\" is_player_var=\"false\" has_entity=\"false\"></mutation><field name=\"VAR\">local:merge_text_pos</field><value name=\"VAL\"><block type=\"math_dual_ops\"><field name=\"OP\">ADD</field><value name=\"A\"><block type=\"variables_get_number\"><mutation xmlns=\"http://www.w3.org/1999/xhtml\" is_player_var=\"false\" has_entity=\"false\"></mutation><field name=\"VAR\">local:merge_text_pos</field></block></value><value name=\"B\"><block type=\"math_number\"><field name=\"NUM\">1</field></block></value></block></value></block></statement></block></statement></block></next></block></statement><next><block type=\"block_remove\"><value name=\"x\"><block type=\"coord_x\"></block></value><value name=\"y\"><block type=\"coord_y\"></block></value><value name=\"z\"><block type=\"coord_z\"></block></value></block></next></block></next></block></next></block></statement></block></statement></block></next></block></statement></block></statement></block></next></block></xml>"
  }
}