{
  "_fv": 73,
  "_type": "procedure",
  "definition": {
    "procedurexml": "<?xml version=\"1.0\" encoding=\"UTF-8\" standalone=\"no\"?><xml xmlns=\"https://developers.google.com/blockly/xml\"><variables><variable id=\"chosen\" type=\"String\">chosen</variable></variables><block deletable=\"false\" type=\"event_trigger\" x=\"40\" y=\"40\"><field name=\"trigger\">no_ext_trigger</field><next><block type=\"controls_if\"><value name=\"IF0\"><block type=\"logic_negate\"><value name=\"BOOL\"><block collapsed=\"true\" type=\"text_binary_ops\"><value name=\"A\"><block type=\"variables_get_string\"><mutation xmlns=\"http://www.w3.org/1999/xhtml\" has_entity=\"true\" is_player_var=\"true\"/><field name=\"VAR\">global:user_DELETE_THIS</field><value name=\"entity\"><block type=\"entity_from_deps\"/></value></block></value><value name=\"B\"><block type=\"text\"><field name=\"TEXT\"/></block></value></block></value></block></value><statement name=\"DO0\"><block type=\"variables_set_string\"><mutation xmlns=\"http://www.w3.org/1999/xhtml\" has_entity=\"false\" is_player_var=\"false\"/><field name=\"VAR\">local:chosen</field><value name=\"VAL\"><block type=\"text_replace\"><value name=\"what\"><block collapsed=\"true\" type=\"text\"><field name=\"TEXT\">&lt;ID&gt;</field></block></value><value name=\"with\"><block collapsed=\"true\" type=\"variables_get_string\"><mutation xmlns=\"http://www.w3.org/1999/xhtml\" has_entity=\"true\" is_player_var=\"true\"/><field name=\"VAR\">global:user_DELETE_THIS</field><value name=\"entity\"><block type=\"entity_from_deps\"/></value></block></value><value name=\"text\"><block type=\"text\"><field name=\"TEXT\">@e[tag=&lt;ID&gt;-ally_custom]</field></block></value></block></value><next><block type=\"controls_if\"><value name=\"IF0\"><block collapsed=\"true\" inline=\"false\" type=\"logic_binary_ops\"><field name=\"OP\">OR</field><value name=\"A\"><block inline=\"false\" type=\"logic_binary_ops\"><field name=\"OP\">OR</field><value name=\"A\"><block type=\"text_binary_ops\"><value name=\"A\"><block type=\"variables_get_string\"><mutation xmlns=\"http://www.w3.org/1999/xhtml\" has_entity=\"true\" is_player_var=\"true\"/><field name=\"VAR\">global:ally_list_chat_setting</field><value name=\"entity\"><block type=\"entity_from_deps\"/></value></block></value><value name=\"B\"><block type=\"text\"><field name=\"TEXT\">User</field></block></value></block></value><value name=\"B\"><block type=\"text_binary_ops\"><value name=\"A\"><block type=\"variables_get_string\"><mutation xmlns=\"http://www.w3.org/1999/xhtml\" has_entity=\"true\" is_player_var=\"true\"/><field name=\"VAR\">global:ally_list_chat_setting</field><value name=\"entity\"><block type=\"entity_from_deps\"/></value></block></value><value name=\"B\"><block type=\"text\"><field name=\"TEXT\">User and Chosen</field></block></value></block></value></block></value><value name=\"B\"><block inline=\"false\" type=\"logic_binary_ops\"><field name=\"OP\">OR</field><value name=\"A\"><block type=\"text_binary_ops\"><value name=\"A\"><block type=\"variables_get_string\"><mutation xmlns=\"http://www.w3.org/1999/xhtml\" has_entity=\"true\" is_player_var=\"true\"/><field name=\"VAR\">global:ally_list_chat_setting</field><value name=\"entity\"><block type=\"entity_from_deps\"/></value></block></value><value name=\"B\"><block type=\"text\"><field name=\"TEXT\">User and Ally</field></block></value></block></value><value name=\"B\"><block type=\"text_binary_ops\"><value name=\"A\"><block type=\"variables_get_string\"><mutation xmlns=\"http://www.w3.org/1999/xhtml\" has_entity=\"true\" is_player_var=\"true\"/><field name=\"VAR\">global:ally_list_chat_setting</field><value name=\"entity\"><block type=\"entity_from_deps\"/></value></block></value><value name=\"B\"><block type=\"text\"><field name=\"TEXT\">User, Chosen and Ally</field></block></value></block></value></block></value></block></value><statement name=\"DO0\"><block type=\"entity_execute_command\"><value name=\"command\"><block type=\"text_join\"><mutation items=\"5\"/><value name=\"ADD0\"><block type=\"text\"><field name=\"TEXT\">execute if entity </field></block></value><value name=\"ADD1\"><block collapsed=\"true\" type=\"variables_get_string\"><mutation xmlns=\"http://www.w3.org/1999/xhtml\" has_entity=\"false\" is_player_var=\"false\"/><field name=\"VAR\">local:chosen</field></block></value><value name=\"ADD2\"><block type=\"text\"><field name=\"TEXT\"> run tellraw @p [\"\",{\"text\":\"Removed \",\"color\":\"gold\"},{\"text\":\"\",\"color\":\"gray\",\"extra\":[{\"selector\":\"</field></block></value><value name=\"ADD3\"><block collapsed=\"true\" type=\"variables_get_string\"><mutation xmlns=\"http://www.w3.org/1999/xhtml\" has_entity=\"false\" is_player_var=\"false\"/><field name=\"VAR\">local:chosen</field></block></value><value name=\"ADD4\"><block type=\"text\"><field name=\"TEXT\">\"}]},{\"text\":\" from ally list\",\"color\":\"gold\"}]</field></block></value></block></value><value name=\"entity\"><block type=\"entity_from_deps\"/></value></block></statement><next><block type=\"controls_if\"><value name=\"IF0\"><block collapsed=\"true\" inline=\"false\" type=\"logic_binary_ops\"><field name=\"OP\">OR</field><value name=\"A\"><block inline=\"false\" type=\"logic_binary_ops\"><field name=\"OP\">OR</field><value name=\"A\"><block type=\"text_binary_ops\"><value name=\"A\"><block type=\"variables_get_string\"><mutation xmlns=\"http://www.w3.org/1999/xhtml\" has_entity=\"true\" is_player_var=\"true\"/><field name=\"VAR\">global:ally_list_chat_setting</field><value name=\"entity\"><block type=\"entity_from_deps\"/></value></block></value><value name=\"B\"><block type=\"text\"><field name=\"TEXT\">Chosen</field></block></value></block></value><value name=\"B\"><block type=\"text_binary_ops\"><value name=\"A\"><block type=\"variables_get_string\"><mutation xmlns=\"http://www.w3.org/1999/xhtml\" has_entity=\"true\" is_player_var=\"true\"/><field name=\"VAR\">global:ally_list_chat_setting</field><value name=\"entity\"><block type=\"entity_from_deps\"/></value></block></value><value name=\"B\"><block type=\"text\"><field name=\"TEXT\">User and Chosen</field></block></value></block></value></block></value><value name=\"B\"><block inline=\"false\" type=\"logic_binary_ops\"><field name=\"OP\">OR</field><value name=\"A\"><block type=\"text_binary_ops\"><value name=\"A\"><block type=\"variables_get_string\"><mutation xmlns=\"http://www.w3.org/1999/xhtml\" has_entity=\"true\" is_player_var=\"true\"/><field name=\"VAR\">global:ally_list_chat_setting</field><value name=\"entity\"><block type=\"entity_from_deps\"/></value></block></value><value name=\"B\"><block type=\"text\"><field name=\"TEXT\">Chosen and Ally</field></block></value></block></value><value name=\"B\"><block type=\"text_binary_ops\"><value name=\"A\"><block type=\"variables_get_string\"><mutation xmlns=\"http://www.w3.org/1999/xhtml\" has_entity=\"true\" is_player_var=\"true\"/><field name=\"VAR\">global:ally_list_chat_setting</field><value name=\"entity\"><block type=\"entity_from_deps\"/></value></block></value><value name=\"B\"><block type=\"text\"><field name=\"TEXT\">User, Chosen and Ally</field></block></value></block></value></block></value></block></value><statement name=\"DO0\"><block type=\"entity_execute_command\"><value name=\"command\"><block type=\"text_join\"><mutation items=\"5\"/><value name=\"ADD0\"><block type=\"text\"><field name=\"TEXT\">execute if entity </field></block></value><value name=\"ADD1\"><block collapsed=\"true\" type=\"variables_get_string\"><mutation xmlns=\"http://www.w3.org/1999/xhtml\" has_entity=\"false\" is_player_var=\"false\"/><field name=\"VAR\">local:chosen</field></block></value><value name=\"ADD2\"><block type=\"text\"><field name=\"TEXT\"> run tellraw </field></block></value><value name=\"ADD3\"><block collapsed=\"true\" type=\"variables_get_string\"><mutation xmlns=\"http://www.w3.org/1999/xhtml\" has_entity=\"false\" is_player_var=\"false\"/><field name=\"VAR\">local:chosen</field></block></value><value name=\"ADD4\"><block type=\"text\"><field name=\"TEXT\"> [\"\",{\"text\":\"\",\"color\":\"gold\",\"extra\":[{\"selector\":\"@p\"}]},{\"text\":\" removed you from ally list\",\"color\":\"gold\"}]</field></block></value></block></value><value name=\"entity\"><block type=\"entity_from_deps\"/></value></block></statement><next><block type=\"execute_command\"><value name=\"command\"><block type=\"text_join\"><mutation items=\"5\"/><value name=\"ADD0\"><block type=\"text\"><field name=\"TEXT\">execute if entity </field></block></value><value name=\"ADD1\"><block collapsed=\"true\" type=\"variables_get_string\"><mutation xmlns=\"http://www.w3.org/1999/xhtml\" has_entity=\"false\" is_player_var=\"false\"/><field name=\"VAR\">local:chosen</field></block></value><value name=\"ADD2\"><block type=\"text\"><field name=\"TEXT\"> run effect give </field></block></value><value name=\"ADD3\"><block collapsed=\"true\" type=\"variables_get_string\"><mutation xmlns=\"http://www.w3.org/1999/xhtml\" has_entity=\"false\" is_player_var=\"false\"/><field name=\"VAR\">local:chosen</field></block></value><value name=\"ADD4\"><block type=\"text\"><field name=\"TEXT\">glowing 5 1 true</field></block></value></block></value><value name=\"x\"><block type=\"coord_x\"/></value><value name=\"y\"><block type=\"coord_y\"/></value><value name=\"z\"><block type=\"coord_z\"/></value><next><block type=\"execute_command\"><value name=\"command\"><block type=\"text_replace\"><value name=\"what\"><block collapsed=\"true\" type=\"text\"><field name=\"TEXT\">&lt;ID&gt;</field></block></value><value name=\"with\"><block collapsed=\"true\" type=\"variables_get_string\"><mutation xmlns=\"http://www.w3.org/1999/xhtml\" has_entity=\"true\" is_player_var=\"true\"/><field name=\"VAR\">global:user_DELETE_THIS</field><value name=\"entity\"><block type=\"entity_from_deps\"/></value></block></value><value name=\"text\"><block type=\"text_join\"><mutation items=\"5\"/><value name=\"ADD0\"><block type=\"text\"><field name=\"TEXT\">execute if entity </field></block></value><value name=\"ADD1\"><block collapsed=\"true\" type=\"variables_get_string\"><mutation xmlns=\"http://www.w3.org/1999/xhtml\" has_entity=\"false\" is_player_var=\"false\"/><field name=\"VAR\">local:chosen</field></block></value><value name=\"ADD2\"><block type=\"text\"><field name=\"TEXT\"> run tag </field></block></value><value name=\"ADD3\"><block collapsed=\"true\" type=\"variables_get_string\"><mutation xmlns=\"http://www.w3.org/1999/xhtml\" has_entity=\"false\" is_player_var=\"false\"/><field name=\"VAR\">local:chosen</field></block></value><value name=\"ADD4\"><block type=\"text\"><field name=\"TEXT\"> remove &lt;ID&gt;-ally</field></block></value></block></value></block></value><value name=\"x\"><block type=\"coord_x\"/></value><value name=\"y\"><block type=\"coord_y\"/></value><value name=\"z\"><block type=\"coord_z\"/></value><next><block type=\"execute_command\"><value name=\"command\"><block type=\"text_replace\"><value name=\"what\"><block collapsed=\"true\" type=\"text\"><field name=\"TEXT\">&lt;ID&gt;</field></block></value><value name=\"with\"><block collapsed=\"true\" type=\"variables_get_string\"><mutation xmlns=\"http://www.w3.org/1999/xhtml\" has_entity=\"true\" is_player_var=\"true\"/><field name=\"VAR\">global:user_DELETE_THIS</field><value name=\"entity\"><block type=\"entity_from_deps\"/></value></block></value><value name=\"text\"><block type=\"text_join\"><mutation items=\"5\"/><value name=\"ADD0\"><block type=\"text\"><field name=\"TEXT\">execute if entity </field></block></value><value name=\"ADD1\"><block collapsed=\"true\" type=\"variables_get_string\"><mutation xmlns=\"http://www.w3.org/1999/xhtml\" has_entity=\"false\" is_player_var=\"false\"/><field name=\"VAR\">local:chosen</field></block></value><value name=\"ADD2\"><block type=\"text\"><field name=\"TEXT\"> run tag </field></block></value><value name=\"ADD3\"><block collapsed=\"true\" type=\"variables_get_string\"><mutation xmlns=\"http://www.w3.org/1999/xhtml\" has_entity=\"false\" is_player_var=\"false\"/><field name=\"VAR\">local:chosen</field></block></value><value name=\"ADD4\"><block type=\"text\"><field name=\"TEXT\"> remove &lt;ID&gt;-ally_custom</field></block></value></block></value></block></value><value name=\"x\"><block type=\"coord_x\"/></value><value name=\"y\"><block type=\"coord_y\"/></value><value name=\"z\"><block type=\"coord_z\"/></value></block></next></block></next></block></next></block></next></block></next></block></statement></block></next></block></xml>"
  }
}