{
  "_fv": 73,
  "_type": "gui",
  "definition": {
    "type": 0,
    "width": 0,
    "height": 0,
    "inventoryOffsetX": 0,
    "inventoryOffsetY": 0,
    "renderBgLayer": true,
    "doesPauseGame": false,
    "components": [
      {
        "type": "label",
        "data": {
          "name": "label_proc_gu_ireturn_mana",
          "text": {
            "fixedValue": "",
            "name": "GUIreturnMana"
          },
          "color": {
            "value": -10066330,
            "falpha": 0.0
          },
          "x": 54,
          "y": 4,
          "locked": false
        }
      },
      {
        "type": "label",
        "data": {
          "name": "label_lock_shoot",
          "text": {
            "fixedValue": "Lock Shoot"
          },
          "color": {
            "value": -12698050,
            "falpha": 0.0
          },
          "x": 82,
          "y": 52,
          "locked": false
        }
      },
      {
        "type": "label",
        "data": {
          "name": "label_lock_reverse",
          "text": {
            "fixedValue": "Lock Reverse"
          },
          "color": {
            "value": -12698050,
            "falpha": 0.0
          },
          "x": 82,
          "y": 64,
          "locked": false
        }
      },
      {
        "type": "label",
        "data": {
          "name": "label_follow",
          "text": {
            "fixedValue": "Guard Pose"
          },
          "color": {
            "value": -12698050,
            "falpha": 0.0
          },
          "x": 82,
          "y": 76,
          "locked": false
        }
      },
      {
        "type": "label",
        "data": {
          "name": "label_off",
          "text": {
            "fixedValue": "",
            "name": "Spell4GUIreturnGuardPose"
          },
          "color": {
            "value": -6710887,
            "falpha": 0.0
          },
          "x": 82,
          "y": 88,
          "locked": false
        }
      },
      {
        "type": "tooltip",
        "data": {
          "name": "tooltip_click_one_time_to_shoot_and_clic",
          "text": {
            "fixedValue": "Click one time to shoot and click again to stop"
          },
          "width": 8,
          "height": 8,
          "x": 198,
          "y": 52,
          "locked": false
        }
      },
      {
        "type": "tooltip",
        "data": {
          "name": "tooltip_click_one_time_to_reverse_and_cl",
          "text": {
            "fixedValue": "Click one time to reverse and click again to stop"
          },
          "width": 8,
          "height": 8,
          "x": 198,
          "y": 64,
          "locked": false
        }
      },
      {
        "type": "tooltip",
        "data": {
          "name": "tooltip_make_weapons_follow_you",
          "text": {
            "fixedValue": "Make one weapon follow you. This number is max distance to calling weapon to follow you."
          },
          "width": 8,
          "height": 8,
          "x": 198,
          "y": 76,
          "locked": false
        }
      },
      {
        "type": "label",
        "data": {
          "name": "label_distancing",
          "text": {
            "fixedValue": "Distancing Radius (In)"
          },
          "color": {
            "value": -12698050,
            "falpha": 0.0
          },
          "x": 82,
          "y": 124,
          "locked": false
        }
      },
      {
        "type": "label",
        "data": {
          "name": "label_distancing_out",
          "text": {
            "fixedValue": "Distancing Radius (Out)"
          },
          "color": {
            "value": -12698050,
            "falpha": 0.0
          },
          "x": 82,
          "y": 148,
          "locked": false
        }
      },
      {
        "type": "label",
        "data": {
          "name": "label_proc_spell_4return_distancing_in",
          "text": {
            "fixedValue": "",
            "name": "Spell4GUIreturnDistancingIn"
          },
          "color": {
            "value": -6710887,
            "falpha": 0.0
          },
          "x": 82,
          "y": 136,
          "locked": false
        }
      },
      {
        "type": "label",
        "data": {
          "name": "label_proc_spell_4return_distancing_ou",
          "text": {
            "fixedValue": "",
            "name": "Spell4GUIreturnDistancingOut"
          },
          "color": {
            "value": -6710887,
            "falpha": 0.0
          },
          "x": 82,
          "y": 160,
          "locked": false
        }
      },
      {
        "type": "label",
        "data": {
          "name": "label_distancing_speed",
          "text": {
            "fixedValue": "Distancing Speed"
          },
          "color": {
            "value": -12698050,
            "falpha": 0.0
          },
          "x": 82,
          "y": 172,
          "locked": false
        }
      },
      {
        "type": "label",
        "data": {
          "name": "label_proc_spell_4return_distancing_sp",
          "text": {
            "fixedValue": "",
            "name": "Spell4GUIreturnDistancingSpeed"
          },
          "color": {
            "value": -6710887,
            "falpha": 0.0
          },
          "x": 82,
          "y": 184,
          "locked": false
        }
      },
      {
        "type": "tooltip",
        "data": {
          "name": "tooltip_distance_from_target_that_weapon",
          "text": {
            "fixedValue": "Distance from target that weapons will not fly into"
          },
          "width": 8,
          "height": 8,
          "x": 198,
          "y": 124,
          "locked": false
        }
      },
      {
        "type": "tooltip",
        "data": {
          "name": "tooltip_distance_from_target_that_weapon1",
          "text": {
            "fixedValue": "Distance from target that weapons will not fly away from"
          },
          "width": 8,
          "height": 8,
          "x": 198,
          "y": 148,
          "locked": false
        }
      },
      {
        "type": "tooltip",
        "data": {
          "name": "tooltip_speed_of_weapons_in_distancing_e",
          "text": {
            "fixedValue": "Speed of weapons at edge of distancing radius"
          },
          "width": 8,
          "height": 8,
          "x": 198,
          "y": 172,
          "locked": false
        }
      },
      {
        "type": "label",
        "data": {
          "name": "label_auto_shot_cooldown",
          "text": {
            "fixedValue": "Auto Shot Cooldown"
          },
          "color": {
            "value": -12698050,
            "falpha": 0.0
          },
          "x": 82,
          "y": 100,
          "locked": false
        }
      },
      {
        "type": "label",
        "data": {
          "name": "label_proc_spell_4return_auto_shot_coo",
          "text": {
            "fixedValue": "",
            "name": "Spell4GUIreturnAutoShotCooldown"
          },
          "color": {
            "value": -6710887,
            "falpha": 0.0
          },
          "x": 82,
          "y": 112,
          "locked": false
        }
      },
      {
        "type": "tooltip",
        "data": {
          "name": "tooltip_set_how_fast_of_auto_shot_mode",
          "text": {
            "fixedValue": "Set how fast of auto shot mode"
          },
          "width": 8,
          "height": 8,
          "x": 198,
          "y": 100,
          "locked": false
        }
      },
      {
        "type": "label",
        "data": {
          "name": "label_display_setting",
          "text": {
            "fixedValue": "DISPLAY"
          },
          "color": {
            "value": -1,
            "falpha": 0.0
          },
          "x": 274,
          "y": 32,
          "locked": false
        }
      },
      {
        "type": "label",
        "data": {
          "name": "label_overlay",
          "text": {
            "fixedValue": "Overlay"
          },
          "color": {
            "value": -12698050,
            "falpha": 0.0
          },
          "x": 234,
          "y": 52,
          "locked": false
        }
      },
      {
        "type": "label",
        "data": {
          "name": "label_target_arrow",
          "text": {
            "fixedValue": "Target Arrow"
          },
          "color": {
            "value": -12698050,
            "falpha": 0.0
          },
          "x": 234,
          "y": 64,
          "locked": false
        }
      },
      {
        "type": "label",
        "data": {
          "name": "label_spell_inactive_setting",
          "text": {
            "fixedValue": "SPELL INACTIVE"
          },
          "color": {
            "value": -1,
            "falpha": 0.0
          },
          "x": 254,
          "y": 84,
          "locked": false
        }
      },
      {
        "type": "label",
        "data": {
          "name": "label_at_mark",
          "text": {
            "fixedValue": "At Mark"
          },
          "color": {
            "value": -12698050,
            "falpha": 0.0
          },
          "x": 234,
          "y": 104,
          "locked": false
        }
      },
      {
        "type": "label",
        "data": {
          "name": "label_gravity",
          "text": {
            "fixedValue": "Gravity"
          },
          "color": {
            "value": -12698050,
            "falpha": 0.0
          },
          "x": 234,
          "y": 176,
          "locked": false
        }
      },
      {
        "type": "label",
        "data": {
          "name": "label_boundary",
          "text": {
            "fixedValue": "Boundary"
          },
          "color": {
            "value": -12698050,
            "falpha": 0.0
          },
          "x": 234,
          "y": 116,
          "locked": false
        }
      },
      {
        "type": "label",
        "data": {
          "name": "label_proc_spell_4return_boundary",
          "text": {
            "fixedValue": "",
            "name": "Spell4GUIreturnBoundary"
          },
          "color": {
            "value": -6710887,
            "falpha": 0.0
          },
          "x": 234,
          "y": 128,
          "locked": false
        }
      },
      {
        "type": "tooltip",
        "data": {
          "name": "tooltip_show_overlay_when_the_spell_is_a",
          "text": {
            "fixedValue": "Show overlay when the spell is active"
          },
          "width": 8,
          "height": 8,
          "x": 350,
          "y": 52,
          "locked": false
        }
      },
      {
        "type": "tooltip",
        "data": {
          "name": "tooltip_enable_target_arrow_that_make_ai",
          "text": {
            "fixedValue": "Enable target arrow that make aim easier but everyone can see it"
          },
          "width": 8,
          "height": 8,
          "x": 350,
          "y": 64,
          "locked": false
        }
      },
      {
        "type": "tooltip",
        "data": {
          "name": "tooltip_weapon_will_flying_around_the_ma",
          "text": {
            "fixedValue": "Weapon will flying around the mark area (new mark point when deactivate)"
          },
          "width": 8,
          "height": 8,
          "x": 350,
          "y": 104,
          "locked": false
        }
      },
      {
        "type": "tooltip",
        "data": {
          "name": "tooltip_make_weapons_fly_down_slowly_whe",
          "text": {
            "fixedValue": "Make weapons slowly flying down"
          },
          "width": 8,
          "height": 8,
          "x": 350,
          "y": 176,
          "locked": false
        }
      },
      {
        "type": "tooltip",
        "data": {
          "name": "tooltip_the_radius_of_weapon_circle_when",
          "text": {
            "fixedValue": "The radius of weapon circle"
          },
          "width": 8,
          "height": 8,
          "x": 350,
          "y": 116,
          "locked": false
        }
      },
      {
        "type": "image",
        "data": {
          "image": "background_book.png",
          "use1Xscale": true,
          "x": 54,
          "y": 16,
          "locked": false
        }
      },
      {
        "type": "imagebutton",
        "data": {
          "name": "imagebutton_symbol_checkbox",
          "image": "symbol_checkbox.png",
          "hoveredImage": "",
          "onClick": {
            "name": "Spell4GUIbuttonShowOverlay"
          },
          "x": 222,
          "y": 52,
          "locked": false
        }
      },
      {
        "type": "imagebutton",
        "data": {
          "name": "imagebutton_symbol_checkbox1",
          "image": "symbol_checkbox.png",
          "hoveredImage": "",
          "onClick": {
            "name": "Spell4GUIbuttonShowTargetArrow"
          },
          "x": 222,
          "y": 64,
          "locked": false
        }
      },
      {
        "type": "imagebutton",
        "data": {
          "name": "imagebutton_symbol_checkbox2",
          "image": "symbol_checkbox.png",
          "hoveredImage": "",
          "onClick": {
            "name": "Spell4GUIbuttonPauseAtMark"
          },
          "x": 222,
          "y": 104,
          "locked": false
        }
      },
      {
        "type": "imagebutton",
        "data": {
          "name": "imagebutton_symbol_checkbox3",
          "image": "symbol_checkbox.png",
          "hoveredImage": "",
          "onClick": {
            "name": "Spell4GUIbuttonPauseGravity"
          },
          "x": 222,
          "y": 176,
          "locked": false
        }
      },
      {
        "type": "imagebutton",
        "data": {
          "name": "imagebutton_symbol_checkbox4",
          "image": "symbol_checkbox.png",
          "hoveredImage": "",
          "onClick": {
            "name": "Spell4GUIbuttonLockShoot"
          },
          "x": 70,
          "y": 52,
          "locked": false
        }
      },
      {
        "type": "imagebutton",
        "data": {
          "name": "imagebutton_symbol_checkbox5",
          "image": "symbol_checkbox.png",
          "hoveredImage": "",
          "onClick": {
            "name": "Spell4GUIbuttonLockReverse"
          },
          "x": 70,
          "y": 64,
          "locked": false
        }
      },
      {
        "type": "imagebutton",
        "data": {
          "name": "imagebutton_symbol_checkbox6",
          "image": "symbol_checkbox.png",
          "hoveredImage": "",
          "onClick": {
            "name": "Spell4GUIbuttonGuardPose"
          },
          "x": 70,
          "y": 76,
          "locked": false
        }
      },
      {
        "type": "imagebutton",
        "data": {
          "name": "imagebutton_symbol_true",
          "image": "symbol_true.png",
          "hoveredImage": "",
          "displayCondition": {
            "name": "Spell4GUIreturnShowOverlayTrue"
          },
          "x": 222,
          "y": 52,
          "locked": false
        }
      },
      {
        "type": "imagebutton",
        "data": {
          "name": "imagebutton_symbol_true1",
          "image": "symbol_true.png",
          "hoveredImage": "",
          "displayCondition": {
            "name": "Spell4GUIreturnShowTargetArrowTrue"
          },
          "x": 222,
          "y": 64,
          "locked": false
        }
      },
      {
        "type": "imagebutton",
        "data": {
          "name": "imagebutton_symbol_true2",
          "image": "symbol_true.png",
          "hoveredImage": "",
          "displayCondition": {
            "name": "Spell4GUIreturnPauseAtMarkTrue"
          },
          "x": 222,
          "y": 104,
          "locked": false
        }
      },
      {
        "type": "imagebutton",
        "data": {
          "name": "imagebutton_symbol_true3",
          "image": "symbol_true.png",
          "hoveredImage": "",
          "displayCondition": {
            "name": "Spell4GUIreturnPauseGravityTrue"
          },
          "x": 222,
          "y": 176,
          "locked": false
        }
      },
      {
        "type": "imagebutton",
        "data": {
          "name": "imagebutton_symbol_true4",
          "image": "symbol_true.png",
          "hoveredImage": "",
          "displayCondition": {
            "name": "Spell4GUIreturnLockShootTrue"
          },
          "x": 70,
          "y": 52,
          "locked": false
        }
      },
      {
        "type": "imagebutton",
        "data": {
          "name": "imagebutton_symbol_true5",
          "image": "symbol_true.png",
          "hoveredImage": "",
          "displayCondition": {
            "name": "Spell4GUIreturnLockReverseTrue"
          },
          "x": 70,
          "y": 64,
          "locked": false
        }
      },
      {
        "type": "imagebutton",
        "data": {
          "name": "imagebutton_symbol_true6",
          "image": "symbol_true.png",
          "hoveredImage": "",
          "displayCondition": {
            "name": "Spell4GUIreturnGuardPoseTrue"
          },
          "x": 70,
          "y": 76,
          "locked": false
        }
      },
      {
        "type": "imagebutton",
        "data": {
          "name": "imagebutton_symbol_exit",
          "image": "symbol_exit.png",
          "hoveredImage": "",
          "onClick": {
            "name": "GUIClose"
          },
          "x": 358,
          "y": 208,
          "locked": false
        }
      },
      {
        "type": "imagebutton",
        "data": {
          "name": "imagebutton_symbol_help",
          "image": "symbol_help.png",
          "hoveredImage": "",
          "x": 350,
          "y": 52,
          "locked": false
        }
      },
      {
        "type": "imagebutton",
        "data": {
          "name": "imagebutton_symbol_help1",
          "image": "symbol_help.png",
          "hoveredImage": "",
          "x": 350,
          "y": 64,
          "locked": false
        }
      },
      {
        "type": "imagebutton",
        "data": {
          "name": "imagebutton_symbol_help2",
          "image": "symbol_help.png",
          "hoveredImage": "",
          "x": 350,
          "y": 104,
          "locked": false
        }
      },
      {
        "type": "imagebutton",
        "data": {
          "name": "imagebutton_symbol_help3",
          "image": "symbol_help.png",
          "hoveredImage": "",
          "x": 350,
          "y": 176,
          "locked": false
        }
      },
      {
        "type": "imagebutton",
        "data": {
          "name": "imagebutton_symbol_help4",
          "image": "symbol_help.png",
          "hoveredImage": "",
          "x": 350,
          "y": 116,
          "locked": false
        }
      },
      {
        "type": "imagebutton",
        "data": {
          "name": "imagebutton_symbol_help5",
          "image": "symbol_help.png",
          "hoveredImage": "",
          "x": 198,
          "y": 76,
          "locked": false
        }
      },
      {
        "type": "imagebutton",
        "data": {
          "name": "imagebutton_symbol_help6",
          "image": "symbol_help.png",
          "hoveredImage": "",
          "x": 198,
          "y": 100,
          "locked": false
        }
      },
      {
        "type": "imagebutton",
        "data": {
          "name": "imagebutton_symbol_help7",
          "image": "symbol_help.png",
          "hoveredImage": "",
          "x": 198,
          "y": 52,
          "locked": false
        }
      },
      {
        "type": "imagebutton",
        "data": {
          "name": "imagebutton_symbol_help8",
          "image": "symbol_help.png",
          "hoveredImage": "",
          "x": 198,
          "y": 64,
          "locked": false
        }
      },
      {
        "type": "imagebutton",
        "data": {
          "name": "imagebutton_symbol_help9",
          "image": "symbol_help.png",
          "hoveredImage": "",
          "x": 198,
          "y": 172,
          "locked": false
        }
      },
      {
        "type": "imagebutton",
        "data": {
          "name": "imagebutton_symbol_help11",
          "image": "symbol_help.png",
          "hoveredImage": "",
          "x": 198,
          "y": 148,
          "locked": false
        }
      },
      {
        "type": "imagebutton",
        "data": {
          "name": "imagebutton_symbol_help12",
          "image": "symbol_help.png",
          "hoveredImage": "",
          "x": 198,
          "y": 124,
          "locked": false
        }
      },
      {
        "type": "imagebutton",
        "data": {
          "name": "imagebutton_icon_home",
          "image": "icon_home.png",
          "hoveredImage": "icon_home_2s.png",
          "onClick": {
            "name": "MenuGUIOpen"
          },
          "x": 42,
          "y": 24,
          "locked": false
        }
      },
      {
        "type": "imagebutton",
        "data": {
          "name": "imagebutton_symbol_line_2s",
          "image": "symbol_line_2s.png",
          "hoveredImage": "",
          "x": 222,
          "y": 116,
          "locked": false
        }
      },
      {
        "type": "imagebutton",
        "data": {
          "name": "imagebutton_symbol_line_2s1",
          "image": "symbol_line_2s.png",
          "hoveredImage": "",
          "x": 70,
          "y": 100,
          "locked": false
        }
      },
      {
        "type": "imagebutton",
        "data": {
          "name": "imagebutton_symbol_line_2s2",
          "image": "symbol_line_2s.png",
          "hoveredImage": "",
          "x": 70,
          "y": 124,
          "locked": false
        }
      },
      {
        "type": "imagebutton",
        "data": {
          "name": "imagebutton_symbol_line_2s3",
          "image": "symbol_line_2s.png",
          "hoveredImage": "",
          "x": 70,
          "y": 148,
          "locked": false
        }
      },
      {
        "type": "imagebutton",
        "data": {
          "name": "imagebutton_symbol_line_2s4",
          "image": "symbol_line_2s.png",
          "hoveredImage": "",
          "x": 70,
          "y": 172,
          "locked": false
        }
      },
      {
        "type": "imagebutton",
        "data": {
          "name": "imagebutton_symbol_previous",
          "image": "symbol_previous.png",
          "hoveredImage": "",
          "onClick": {
            "name": "GUIprevious"
          },
          "x": 54,
          "y": 108,
          "locked": false
        }
      },
      {
        "type": "imagebutton",
        "data": {
          "name": "imagebutton_symbol_next",
          "image": "symbol_next.png",
          "hoveredImage": "",
          "onClick": {
            "name": "GUInext"
          },
          "x": 366,
          "y": 108,
          "locked": false
        }
      },
      {
        "type": "imagebutton",
        "data": {
          "name": "imagebutton_symbol_set_cycle",
          "image": "symbol_set_cycle.png",
          "hoveredImage": "",
          "onClick": {
            "name": "Spell4GUIbuttonBoundary"
          },
          "x": 222,
          "y": 128,
          "locked": false
        }
      },
      {
        "type": "imagebutton",
        "data": {
          "name": "imagebutton_symbol_set_cycle1",
          "image": "symbol_set_cycle.png",
          "hoveredImage": "",
          "onClick": {
            "name": "Spell4GUIbuttonGuardPoseDistance"
          },
          "x": 70,
          "y": 88,
          "locked": false
        }
      },
      {
        "type": "imagebutton",
        "data": {
          "name": "imagebutton_symbol_set_cycle2",
          "image": "symbol_set_cycle.png",
          "hoveredImage": "",
          "onClick": {
            "name": "Spell4GUIbuttonAutoShotCooldown"
          },
          "x": 70,
          "y": 112,
          "locked": false
        }
      },
      {
        "type": "imagebutton",
        "data": {
          "name": "imagebutton_symbol_set_cycle3",
          "image": "symbol_set_cycle.png",
          "hoveredImage": "",
          "onClick": {
            "name": "Spell4GUIbuttonDistancingIn"
          },
          "x": 70,
          "y": 136,
          "locked": false
        }
      },
      {
        "type": "imagebutton",
        "data": {
          "name": "imagebutton_symbol_set_cycle4",
          "image": "symbol_set_cycle.png",
          "hoveredImage": "",
          "onClick": {
            "name": "Spell4GUIbuttonDistancingOut"
          },
          "x": 70,
          "y": 160,
          "locked": false
        }
      },
      {
        "type": "imagebutton",
        "data": {
          "name": "imagebutton_symbol_set_cycle5",
          "image": "symbol_set_cycle.png",
          "hoveredImage": "",
          "onClick": {
            "name": "Spell4GUIbuttonDistancingSpeed"
          },
          "x": 70,
          "y": 184,
          "locked": false
        }
      },
      {
        "type": "label",
        "data": {
          "name": "label_proc_gu_ireturn_page_left",
          "text": {
            "fixedValue": "",
            "name": "GUIreturnPageLeft"
          },
          "color": {
            "value": -3355444,
            "falpha": 0.0
          },
          "x": 130,
          "y": 208,
          "locked": false
        }
      },
      {
        "type": "label",
        "data": {
          "name": "label_proc_gu_ireturn_page_right",
          "text": {
            "fixedValue": "",
            "name": "GUIreturnPageRight"
          },
          "color": {
            "value": -3355444,
            "falpha": 0.0
          },
          "x": 282,
          "y": 208,
          "locked": false
        }
      },
      {
        "type": "label",
        "data": {
          "name": "label_setting",
          "text": {
            "fixedValue": "SETTINGS"
          },
          "color": {
            "value": -1,
            "falpha": 0.0
          },
          "x": 114,
          "y": 32,
          "locked": false
        }
      },
      {
        "type": "imagebutton",
        "data": {
          "name": "imagebutton_background_text_red",
          "image": "background_text_red.png",
          "hoveredImage": "",
          "x": 70,
          "y": 28,
          "locked": false
        }
      },
      {
        "type": "imagebutton",
        "data": {
          "name": "imagebutton_background_text_orange",
          "image": "background_text_orange.png",
          "hoveredImage": "",
          "x": 222,
          "y": 28,
          "locked": false
        }
      },
      {
        "type": "imagebutton",
        "data": {
          "name": "imagebutton_background_text_orange1",
          "image": "background_text_orange.png",
          "hoveredImage": "",
          "x": 222,
          "y": 80,
          "locked": false
        }
      },
      {
        "type": "imagebutton",
        "data": {
          "name": "imagebutton_symbol_line_2s5",
          "image": "symbol_line_2s.png",
          "hoveredImage": "",
          "x": 222,
          "y": 140,
          "locked": false
        }
      },
      {
        "type": "label",
        "data": {
          "name": "label_rotation",
          "text": {
            "fixedValue": "Rotation"
          },
          "color": {
            "value": -12829636,
            "falpha": 0.0
          },
          "x": 234,
          "y": 140,
          "locked": false
        }
      },
      {
        "type": "imagebutton",
        "data": {
          "name": "imagebutton_symbol_set_cycle6",
          "image": "symbol_set_cycle.png",
          "hoveredImage": "",
          "onClick": {
            "name": "Spell4GUIbuttonPauseRotation"
          },
          "x": 222,
          "y": 152,
          "locked": false
        }
      },
      {
        "type": "imagebutton",
        "data": {
          "name": "imagebutton_symbol_help10",
          "image": "symbol_help.png",
          "hoveredImage": "",
          "x": 350,
          "y": 140,
          "locked": false
        }
      },
      {
        "type": "tooltip",
        "data": {
          "name": "tooltip_make_weapon_flying_with_rotation",
          "text": {
            "fixedValue": "Make weapon rotate around center"
          },
          "width": 8,
          "height": 8,
          "x": 350,
          "y": 140,
          "locked": false
        }
      },
      {
        "type": "label",
        "data": {
          "name": "label_proc_spell_4_gu_ireturn_pause_ro",
          "text": {
            "fixedValue": "",
            "name": "Spell4GUIreturnPauseRotation"
          },
          "color": {
            "value": -6710887,
            "falpha": 0.0
          },
          "x": 234,
          "y": 152,
          "locked": false
        }
      },
      {
        "type": "label",
        "data": {
          "name": "label_balance",
          "text": {
            "fixedValue": "Balancing"
          },
          "color": {
            "value": -12829636,
            "falpha": 0.0
          },
          "x": 234,
          "y": 164,
          "locked": false
        }
      },
      {
        "type": "imagebutton",
        "data": {
          "name": "imagebutton_symbol_checkbox7",
          "image": "symbol_checkbox.png",
          "hoveredImage": "",
          "onClick": {
            "name": "Spell4GUIbuttonPauseBalancing"
          },
          "x": 222,
          "y": 164,
          "locked": false
        }
      },
      {
        "type": "imagebutton",
        "data": {
          "name": "imagebutton_symbol_true7",
          "image": "symbol_true.png",
          "hoveredImage": "",
          "displayCondition": {
            "name": "Spell4GUIreturnPauseBalancingTrue"
          },
          "x": 222,
          "y": 164,
          "locked": false
        }
      },
      {
        "type": "imagebutton",
        "data": {
          "name": "imagebutton_symbol_help13",
          "image": "symbol_help.png",
          "hoveredImage": "",
          "x": 350,
          "y": 164,
          "locked": false
        }
      },
      {
        "type": "tooltip",
        "data": {
          "name": "tooltip_make_weapons_flying_with_balance",
          "text": {
            "fixedValue": "Make weapons flying with balance distance from each other"
          },
          "width": 8,
          "height": 8,
          "x": 350,
          "y": 164,
          "locked": false
        }
      }
    ],
    "gridSettings": {
      "sx": 8,
      "sy": 8,
      "ox": 11,
      "oy": 15,
      "snapOnGrid": true
    }
  }
}