{
  "_fv": 73,
  "_type": "procedure",
  "definition": {
    "procedurexml": "<?xml version=\"1.0\" encoding=\"UTF-8\" standalone=\"no\"?><xml xmlns=\"https://developers.google.com/blockly/xml\"><block deletable=\"false\" type=\"event_trigger\" x=\"40\" y=\"40\"><field name=\"trigger\">no_ext_trigger</field><next><block type=\"controls_if\"><value name=\"IF0\"><block inline=\"false\" type=\"logic_binary_ops\"><field name=\"OP\">AND</field><value name=\"A\"><block type=\"logic_negate\"><value name=\"BOOL\"><block collapsed=\"true\" type=\"text_binary_ops\"><value name=\"A\"><block type=\"variables_get_string\"><mutation xmlns=\"http://www.w3.org/1999/xhtml\" has_entity=\"true\" is_player_var=\"true\"/><field name=\"VAR\">global:user_DELETE_THIS</field><value name=\"entity\"><block type=\"entity_from_deps\"/></value></block></value><value name=\"B\"><block type=\"text\"><field name=\"TEXT\"/></block></value></block></value></block></value><value name=\"B\"><block type=\"math_binary_ops\"><field name=\"OP\">EQ</field><value name=\"A\"><block collapsed=\"true\" type=\"variables_get_number\"><mutation xmlns=\"http://www.w3.org/1999/xhtml\" has_entity=\"true\" is_player_var=\"true\"/><field name=\"VAR\">global:spell</field><value name=\"entity\"><block type=\"entity_from_deps\"/></value></block></value><value name=\"B\"><block type=\"math_number\"><field name=\"NUM\">4</field></block></value></block></value></block></value><statement name=\"DO0\"><block type=\"controls_if\"><mutation else=\"1\"/><value name=\"IF0\"><block type=\"logic_binary_ops\"><field name=\"OP\">EQ</field><value name=\"A\"><block type=\"variables_get_logic\"><mutation xmlns=\"http://www.w3.org/1999/xhtml\" has_entity=\"true\" is_player_var=\"true\"/><field name=\"VAR\">global:spell4_pause_at_mark</field><value name=\"entity\"><block type=\"entity_from_deps\"/></value></block></value><value name=\"B\"><block type=\"logic_boolean\"><field name=\"BOOL\">FALSE</field></block></value></block></value><statement name=\"DO0\"><block type=\"variables_set_logic\"><mutation xmlns=\"http://www.w3.org/1999/xhtml\" has_entity=\"true\" is_player_var=\"true\"/><field name=\"VAR\">global:spell4_pause_at_mark</field><value name=\"VAL\"><block type=\"logic_boolean\"><field name=\"BOOL\">TRUE</field></block></value><value name=\"entity\"><block type=\"entity_from_deps\"/></value></block></statement><statement name=\"ELSE\"><block type=\"variables_set_logic\"><mutation xmlns=\"http://www.w3.org/1999/xhtml\" has_entity=\"true\" is_player_var=\"true\"/><field name=\"VAR\">global:spell4_pause_at_mark</field><value name=\"VAL\"><block type=\"logic_boolean\"><field name=\"BOOL\">FALSE</field></block></value><value name=\"entity\"><block type=\"entity_from_deps\"/></value></block></statement></block></statement></block></next></block><block type=\"entity_execute_command\" x=\"955\" y=\"121\"><value name=\"command\"><block type=\"text_replace\"><value name=\"what\"><block collapsed=\"true\" type=\"text\"><field name=\"TEXT\">&lt;ID&gt;</field></block></value><value name=\"with\"><block collapsed=\"true\" type=\"variables_get_string\"><mutation xmlns=\"http://www.w3.org/1999/xhtml\" has_entity=\"true\" is_player_var=\"true\"/><field name=\"VAR\">global:user_DELETE_THIS</field><value name=\"entity\"><block type=\"entity_from_deps\"/></value></block></value><value name=\"text\"><block type=\"text\"><field name=\"TEXT\">summon armor_stand ~ ~ ~ {Tags:[\"&lt;ID&gt;\",\"&lt;ID&gt;-ally\",\"&lt;ID&gt;-spell4\"],NoGravity:1b,Invisible:1b,Marker:1b,CustomName:'{\"text\":\"&lt;ID&gt;-spell4_center\"}'}</field></block></value></block></value><value name=\"entity\"><block type=\"entity_from_deps\"/></value><next><block type=\"entity_execute_command\"><value name=\"command\"><block type=\"text_replace\"><value name=\"what\"><block collapsed=\"true\" type=\"text\"><field name=\"TEXT\">&lt;ID&gt;</field></block></value><value name=\"with\"><block collapsed=\"true\" type=\"variables_get_string\"><mutation xmlns=\"http://www.w3.org/1999/xhtml\" has_entity=\"true\" is_player_var=\"true\"/><field name=\"VAR\">global:user_DELETE_THIS</field><value name=\"entity\"><block type=\"entity_from_deps\"/></value></block></value><value name=\"text\"><block type=\"text\"><field name=\"TEXT\">summon armor_stand ~ ~ ~ {Tags:[\"&lt;ID&gt;\",\"&lt;ID&gt;-ally\",\"&lt;ID&gt;-spell4\"],NoGravity:1b,Invisible:1b,Marker:1b,CustomName:'{\"text\":\"&lt;ID&gt;-spell4_target\"}'}</field></block></value></block></value><value name=\"entity\"><block type=\"entity_from_deps\"/></value><next><block type=\"entity_execute_command\"><value name=\"command\"><block type=\"text_replace\"><value name=\"what\"><block collapsed=\"true\" type=\"text\"><field name=\"TEXT\">&lt;ID&gt;</field></block></value><value name=\"with\"><block collapsed=\"true\" type=\"variables_get_string\"><mutation xmlns=\"http://www.w3.org/1999/xhtml\" has_entity=\"true\" is_player_var=\"true\"/><field name=\"VAR\">global:user_DELETE_THIS</field><value name=\"entity\"><block type=\"entity_from_deps\"/></value></block></value><value name=\"text\"><block type=\"text\"><field name=\"TEXT\">summon armor_stand ~ ~ ~ {Tags:[\"&lt;ID&gt;\",\"&lt;ID&gt;-ally\",\"&lt;ID&gt;-spell4\"],NoGravity:1b,Invisible:1b,Marker:1b,CustomName:'{\"text\":\"&lt;ID&gt;-spell4_target1\"}'}</field></block></value></block></value><value name=\"entity\"><block type=\"entity_from_deps\"/></value></block></next></block></next></block><block type=\"entity_execute_command\" x=\"820\" y=\"421\"><value name=\"command\"><block type=\"text_replace\"><value name=\"what\"><block collapsed=\"true\" type=\"text\"><field name=\"TEXT\">&lt;ID&gt;</field></block></value><value name=\"with\"><block collapsed=\"true\" type=\"variables_get_string\"><mutation xmlns=\"http://www.w3.org/1999/xhtml\" has_entity=\"true\" is_player_var=\"true\"/><field name=\"VAR\">global:user_DELETE_THIS</field><value name=\"entity\"><block type=\"entity_from_deps\"/></value></block></value><value name=\"text\"><block type=\"text\"><field name=\"TEXT\">execute unless entity @e[name=&lt;ID&gt;-spell4_center] run summon armor_stand ~ ~ ~ {Tags:[\"&lt;ID&gt;\",\"&lt;ID&gt;-ally\",\"&lt;ID&gt;-spell4\"],NoGravity:1b,Invisible:1b,Marker:1b,CustomName:'{\"text\":\"&lt;ID&gt;-spell4_center\"}'}</field></block></value></block></value><value name=\"entity\"><block type=\"entity_from_deps\"/></value><next><block type=\"entity_execute_command\"><value name=\"command\"><block type=\"text_replace\"><value name=\"what\"><block collapsed=\"true\" type=\"text\"><field name=\"TEXT\">&lt;ID&gt;</field></block></value><value name=\"with\"><block collapsed=\"true\" type=\"variables_get_string\"><mutation xmlns=\"http://www.w3.org/1999/xhtml\" has_entity=\"true\" is_player_var=\"true\"/><field name=\"VAR\">global:user_DELETE_THIS</field><value name=\"entity\"><block type=\"entity_from_deps\"/></value></block></value><value name=\"text\"><block type=\"text\"><field name=\"TEXT\">execute unless entity @e[name=&lt;ID&gt;-spell4_target] run summon armor_stand ~ ~ ~ {Tags:[\"&lt;ID&gt;\",\"&lt;ID&gt;-ally\",\"&lt;ID&gt;-spell4\"],NoGravity:1b,Invisible:1b,Marker:1b,CustomName:'{\"text\":\"&lt;ID&gt;-spell4_target\"}'}</field></block></value></block></value><value name=\"entity\"><block type=\"entity_from_deps\"/></value><next><block type=\"entity_execute_command\"><value name=\"command\"><block type=\"text_replace\"><value name=\"what\"><block collapsed=\"true\" type=\"text\"><field name=\"TEXT\">&lt;ID&gt;</field></block></value><value name=\"with\"><block collapsed=\"true\" type=\"variables_get_string\"><mutation xmlns=\"http://www.w3.org/1999/xhtml\" has_entity=\"true\" is_player_var=\"true\"/><field name=\"VAR\">global:user_DELETE_THIS</field><value name=\"entity\"><block type=\"entity_from_deps\"/></value></block></value><value name=\"text\"><block type=\"text\"><field name=\"TEXT\">execute unless entity @e[name=&lt;ID&gt;-spell4_target1] run summon armor_stand ~ ~ ~ {Tags:[\"&lt;ID&gt;\",\"&lt;ID&gt;-ally\",\"&lt;ID&gt;-spell4\"],NoGravity:1b,Invisible:1b,Marker:1b,CustomName:'{\"text\":\"&lt;ID&gt;-spell4_target1\"}'}</field></block></value></block></value><value name=\"entity\"><block type=\"entity_from_deps\"/></value></block></next></block></next></block></xml>"
  }
}