{
  "_fv": 73,
  "_type": "gui",
  "definition": {
    "type": 0,
    "width": 0,
    "height": 0,
    "inventoryOffsetX": 0,
    "inventoryOffsetY": 0,
    "renderBgLayer": true,
    "doesPauseGame": false,
    "components": [
      {
        "type": "image",
        "data": {
          "image": "background_book.png",
          "use1Xscale": true,
          "x": 102,
          "y": 8,
          "locked": false
        }
      },
      {
        "type": "checkbox",
        "data": {
          "name": "kjn",
          "text": "",
          "x": 118,
          "y": 20,
          "locked": false
        }
      },
      {
        "type": "label",
        "data": {
          "name": "label_pause",
          "text": {
            "fixedValue": "Pause"
          },
          "color": {
            "value": -12829636,
            "falpha": 0.0
          },
          "x": 142,
          "y": 28,
          "locked": false
        }
      },
      {
        "type": "button",
        "data": {
          "name": "button_empty",
          "text": "",
          "isUndecorated": false,
          "width": 20,
          "height": 20,
          "x": 118,
          "y": 44,
          "locked": false
        }
      },
      {
        "type": "button",
        "data": {
          "name": "button_close",
          "text": "Close",
          "isUndecorated": false,
          "width": 40,
          "height": 20,
          "x": 382,
          "y": 208,
          "locked": false
        }
      },
      {
        "type": "button",
        "data": {
          "name": "button_empty1",
          "text": ">",
          "isUndecorated": false,
          "width": 8,
          "height": 20,
          "x": 414,
          "y": 96,
          "locked": false
        }
      }
    ],
    "gridSettings": {
      "sx": 8,
      "sy": 8,
      "ox": 11,
      "oy": 15,
      "snapOnGrid": true
    }
  }
}