{
  "_fv": 73,
  "_type": "gui",
  "definition": {
    "type": 0,
    "width": 0,
    "height": 0,
    "inventoryOffsetX": 0,
    "inventoryOffsetY": 0,
    "renderBgLayer": true,
    "doesPauseGame": false,
    "components": [
      {
        "type": "image",
        "data": {
          "image": "gui_component_background.png",
          "use1Xscale": true,
          "x": 14,
          "y": 0,
          "locked": true
        }
      },
      {
        "type": "imagebutton",
        "data": {
          "name": "imagebutton_gui_component_close",
          "image": "gui_component_close.png",
          "hoveredImage": "gui_component_close_hovered.png",
          "onClick": {
            "name": "GUIClose"
          },
          "x": 418,
          "y": 232,
          "locked": true
        }
      },
      {
        "type": "imagebutton",
        "data": {
          "name": "imagebutton_gui_component_page_previous",
          "image": "gui_component_page_previous.png",
          "hoveredImage": "gui_component_page_previous_hovered.png",
          "onClick": {
            "name": "GUIPagePrevious"
          },
          "x": 26,
          "y": 212,
          "locked": true
        }
      },
      {
        "type": "imagebutton",
        "data": {
          "name": "imagebutton_gui_component_page_next",
          "image": "gui_component_page_next.png",
          "hoveredImage": "gui_component_page_next_hovered.png",
          "onClick": {
            "name": "GUIPageNext"
          },
          "x": 386,
          "y": 212,
          "locked": true
        }
      },
      {
        "type": "label",
        "data": {
          "name": "label_proc_gui_page_number_left",
          "text": {
            "fixedValue": "",
            "name": "GUIPageNumberLeft"
          },
          "color": {
            "value": -4017518,
            "falpha": 0.0
          },
          "x": 44,
          "y": 218,
          "locked": true
        }
      },
      {
        "type": "label",
        "data": {
          "name": "label_proc_gui_page_number_right",
          "text": {
            "fixedValue": "",
            "name": "GUIPageNumberRight"
          },
          "color": {
            "value": -4017518,
            "falpha": 0.0
          },
          "x": 370,
          "y": 218,
          "locked": true
        }
      },
      {
        "type": "sprite",
        "data": {
          "sprite": "gui_component_mana_bar.png",
          "spritesCount": 151,
          "spriteIndex": {
            "fixedValue": 0.0,
            "name": "GUIMana"
          },
          "x": 409,
          "y": 12,
          "locked": true
        }
      },
      {
        "type": "sprite",
        "data": {
          "sprite": "gui_component_mana_bar_charge.png",
          "spritesCount": 61,
          "spriteIndex": {
            "fixedValue": 0.0,
            "name": "GUIManaCharge"
          },
          "x": 409,
          "y": 166,
          "locked": true
        }
      },
      {
        "type": "imagebutton",
        "data": {
          "name": "imagebutton_gui_component_shortcut_home",
          "image": "gui_component_shortcut_home.png",
          "hoveredImage": "gui_component_shortcut_home_hovered.png",
          "onClick": {
            "name": "GUIMenuOpen"
          },
          "x": 2,
          "y": 12,
          "locked": true
        }
      },
      {
        "type": "imagebutton",
        "data": {
          "name": "imagebutton_gui_component_shortcut_custom",
          "image": "gui_component_shortcut_custom.png",
          "hoveredImage": "gui_component_shortcut_custom_hovered.png",
          "onClick": {
            "name": "GUIShortcutCustom"
          },
          "x": 2,
          "y": 24,
          "locked": true
        }
      },
      {
        "type": "imagebutton",
        "data": {
          "name": "imagebutton_gui_component_shortcut_custom_set",
          "image": "gui_component_shortcut_custom_set.png",
          "hoveredImage": "gui_component_shortcut_custom_set_hovered.png",
          "onClick": {
            "name": "GUIShortcutCustomSet"
          },
          "x": 17,
          "y": 33,
          "locked": true
        }
      },
      {
        "type": "imagebutton",
        "data": {
          "name": "imagebutton_gui_component_shortcut_ally_list",
          "image": "gui_component_shortcut_ally_list.png",
          "hoveredImage": "gui_component_shortcut_ally_list_hovered.png",
          "x": 2,
          "y": 48,
          "locked": true
        }
      },
      {
        "type": "imagebutton",
        "data": {
          "name": "imagebutton_gui_component_shortcut_basic_spell",
          "image": "gui_component_shortcut_basic_spells.png",
          "hoveredImage": "gui_component_shortcut_basic_spells_hovered.png",
          "x": 2,
          "y": 60,
          "locked": true
        }
      },
      {
        "type": "imagebutton",
        "data": {
          "name": "imagebutton_gui_component_shortcut_spell_contr",
          "image": "gui_component_shortcut_spell_control.png",
          "hoveredImage": "gui_component_shortcut_spell_control_hovered.png",
          "x": 2,
          "y": 72,
          "locked": true
        }
      },
      {
        "type": "sprite",
        "data": {
          "sprite": "gui_component_log_type.png",
          "spritesCount": 4,
          "spriteIndex": {
            "fixedValue": 0.0,
            "name": "GUILogType"
          },
          "x": 220,
          "y": 230,
          "locked": true
        }
      },
      {
        "type": "imagebutton",
        "data": {
          "name": "imagebutton_gui_component_log_type_set",
          "image": "gui_component_log_type_set.png",
          "hoveredImage": "gui_component_log_type_set_hovered.png",
          "onClick": {
            "name": "GUILogTypeSet"
          },
          "x": 220,
          "y": 230,
          "locked": true
        }
      },
      {
        "type": "label",
        "data": {
          "name": "label_proc_gui_log",
          "text": {
            "fixedValue": "",
            "name": "GUILog"
          },
          "color": {
            "value": -3368704,
            "falpha": 0.0
          },
          "x": 230,
          "y": 229,
          "locked": true
        }
      },
      {
        "type": "sprite",
        "data": {
          "sprite": "gui_component_clock.png",
          "spritesCount": 24,
          "spriteIndex": {
            "fixedValue": 0.0,
            "name": "GUIClock"
          },
          "x": 25,
          "y": 230,
          "locked": true
        }
      },
      {
        "type": "sprite",
        "data": {
          "sprite": "gui_component_compass.png",
          "spritesCount": 8,
          "spriteIndex": {
            "fixedValue": 0.0,
            "name": "GUICompass"
          },
          "x": 33,
          "y": 230,
          "locked": true
        }
      },
      {
        "type": "sprite",
        "data": {
          "sprite": "gui_component_compass_custom.png",
          "spritesCount": 8,
          "spriteIndex": {
            "fixedValue": 0.0,
            "name": "GUICompassCustom"
          },
          "x": 41,
          "y": 230,
          "locked": true
        }
      },
      {
        "type": "imagebutton",
        "data": {
          "name": "imagebutton_gui_component_compass_custom_set",
          "image": "gui_component_compass_custom_set.png",
          "hoveredImage": "gui_component_compass_custom_set_hovered.png",
          "onClick": {
            "name": "GUICompassCustomSet"
          },
          "x": 50,
          "y": 232,
          "locked": true
        }
      },
      {
        "type": "label",
        "data": {
          "name": "label_index",
          "text": {
            "fixedValue": "INDEX"
          },
          "color": {
            "value": -3407872,
            "falpha": 0.0
          },
          "x": 34,
          "y": 16,
          "locked": false
        }
      },
      {
        "type": "imagebutton",
        "data": {
          "name": "imagebutton_gui_component_line",
          "image": "gui_component_line.png",
          "hoveredImage": "",
          "x": 34,
          "y": 24,
          "locked": false
        }
      },
      {
        "type": "label",
        "data": {
          "name": "label_001",
          "text": {
            "fixedValue": "001"
          },
          "color": {
            "value": -6710887,
            "falpha": 0.0
          },
          "x": 186,
          "y": 52,
          "locked": false
        }
      },
      {
        "type": "label",
        "data": {
          "name": "label_003",
          "text": {
            "fixedValue": "003"
          },
          "color": {
            "value": -6710887,
            "falpha": 0.0
          },
          "x": 186,
          "y": 62,
          "locked": false
        }
      },
      {
        "type": "label",
        "data": {
          "name": "label_from_creator",
          "text": {
            "fixedValue": "From Creator"
          },
          "color": {
            "value": -12829636,
            "falpha": 0.0
          },
          "x": 46,
          "y": 52,
          "locked": false
        }
      },
      {
        "type": "label",
        "data": {
          "name": "label_registration",
          "text": {
            "fixedValue": "User Registration"
          },
          "color": {
            "value": -12829636,
            "falpha": 0.0
          },
          "x": 46,
          "y": 62,
          "locked": false
        }
      },
      {
        "type": "label",
        "data": {
          "name": "label_ally_list",
          "text": {
            "fixedValue": "Ally List"
          },
          "color": {
            "value": -12829636,
            "falpha": 0.0
          },
          "x": 46,
          "y": 72,
          "locked": false
        }
      },
      {
        "type": "label",
        "data": {
          "name": "label_005",
          "text": {
            "fixedValue": "005"
          },
          "color": {
            "value": -6710887,
            "falpha": 0.0
          },
          "x": 186,
          "y": 72,
          "locked": false
        }
      },
      {
        "type": "imagebutton",
        "data": {
          "name": "imagebutton_gui_component_line2",
          "image": "gui_component_line2.png",
          "hoveredImage": "",
          "x": 34,
          "y": 48,
          "locked": false
        }
      },
      {
        "type": "imagebutton",
        "data": {
          "name": "imagebutton_gui_component_line21",
          "image": "gui_component_line2.png",
          "hoveredImage": "",
          "x": 34,
          "y": 58,
          "locked": false
        }
      },
      {
        "type": "label",
        "data": {
          "name": "label_menu1",
          "text": {
            "fixedValue": "Menu"
          },
          "color": {
            "value": -12829636,
            "falpha": 0.0
          },
          "x": 34,
          "y": 36,
          "locked": false
        }
      },
      {
        "type": "imagebutton",
        "data": {
          "name": "imagebutton_gui_component_line23",
          "image": "gui_component_line2.png",
          "hoveredImage": "",
          "x": 34,
          "y": 68,
          "locked": false
        }
      },
      {
        "type": "button",
        "data": {
          "name": "button_set_role",
          "text": "Set Role",
          "isUndecorated": false,
          "onClick": {
            "name": "SetRole"
          },
          "width": 66,
          "height": 20,
          "x": 86,
          "y": 144,
          "locked": false
        }
      }
    ],
    "gridSettings": {
      "sx": 8,
      "sy": 8,
      "ox": 3,
      "oy": 15,
      "snapOnGrid": true
    }
  }
}