{
	"credit": "Made with Blockbench",
	"texture_size": [64, 64],
	"elements": [
		{
			"from": [4.21, 0.1, 8.5],
			"to": [8.01, 5.9, 8.75],
			"rotation": {"angle": -22.5, "axis": "y", "origin": [6, 3, 8.875]},
			"faces": {
				"north": {"uv": [8.5, 6.25, 12.5, 12.25], "texture": "#0"},
				"east": {"uv": [8.5, 6.25, 8.75, 6.5], "texture": "#0"},
				"south": {"uv": [8.5, 6.25, 12.5, 12.25], "texture": "#0"},
				"west": {"uv": [8.5, 6.25, 8.75, 6.5], "texture": "#0"},
				"up": {"uv": [8.5, 6.25, 8.75, 6.5], "texture": "#0"},
				"down": {"uv": [8.5, 6.25, 8.75, 6.5], "texture": "#0"}
			}
		},
		{
			"from": [7.99, 0.1, 8.5],
			"to": [11.79, 5.9, 8.75],
			"rotation": {"angle": 22.5, "axis": "y", "origin": [10, 3, 8.875]},
			"faces": {
				"north": {"uv": [8.5, 0, 12.5, 6], "texture": "#0"},
				"east": {"uv": [8.5, 0, 8.75, 0.25], "texture": "#0"},
				"south": {"uv": [8.5, 0, 12.5, 6], "texture": "#0"},
				"west": {"uv": [8.5, 0, 8.75, 0.25], "texture": "#0"},
				"up": {"uv": [8.5, 0, 8.75, 0.25], "texture": "#0"},
				"down": {"uv": [8.5, 0, 8.75, 0.25], "texture": "#0"}
			}
		},
		{
			"from": [7.90237, 0.1, 7.76],
			"to": [11.70237, 5.9, 7.76],
			"rotation": {"angle": 45, "axis": "y", "origin": [9.80237, 3, 8.4092]},
			"faces": {
				"north": {"uv": [0, 6.25, 4, 12.25], "texture": "#0"},
				"east": {"uv": [0, 6.25, 4, 12.25], "texture": "#0"},
				"south": {"uv": [0, 6.25, 4, 12.25], "texture": "#0"},
				"west": {"uv": [0, 6.25, 4, 12.25], "texture": "#0"},
				"up": {"uv": [0, 6.25, 4, 12.25], "texture": "#0"},
				"down": {"uv": [0, 6.25, 4, 12.25], "texture": "#0"}
			}
		},
		{
			"from": [4.29763, 0.1, 7.76],
			"to": [8.09763, 5.9, 7.76],
			"rotation": {"angle": -45, "axis": "y", "origin": [6.19763, 3, 8.4092]},
			"faces": {
				"north": {"uv": [4.25, 6.25, 8.25, 12.25], "texture": "#0"},
				"east": {"uv": [4.25, 6.25, 8.25, 12.25], "texture": "#0"},
				"south": {"uv": [4.25, 6.25, 8.25, 12.25], "texture": "#0"},
				"west": {"uv": [4.25, 6.25, 8.25, 12.25], "texture": "#0"},
				"up": {"uv": [4.25, 6.25, 8.25, 12.25], "texture": "#0"},
				"down": {"uv": [4.25, 6.25, 8.25, 12.25], "texture": "#0"}
			}
		},
		{
			"from": [7.8875, 0, 8.75],
			"to": [11.8875, 6, 8.9],
			"rotation": {"angle": 22.5, "axis": "y", "origin": [10, 3, 8.875]},
			"faces": {
				"north": {"uv": [4.25, 0, 8.25, 6], "texture": "#0"},
				"east": {"uv": [3.75, 0, 4, 6], "texture": "#0"},
				"south": {"uv": [0, 0, 4, 6], "texture": "#0"},
				"west": {"uv": [0, 0, 0.25, 6], "texture": "#0"},
				"up": {"uv": [0, 0, 4, 0.25], "texture": "#0"},
				"down": {"uv": [0, 0, 4, 0.25], "texture": "#0"}
			}
		},
		{
			"from": [4.1125, 0, 8.75],
			"to": [8.1125, 6, 8.9],
			"rotation": {"angle": -22.5, "axis": "y", "origin": [6, 3, 8.875]},
			"faces": {
				"north": {"uv": [0, 0, 4, 6], "texture": "#0"},
				"east": {"uv": [0, 0, 0.25, 6], "texture": "#0"},
				"south": {"uv": [4.25, 0, 8.25, 6], "texture": "#0"},
				"west": {"uv": [3.75, 0, 4, 6], "texture": "#0"},
				"up": {"uv": [0, 0, 4, 0.25], "texture": "#0"},
				"down": {"uv": [0, 0, 4, 0.25], "texture": "#0"}
			}
		}
	],
	"display": {
		"thirdperson_righthand": {
			"rotation": [0, 180, 0],
			"translation": [0, 10, 1.5],
			"scale": [1.25, 1.25, 1.25]
		},
		"thirdperson_lefthand": {
			"scale": [0, 0, 0]
		},
		"firstperson_righthand": {
			"rotation": [-30, 180, 0],
			"translation": [-4, 10, 1.25]
		},
		"firstperson_lefthand": {
			"scale": [0, 0, 0]
		},
		"ground": {
			"rotation": [45, 0, 0],
			"translation": [0, 10, 4]
		},
		"gui": {
			"rotation": [-45, 180, 0],
			"translation": [0, 5.5, 0],
			"scale": [1.5, 1.5, 1.5]
		},
		"head": {
			"translation": [0, 6, 0],
			"scale": [2.75, 2.75, 2.75]
		},
		"fixed": {
			"translation": [0, 9.25, -2.75],
			"scale": [2, 2, 2]
		}
	}
}