{
  "_fv": 33,
  "_type": "item",
  "definition": {
    "renderType": 0,
    "texture": "basicspell13",
    "customModelName": "Normal",
    "name": "Plant Hunter's Bag",
    "rarity": "COMMON",
    "creativeTab": {
      "value": "CUSTOM:Tab"
    },
    "stackSize": 1,
    "enchantability": 0,
    "useDuration": 0,
    "toolType": 1.0,
    "damageCount": 0,
    "recipeRemainder": {
      "value": ""
    },
    "destroyAnyBlock": false,
    "immuneToFire": false,
    "stayInGridWhenCrafting": false,
    "damageOnCrafting": false,
    "enableMeleeDamage": false,
    "damageVsEntity": 0.0,
    "specialInfo": [
      "--------------------",
      "info",
      "> right click to open bag",
      "> cancel this spell will remove all items in the bag",
      "--------------------"
    ],
    "hasGlow": false,
    "guiBoundTo": "BasicSpell13bag",
    "inventorySize": 159,
    "inventoryStackSize": 64,
    "isFood": false,
    "nutritionalValue": 4,
    "saturation": 0.3,
    "eatResultItem": {
      "value": ""
    },
    "isMeat": false,
    "isAlwaysEdible": false,
    "animation": "eat"
  }
}