{
  "_fv": 33,
  "_type": "procedure",
  "definition": {
    "procedurexml": "<?xml version=\"1.0\" encoding=\"UTF-8\" standalone=\"no\"?><xml xmlns=\"https://developers.google.com/blockly/xml\"><block deletable=\"false\" type=\"event_trigger\" x=\"61\" y=\"52\"><field name=\"trigger\">no_ext_trigger</field><next><block type=\"controls_if\"><value name=\"IF0\"><block type=\"logic_binary_ops\"><field name=\"OP\">OR</field><value name=\"A\"><block type=\"compare_mcblocks\"><value name=\"a\"><block type=\"world_data_blockat\"><value name=\"x\"><block type=\"math_dual_ops\"><field name=\"OP\">ADD</field><value name=\"A\"><block type=\"math_singular_ops\"><field name=\"OP\">ROUNDDOWN</field><value name=\"NUM\"><block type=\"coord_x\"/></value></block></value><value name=\"B\"><block type=\"math_number\"><field name=\"NUM\">0.5</field></block></value></block></value><value name=\"y\"><block type=\"math_dual_ops\"><field name=\"OP\">ADD</field><value name=\"A\"><block type=\"math_singular_ops\"><field name=\"OP\">ROUNDDOWN</field><value name=\"NUM\"><block type=\"coord_y\"/></value></block></value><value name=\"B\"><block type=\"math_number\"><field name=\"NUM\">1</field></block></value></block></value><value name=\"z\"><block type=\"math_dual_ops\"><field name=\"OP\">ADD</field><value name=\"A\"><block type=\"math_singular_ops\"><field name=\"OP\">ROUNDDOWN</field><value name=\"NUM\"><block type=\"coord_z\"/></value></block></value><value name=\"B\"><block type=\"math_number\"><field name=\"NUM\">0.5</field></block></value></block></value></block></value><value name=\"b\"><block type=\"mcitem_allblocks\"><field name=\"value\">Blocks.AIR</field></block></value></block></value><value name=\"B\"><block type=\"logic_binary_ops\"><field name=\"OP\">OR</field><value name=\"A\"><block type=\"compare_mcblocks\"><value name=\"a\"><block type=\"world_data_blockat\"><value name=\"x\"><block type=\"math_dual_ops\"><field name=\"OP\">ADD</field><value name=\"A\"><block type=\"math_singular_ops\"><field name=\"OP\">ROUNDDOWN</field><value name=\"NUM\"><block type=\"coord_x\"/></value></block></value><value name=\"B\"><block type=\"math_number\"><field name=\"NUM\">0.5</field></block></value></block></value><value name=\"y\"><block type=\"math_dual_ops\"><field name=\"OP\">ADD</field><value name=\"A\"><block type=\"math_singular_ops\"><field name=\"OP\">ROUNDDOWN</field><value name=\"NUM\"><block type=\"coord_y\"/></value></block></value><value name=\"B\"><block type=\"math_number\"><field name=\"NUM\">1</field></block></value></block></value><value name=\"z\"><block type=\"math_dual_ops\"><field name=\"OP\">ADD</field><value name=\"A\"><block type=\"math_singular_ops\"><field name=\"OP\">ROUNDDOWN</field><value name=\"NUM\"><block type=\"coord_z\"/></value></block></value><value name=\"B\"><block type=\"math_number\"><field name=\"NUM\">0.5</field></block></value></block></value></block></value><value name=\"b\"><block type=\"mcitem_allblocks\"><field name=\"value\">Blocks.VOID_AIR</field></block></value></block></value><value name=\"B\"><block type=\"compare_mcblocks\"><value name=\"a\"><block type=\"world_data_blockat\"><value name=\"x\"><block type=\"math_dual_ops\"><field name=\"OP\">ADD</field><value name=\"A\"><block type=\"math_singular_ops\"><field name=\"OP\">ROUNDDOWN</field><value name=\"NUM\"><block type=\"coord_x\"/></value></block></value><value name=\"B\"><block type=\"math_number\"><field name=\"NUM\">0.5</field></block></value></block></value><value name=\"y\"><block type=\"math_dual_ops\"><field name=\"OP\">ADD</field><value name=\"A\"><block type=\"math_singular_ops\"><field name=\"OP\">ROUNDDOWN</field><value name=\"NUM\"><block type=\"coord_y\"/></value></block></value><value name=\"B\"><block type=\"math_number\"><field name=\"NUM\">1</field></block></value></block></value><value name=\"z\"><block type=\"math_dual_ops\"><field name=\"OP\">ADD</field><value name=\"A\"><block type=\"math_singular_ops\"><field name=\"OP\">ROUNDDOWN</field><value name=\"NUM\"><block type=\"coord_z\"/></value></block></value><value name=\"B\"><block type=\"math_number\"><field name=\"NUM\">0.5</field></block></value></block></value></block></value><value name=\"b\"><block type=\"mcitem_allblocks\"><field name=\"value\">Blocks.CAVE_AIR</field></block></value></block></value></block></value></block></value><statement name=\"DO0\"><block type=\"controls_if\"><mutation else=\"1\"/><value name=\"IF0\"><block type=\"compare_mcitems\"><value name=\"a\"><block type=\"entity_iteminoffhand\"><value name=\"entity\"><block type=\"entity_from_deps\"/></value></block></value><value name=\"b\"><block type=\"mcitem_all\"><field name=\"value\">CUSTOM:Wanderer</field></block></value></block></value><statement name=\"DO0\"><block type=\"execute_command\"><value name=\"command\"><block type=\"text\"><field name=\"TEXT\">summon armor_stand ~ ~ ~ {CustomName:'{\"text\":\"basicspell5large\"}',NoGravity:1b,Marker:1b,Invisible:1b}</field></block></value><value name=\"x\"><block type=\"math_dual_ops\"><field name=\"OP\">ADD</field><value name=\"A\"><block type=\"math_singular_ops\"><field name=\"OP\">ROUNDDOWN</field><value name=\"NUM\"><block type=\"coord_x\"/></value></block></value><value name=\"B\"><block type=\"math_number\"><field name=\"NUM\">0.5</field></block></value></block></value><value name=\"y\"><block type=\"math_dual_ops\"><field name=\"OP\">ADD</field><value name=\"A\"><block type=\"math_singular_ops\"><field name=\"OP\">ROUNDDOWN</field><value name=\"NUM\"><block type=\"coord_y\"/></value></block></value><value name=\"B\"><block type=\"math_number\"><field name=\"NUM\">1.25</field></block></value></block></value><value name=\"z\"><block type=\"math_dual_ops\"><field name=\"OP\">ADD</field><value name=\"A\"><block type=\"math_singular_ops\"><field name=\"OP\">ROUNDDOWN</field><value name=\"NUM\"><block type=\"coord_z\"/></value></block></value><value name=\"B\"><block type=\"math_number\"><field name=\"NUM\">0.5</field></block></value></block></value></block></statement><statement name=\"ELSE\"><block type=\"execute_command\"><value name=\"command\"><block type=\"text\"><field name=\"TEXT\">summon armor_stand ~ ~ ~ {CustomName:'{\"text\":\"basicspell5\"}',NoGravity:1b,Marker:1b,Invisible:1b}</field></block></value><value name=\"x\"><block type=\"math_dual_ops\"><field name=\"OP\">ADD</field><value name=\"A\"><block type=\"math_singular_ops\"><field name=\"OP\">ROUNDDOWN</field><value name=\"NUM\"><block type=\"coord_x\"/></value></block></value><value name=\"B\"><block type=\"math_number\"><field name=\"NUM\">0.5</field></block></value></block></value><value name=\"y\"><block type=\"math_dual_ops\"><field name=\"OP\">ADD</field><value name=\"A\"><block type=\"math_singular_ops\"><field name=\"OP\">ROUNDDOWN</field><value name=\"NUM\"><block type=\"coord_y\"/></value></block></value><value name=\"B\"><block type=\"math_number\"><field name=\"NUM\">1.25</field></block></value></block></value><value name=\"z\"><block type=\"math_dual_ops\"><field name=\"OP\">ADD</field><value name=\"A\"><block type=\"math_singular_ops\"><field name=\"OP\">ROUNDDOWN</field><value name=\"NUM\"><block type=\"coord_z\"/></value></block></value><value name=\"B\"><block type=\"math_number\"><field name=\"NUM\">0.5</field></block></value></block></value></block></statement><next><block type=\"execute_command\"><value name=\"command\"><block type=\"text\"><field name=\"TEXT\">setblock ~ ~ ~ lantern_of_the_woodlands:wanderer_block keep</field></block></value><value name=\"x\"><block type=\"math_dual_ops\"><field name=\"OP\">ADD</field><value name=\"A\"><block type=\"math_singular_ops\"><field name=\"OP\">ROUNDDOWN</field><value name=\"NUM\"><block type=\"coord_x\"/></value></block></value><value name=\"B\"><block type=\"math_number\"><field name=\"NUM\">0.5</field></block></value></block></value><value name=\"y\"><block type=\"math_dual_ops\"><field name=\"OP\">ADD</field><value name=\"A\"><block type=\"math_singular_ops\"><field name=\"OP\">ROUNDDOWN</field><value name=\"NUM\"><block type=\"coord_y\"/></value></block></value><value name=\"B\"><block type=\"math_number\"><field name=\"NUM\">1.5</field></block></value></block></value><value name=\"z\"><block type=\"math_dual_ops\"><field name=\"OP\">ADD</field><value name=\"A\"><block type=\"math_singular_ops\"><field name=\"OP\">ROUNDDOWN</field><value name=\"NUM\"><block type=\"coord_z\"/></value></block></value><value name=\"B\"><block type=\"math_number\"><field name=\"NUM\">0.5</field></block></value></block></value><next><block type=\"wait\"><value name=\"ticks\"><block type=\"math_number\"><field name=\"NUM\">5</field></block></value><statement name=\"do\"><block type=\"controls_if\"><mutation else=\"1\"/><value name=\"IF0\"><block type=\"logic_negate\"><value name=\"BOOL\"><block type=\"entity_issneaking\"><value name=\"entity\"><block type=\"entity_from_deps\"/></value></block></value></block></value><statement name=\"DO0\"><block type=\"execute_command\"><value name=\"command\"><block type=\"text\"><field name=\"TEXT\">playsound minecraft:block.beacon.power_select ambient @a[distance=..100] ~ ~ ~ 2 0 0.025</field></block></value><value name=\"x\"><block type=\"math_dual_ops\"><field name=\"OP\">ADD</field><value name=\"A\"><block type=\"math_singular_ops\"><field name=\"OP\">ROUNDDOWN</field><value name=\"NUM\"><block type=\"coord_x\"/></value></block></value><value name=\"B\"><block type=\"math_number\"><field name=\"NUM\">0.5</field></block></value></block></value><value name=\"y\"><block type=\"math_dual_ops\"><field name=\"OP\">ADD</field><value name=\"A\"><block type=\"math_singular_ops\"><field name=\"OP\">ROUNDDOWN</field><value name=\"NUM\"><block type=\"coord_y\"/></value></block></value><value name=\"B\"><block type=\"math_number\"><field name=\"NUM\">1.5</field></block></value></block></value><value name=\"z\"><block type=\"math_dual_ops\"><field name=\"OP\">ADD</field><value name=\"A\"><block type=\"math_singular_ops\"><field name=\"OP\">ROUNDDOWN</field><value name=\"NUM\"><block type=\"coord_z\"/></value></block></value><value name=\"B\"><block type=\"math_number\"><field name=\"NUM\">0.5</field></block></value></block></value><next><block type=\"execute_command\"><value name=\"command\"><block type=\"text\"><field name=\"TEXT\">/execute at @e[type=armor_stand,name=placed_lantern] run playsound minecraft:block.beacon.power_select ambient @a[distance=..100] ~ ~ ~ 2 0 0.025</field></block></value><value name=\"x\"><block type=\"math_dual_ops\"><field name=\"OP\">ADD</field><value name=\"A\"><block type=\"math_singular_ops\"><field name=\"OP\">ROUNDDOWN</field><value name=\"NUM\"><block type=\"coord_x\"/></value></block></value><value name=\"B\"><block type=\"math_number\"><field name=\"NUM\">0.5</field></block></value></block></value><value name=\"y\"><block type=\"math_dual_ops\"><field name=\"OP\">ADD</field><value name=\"A\"><block type=\"math_singular_ops\"><field name=\"OP\">ROUNDDOWN</field><value name=\"NUM\"><block type=\"coord_y\"/></value></block></value><value name=\"B\"><block type=\"math_number\"><field name=\"NUM\">1.5</field></block></value></block></value><value name=\"z\"><block type=\"math_dual_ops\"><field name=\"OP\">ADD</field><value name=\"A\"><block type=\"math_singular_ops\"><field name=\"OP\">ROUNDDOWN</field><value name=\"NUM\"><block type=\"coord_z\"/></value></block></value><value name=\"B\"><block type=\"math_number\"><field name=\"NUM\">0.5</field></block></value></block></value><next><block type=\"execute_command\"><value name=\"command\"><block type=\"text\"><field name=\"TEXT\">particle minecraft:portal ~ ~1 ~ 0 0 0 2 100</field></block></value><value name=\"x\"><block type=\"math_dual_ops\"><field name=\"OP\">ADD</field><value name=\"A\"><block type=\"math_singular_ops\"><field name=\"OP\">ROUNDDOWN</field><value name=\"NUM\"><block type=\"coord_x\"/></value></block></value><value name=\"B\"><block type=\"math_number\"><field name=\"NUM\">0.5</field></block></value></block></value><value name=\"y\"><block type=\"math_dual_ops\"><field name=\"OP\">ADD</field><value name=\"A\"><block type=\"math_singular_ops\"><field name=\"OP\">ROUNDDOWN</field><value name=\"NUM\"><block type=\"coord_y\"/></value></block></value><value name=\"B\"><block type=\"math_number\"><field name=\"NUM\">1.5</field></block></value></block></value><value name=\"z\"><block type=\"math_dual_ops\"><field name=\"OP\">ADD</field><value name=\"A\"><block type=\"math_singular_ops\"><field name=\"OP\">ROUNDDOWN</field><value name=\"NUM\"><block type=\"coord_z\"/></value></block></value><value name=\"B\"><block type=\"math_number\"><field name=\"NUM\">0.5</field></block></value></block></value><next><block type=\"wait\"><value name=\"ticks\"><block type=\"math_number\"><field name=\"NUM\">50</field></block></value><statement name=\"do\"><block type=\"execute_command\"><value name=\"command\"><block type=\"text\"><field name=\"TEXT\">/execute as @e[type=armor_stand,name=placed_lantern] at @s if block ~ ~-0.5 ~ minecraft:iron_bars run summon armor_stand ~ ~-0.5 ~-1 {CustomName:'{\"text\":\"basicspell5portal\"}',NoGravity:1b,Invisible:1b,Marker:1b}</field></block></value><value name=\"x\"><block type=\"coord_x\"/></value><value name=\"y\"><block type=\"coord_y\"/></value><value name=\"z\"><block type=\"coord_z\"/></value><next><block type=\"execute_command\"><value name=\"command\"><block type=\"text_join\"><mutation items=\"7\"/><value name=\"ADD0\"><block type=\"text\"><field name=\"TEXT\">/execute if entity @e[type=armor_stand,name=basicspell5,distance=..1] at @e[type=armor_stand,name=placed_lantern] if block ~ ~-0.5 ~ minecraft:iron_bars run execute positioned </field></block></value><value name=\"ADD1\"><block type=\"coord_x\"/></value><value name=\"ADD2\"><block type=\"text\"><field name=\"TEXT\"> </field></block></value><value name=\"ADD3\"><block type=\"coord_y\"/></value><value name=\"ADD4\"><block type=\"text\"><field name=\"TEXT\"> </field></block></value><value name=\"ADD5\"><block type=\"coord_z\"/></value><value name=\"ADD6\"><block type=\"text\"><field name=\"TEXT\"> at @e[type=!armor_stand,distance=..3,limit=1] run execute at @e[type=armor_stand,name=placed_lantern] run particle minecraft:flash ~ ~ ~ 0 0 0 0 1 force</field></block></value></block></value><value name=\"x\"><block type=\"math_dual_ops\"><field name=\"OP\">ADD</field><value name=\"A\"><block type=\"math_singular_ops\"><field name=\"OP\">ROUNDDOWN</field><value name=\"NUM\"><block type=\"coord_x\"/></value></block></value><value name=\"B\"><block type=\"math_number\"><field name=\"NUM\">0.5</field></block></value></block></value><value name=\"y\"><block type=\"math_dual_ops\"><field name=\"OP\">ADD</field><value name=\"A\"><block type=\"math_singular_ops\"><field name=\"OP\">ROUNDDOWN</field><value name=\"NUM\"><block type=\"coord_y\"/></value></block></value><value name=\"B\"><block type=\"math_number\"><field name=\"NUM\">1.5</field></block></value></block></value><value name=\"z\"><block type=\"math_dual_ops\"><field name=\"OP\">ADD</field><value name=\"A\"><block type=\"math_singular_ops\"><field name=\"OP\">ROUNDDOWN</field><value name=\"NUM\"><block type=\"coord_z\"/></value></block></value><value name=\"B\"><block type=\"math_number\"><field name=\"NUM\">0.5</field></block></value></block></value><next><block type=\"execute_command\"><value name=\"command\"><block type=\"text_join\"><mutation items=\"7\"/><value name=\"ADD0\"><block type=\"text\"><field name=\"TEXT\">/execute if entity @e[type=armor_stand,name=basicspell5large,distance=..1] at @e[type=armor_stand,name=placed_lantern] if block ~ ~-0.5 ~ minecraft:iron_bars run execute positioned </field></block></value><value name=\"ADD1\"><block type=\"coord_x\"/></value><value name=\"ADD2\"><block type=\"text\"><field name=\"TEXT\"> </field></block></value><value name=\"ADD3\"><block type=\"coord_y\"/></value><value name=\"ADD4\"><block type=\"text\"><field name=\"TEXT\"> </field></block></value><value name=\"ADD5\"><block type=\"coord_z\"/></value><value name=\"ADD6\"><block type=\"text\"><field name=\"TEXT\"> at @e[type=!armor_stand,distance=..10,limit=1] run execute at @e[type=armor_stand,name=placed_lantern] run particle minecraft:flash ~ ~ ~ 0 0 0 0 1 force</field></block></value></block></value><value name=\"x\"><block type=\"math_dual_ops\"><field name=\"OP\">ADD</field><value name=\"A\"><block type=\"math_singular_ops\"><field name=\"OP\">ROUNDDOWN</field><value name=\"NUM\"><block type=\"coord_x\"/></value></block></value><value name=\"B\"><block type=\"math_number\"><field name=\"NUM\">0.5</field></block></value></block></value><value name=\"y\"><block type=\"math_dual_ops\"><field name=\"OP\">ADD</field><value name=\"A\"><block type=\"math_singular_ops\"><field name=\"OP\">ROUNDDOWN</field><value name=\"NUM\"><block type=\"coord_y\"/></value></block></value><value name=\"B\"><block type=\"math_number\"><field name=\"NUM\">1.5</field></block></value></block></value><value name=\"z\"><block type=\"math_dual_ops\"><field name=\"OP\">ADD</field><value name=\"A\"><block type=\"math_singular_ops\"><field name=\"OP\">ROUNDDOWN</field><value name=\"NUM\"><block type=\"coord_z\"/></value></block></value><value name=\"B\"><block type=\"math_number\"><field name=\"NUM\">0.5</field></block></value></block></value><next><block type=\"execute_command\"><value name=\"command\"><block type=\"text_join\"><mutation items=\"7\"/><value name=\"ADD0\"><block type=\"text\"><field name=\"TEXT\">/execute if entity @e[type=armor_stand,name=basicspell5,distance=..1] at @e[type=armor_stand,name=placed_lantern] if block ~ ~-0.5 ~ minecraft:iron_bars run execute positioned </field></block></value><value name=\"ADD1\"><block type=\"coord_x\"/></value><value name=\"ADD2\"><block type=\"text\"><field name=\"TEXT\"> </field></block></value><value name=\"ADD3\"><block type=\"coord_y\"/></value><value name=\"ADD4\"><block type=\"text\"><field name=\"TEXT\"> </field></block></value><value name=\"ADD5\"><block type=\"coord_z\"/></value><value name=\"ADD6\"><block type=\"text\"><field name=\"TEXT\"> at @e[type=!armor_stand,distance=..3] run playsound minecraft:entity.illusioner.cast_spell ambient @a[distance=..100] ~ ~ ~ 2 0.5 0.025</field></block></value></block></value><value name=\"x\"><block type=\"math_dual_ops\"><field name=\"OP\">ADD</field><value name=\"A\"><block type=\"math_singular_ops\"><field name=\"OP\">ROUNDDOWN</field><value name=\"NUM\"><block type=\"coord_x\"/></value></block></value><value name=\"B\"><block type=\"math_number\"><field name=\"NUM\">0.5</field></block></value></block></value><value name=\"y\"><block type=\"math_dual_ops\"><field name=\"OP\">ADD</field><value name=\"A\"><block type=\"math_singular_ops\"><field name=\"OP\">ROUNDDOWN</field><value name=\"NUM\"><block type=\"coord_y\"/></value></block></value><value name=\"B\"><block type=\"math_number\"><field name=\"NUM\">1.5</field></block></value></block></value><value name=\"z\"><block type=\"math_dual_ops\"><field name=\"OP\">ADD</field><value name=\"A\"><block type=\"math_singular_ops\"><field name=\"OP\">ROUNDDOWN</field><value name=\"NUM\"><block type=\"coord_z\"/></value></block></value><value name=\"B\"><block type=\"math_number\"><field name=\"NUM\">0.5</field></block></value></block></value><next><block type=\"execute_command\"><value name=\"command\"><block type=\"text_join\"><mutation items=\"7\"/><value name=\"ADD0\"><block type=\"text\"><field name=\"TEXT\">/execute if entity @e[type=armor_stand,name=basicspell5large,distance=..1] at @e[type=armor_stand,name=placed_lantern] if block ~ ~-0.5 ~ minecraft:iron_bars run execute positioned </field></block></value><value name=\"ADD1\"><block type=\"coord_x\"/></value><value name=\"ADD2\"><block type=\"text\"><field name=\"TEXT\"> </field></block></value><value name=\"ADD3\"><block type=\"coord_y\"/></value><value name=\"ADD4\"><block type=\"text\"><field name=\"TEXT\"> </field></block></value><value name=\"ADD5\"><block type=\"coord_z\"/></value><value name=\"ADD6\"><block type=\"text\"><field name=\"TEXT\"> at @e[type=!armor_stand,distance=..10] run playsound minecraft:entity.illusioner.cast_spell ambient @a[distance=..100] ~ ~ ~ 2 0.5 0.025</field></block></value></block></value><value name=\"x\"><block type=\"math_dual_ops\"><field name=\"OP\">ADD</field><value name=\"A\"><block type=\"math_singular_ops\"><field name=\"OP\">ROUNDDOWN</field><value name=\"NUM\"><block type=\"coord_x\"/></value></block></value><value name=\"B\"><block type=\"math_number\"><field name=\"NUM\">0.5</field></block></value></block></value><value name=\"y\"><block type=\"math_dual_ops\"><field name=\"OP\">ADD</field><value name=\"A\"><block type=\"math_singular_ops\"><field name=\"OP\">ROUNDDOWN</field><value name=\"NUM\"><block type=\"coord_y\"/></value></block></value><value name=\"B\"><block type=\"math_number\"><field name=\"NUM\">1.5</field></block></value></block></value><value name=\"z\"><block type=\"math_dual_ops\"><field name=\"OP\">ADD</field><value name=\"A\"><block type=\"math_singular_ops\"><field name=\"OP\">ROUNDDOWN</field><value name=\"NUM\"><block type=\"coord_z\"/></value></block></value><value name=\"B\"><block type=\"math_number\"><field name=\"NUM\">0.5</field></block></value></block></value><next><block type=\"execute_command\"><value name=\"command\"><block type=\"text_join\"><mutation items=\"7\"/><value name=\"ADD0\"><block type=\"text\"><field name=\"TEXT\">/execute if entity @e[type=armor_stand,name=basicspell5,distance=..1] at @e[type=armor_stand,name=placed_lantern] if block ~ ~-0.5 ~ minecraft:iron_bars run execute positioned </field></block></value><value name=\"ADD1\"><block type=\"coord_x\"/></value><value name=\"ADD2\"><block type=\"text\"><field name=\"TEXT\"> </field></block></value><value name=\"ADD3\"><block type=\"coord_y\"/></value><value name=\"ADD4\"><block type=\"text\"><field name=\"TEXT\"> </field></block></value><value name=\"ADD5\"><block type=\"coord_z\"/></value><value name=\"ADD6\"><block type=\"text\"><field name=\"TEXT\"> at @e[type=!armor_stand,distance=..3] run particle minecraft:flash ~ ~0.5 ~ 0 0 0 0 1 force</field></block></value></block></value><value name=\"x\"><block type=\"math_dual_ops\"><field name=\"OP\">ADD</field><value name=\"A\"><block type=\"math_singular_ops\"><field name=\"OP\">ROUNDDOWN</field><value name=\"NUM\"><block type=\"coord_x\"/></value></block></value><value name=\"B\"><block type=\"math_number\"><field name=\"NUM\">0.5</field></block></value></block></value><value name=\"y\"><block type=\"math_dual_ops\"><field name=\"OP\">ADD</field><value name=\"A\"><block type=\"math_singular_ops\"><field name=\"OP\">ROUNDDOWN</field><value name=\"NUM\"><block type=\"coord_y\"/></value></block></value><value name=\"B\"><block type=\"math_number\"><field name=\"NUM\">1.5</field></block></value></block></value><value name=\"z\"><block type=\"math_dual_ops\"><field name=\"OP\">ADD</field><value name=\"A\"><block type=\"math_singular_ops\"><field name=\"OP\">ROUNDDOWN</field><value name=\"NUM\"><block type=\"coord_z\"/></value></block></value><value name=\"B\"><block type=\"math_number\"><field name=\"NUM\">0.5</field></block></value></block></value><next><block type=\"execute_command\"><value name=\"command\"><block type=\"text_join\"><mutation items=\"7\"/><value name=\"ADD0\"><block type=\"text\"><field name=\"TEXT\">/execute if entity @e[type=armor_stand,name=basicspell5large,distance=..1] at @e[type=armor_stand,name=placed_lantern] if block ~ ~-0.5 ~ minecraft:iron_bars run execute positioned </field></block></value><value name=\"ADD1\"><block type=\"coord_x\"/></value><value name=\"ADD2\"><block type=\"text\"><field name=\"TEXT\"> </field></block></value><value name=\"ADD3\"><block type=\"coord_y\"/></value><value name=\"ADD4\"><block type=\"text\"><field name=\"TEXT\"> </field></block></value><value name=\"ADD5\"><block type=\"coord_z\"/></value><value name=\"ADD6\"><block type=\"text\"><field name=\"TEXT\"> at @e[type=!armor_stand,distance=..10] run particle minecraft:flash ~ ~0.5 ~ 0 0 0 0 1 force</field></block></value></block></value><value name=\"x\"><block type=\"math_dual_ops\"><field name=\"OP\">ADD</field><value name=\"A\"><block type=\"math_singular_ops\"><field name=\"OP\">ROUNDDOWN</field><value name=\"NUM\"><block type=\"coord_x\"/></value></block></value><value name=\"B\"><block type=\"math_number\"><field name=\"NUM\">0.5</field></block></value></block></value><value name=\"y\"><block type=\"math_dual_ops\"><field name=\"OP\">ADD</field><value name=\"A\"><block type=\"math_singular_ops\"><field name=\"OP\">ROUNDDOWN</field><value name=\"NUM\"><block type=\"coord_y\"/></value></block></value><value name=\"B\"><block type=\"math_number\"><field name=\"NUM\">1.5</field></block></value></block></value><value name=\"z\"><block type=\"math_dual_ops\"><field name=\"OP\">ADD</field><value name=\"A\"><block type=\"math_singular_ops\"><field name=\"OP\">ROUNDDOWN</field><value name=\"NUM\"><block type=\"coord_z\"/></value></block></value><value name=\"B\"><block type=\"math_number\"><field name=\"NUM\">0.5</field></block></value></block></value><next><block type=\"execute_command\"><value name=\"command\"><block type=\"text_join\"><mutation items=\"7\"/><value name=\"ADD0\"><block type=\"text\"><field name=\"TEXT\">/execute if entity @e[type=armor_stand,name=basicspell5,distance=..1] at @e[type=armor_stand,name=placed_lantern] if block ~ ~-0.5 ~ minecraft:iron_bars run execute positioned </field></block></value><value name=\"ADD1\"><block type=\"coord_x\"/></value><value name=\"ADD2\"><block type=\"text\"><field name=\"TEXT\"> </field></block></value><value name=\"ADD3\"><block type=\"coord_y\"/></value><value name=\"ADD4\"><block type=\"text\"><field name=\"TEXT\"> </field></block></value><value name=\"ADD5\"><block type=\"coord_z\"/></value><value name=\"ADD6\"><block type=\"text\"><field name=\"TEXT\"> at @e[type=!armor_stand,distance=..3] run particle minecraft:campfire_signal_smoke ~ ~0.5 ~ 0.5 0.5 0.5 0.005 20 force</field></block></value></block></value><value name=\"x\"><block type=\"math_dual_ops\"><field name=\"OP\">ADD</field><value name=\"A\"><block type=\"math_singular_ops\"><field name=\"OP\">ROUNDDOWN</field><value name=\"NUM\"><block type=\"coord_x\"/></value></block></value><value name=\"B\"><block type=\"math_number\"><field name=\"NUM\">0.5</field></block></value></block></value><value name=\"y\"><block type=\"math_dual_ops\"><field name=\"OP\">ADD</field><value name=\"A\"><block type=\"math_singular_ops\"><field name=\"OP\">ROUNDDOWN</field><value name=\"NUM\"><block type=\"coord_y\"/></value></block></value><value name=\"B\"><block type=\"math_number\"><field name=\"NUM\">1.5</field></block></value></block></value><value name=\"z\"><block type=\"math_dual_ops\"><field name=\"OP\">ADD</field><value name=\"A\"><block type=\"math_singular_ops\"><field name=\"OP\">ROUNDDOWN</field><value name=\"NUM\"><block type=\"coord_z\"/></value></block></value><value name=\"B\"><block type=\"math_number\"><field name=\"NUM\">0.5</field></block></value></block></value><next><block type=\"execute_command\"><value name=\"command\"><block type=\"text_join\"><mutation items=\"7\"/><value name=\"ADD0\"><block type=\"text\"><field name=\"TEXT\">/execute if entity @e[type=armor_stand,name=basicspell5large,distance=..1] at @e[type=armor_stand,name=placed_lantern] if block ~ ~-0.5 ~ minecraft:iron_bars run execute positioned </field></block></value><value name=\"ADD1\"><block type=\"coord_x\"/></value><value name=\"ADD2\"><block type=\"text\"><field name=\"TEXT\"> </field></block></value><value name=\"ADD3\"><block type=\"coord_y\"/></value><value name=\"ADD4\"><block type=\"text\"><field name=\"TEXT\"> </field></block></value><value name=\"ADD5\"><block type=\"coord_z\"/></value><value name=\"ADD6\"><block type=\"text\"><field name=\"TEXT\"> at @e[type=!armor_stand,distance=..10] run particle minecraft:campfire_signal_smoke ~ ~0.5 ~ 0.5 0.5 0.5 0.005 20 force</field></block></value></block></value><value name=\"x\"><block type=\"math_dual_ops\"><field name=\"OP\">ADD</field><value name=\"A\"><block type=\"math_singular_ops\"><field name=\"OP\">ROUNDDOWN</field><value name=\"NUM\"><block type=\"coord_x\"/></value></block></value><value name=\"B\"><block type=\"math_number\"><field name=\"NUM\">0.5</field></block></value></block></value><value name=\"y\"><block type=\"math_dual_ops\"><field name=\"OP\">ADD</field><value name=\"A\"><block type=\"math_singular_ops\"><field name=\"OP\">ROUNDDOWN</field><value name=\"NUM\"><block type=\"coord_y\"/></value></block></value><value name=\"B\"><block type=\"math_number\"><field name=\"NUM\">1.5</field></block></value></block></value><value name=\"z\"><block type=\"math_dual_ops\"><field name=\"OP\">ADD</field><value name=\"A\"><block type=\"math_singular_ops\"><field name=\"OP\">ROUNDDOWN</field><value name=\"NUM\"><block type=\"coord_z\"/></value></block></value><value name=\"B\"><block type=\"math_number\"><field name=\"NUM\">0.5</field></block></value></block></value><next><block type=\"execute_command\"><value name=\"command\"><block type=\"text_join\"><mutation items=\"7\"/><value name=\"ADD0\"><block type=\"text\"><field name=\"TEXT\">/execute if entity @e[type=armor_stand,name=basicspell5,distance=..1] at @e[type=armor_stand,name=placed_lantern] if block ~ ~-0.5 ~ minecraft:iron_bars run execute positioned </field></block></value><value name=\"ADD1\"><block type=\"coord_x\"/></value><value name=\"ADD2\"><block type=\"text\"><field name=\"TEXT\"> </field></block></value><value name=\"ADD3\"><block type=\"coord_y\"/></value><value name=\"ADD4\"><block type=\"text\"><field name=\"TEXT\"> </field></block></value><value name=\"ADD5\"><block type=\"coord_z\"/></value><value name=\"ADD6\"><block type=\"text\"><field name=\"TEXT\"> run tp @e[type=!armor_stand,name=!basicspell5,name=!placed_lantern,name=!basicspell5large,distance=..3] @e[type=armor_stand,name=basicspell5portal,limit=1]</field></block></value></block></value><value name=\"x\"><block type=\"math_dual_ops\"><field name=\"OP\">ADD</field><value name=\"A\"><block type=\"math_singular_ops\"><field name=\"OP\">ROUNDDOWN</field><value name=\"NUM\"><block type=\"coord_x\"/></value></block></value><value name=\"B\"><block type=\"math_number\"><field name=\"NUM\">0.5</field></block></value></block></value><value name=\"y\"><block type=\"math_dual_ops\"><field name=\"OP\">ADD</field><value name=\"A\"><block type=\"math_singular_ops\"><field name=\"OP\">ROUNDDOWN</field><value name=\"NUM\"><block type=\"coord_y\"/></value></block></value><value name=\"B\"><block type=\"math_number\"><field name=\"NUM\">1.5</field></block></value></block></value><value name=\"z\"><block type=\"math_dual_ops\"><field name=\"OP\">ADD</field><value name=\"A\"><block type=\"math_singular_ops\"><field name=\"OP\">ROUNDDOWN</field><value name=\"NUM\"><block type=\"coord_z\"/></value></block></value><value name=\"B\"><block type=\"math_number\"><field name=\"NUM\">0.5</field></block></value></block></value><next><block type=\"execute_command\"><value name=\"command\"><block type=\"text_join\"><mutation items=\"7\"/><value name=\"ADD0\"><block type=\"text\"><field name=\"TEXT\">/execute if entity @e[type=armor_stand,name=basicspell5large,distance=..1] at @e[type=armor_stand,name=placed_lantern] if block ~ ~-0.5 ~ minecraft:iron_bars run execute positioned </field></block></value><value name=\"ADD1\"><block type=\"coord_x\"/></value><value name=\"ADD2\"><block type=\"text\"><field name=\"TEXT\"> </field></block></value><value name=\"ADD3\"><block type=\"coord_y\"/></value><value name=\"ADD4\"><block type=\"text\"><field name=\"TEXT\"> </field></block></value><value name=\"ADD5\"><block type=\"coord_z\"/></value><value name=\"ADD6\"><block type=\"text\"><field name=\"TEXT\"> run tp @e[type=!armor_stand,name=!basicspell5,name=!placed_lantern,name=!basicspell5large,distance=..10] @e[type=armor_stand,name=basicspell5portal,limit=1]</field></block></value></block></value><value name=\"x\"><block type=\"math_singular_ops\"><field name=\"OP\">ROUNDDOWN</field><value name=\"NUM\"><block type=\"math_dual_ops\"><field name=\"OP\">ADD</field><value name=\"A\"><block type=\"coord_x\"/></value><value name=\"B\"><block type=\"math_number\"><field name=\"NUM\">0.5</field></block></value></block></value></block></value><value name=\"y\"><block type=\"math_dual_ops\"><field name=\"OP\">ADD</field><value name=\"A\"><block type=\"math_singular_ops\"><field name=\"OP\">ROUNDDOWN</field><value name=\"NUM\"><block type=\"coord_y\"/></value></block></value><value name=\"B\"><block type=\"math_number\"><field name=\"NUM\">1.5</field></block></value></block></value><value name=\"z\"><block type=\"math_dual_ops\"><field name=\"OP\">ADD</field><value name=\"A\"><block type=\"math_singular_ops\"><field name=\"OP\">ROUNDDOWN</field><value name=\"NUM\"><block type=\"coord_z\"/></value></block></value><value name=\"B\"><block type=\"math_number\"><field name=\"NUM\">0.5</field></block></value></block></value><next><block type=\"execute_command\"><value name=\"command\"><block type=\"text\"><field name=\"TEXT\">/execute at @e[type=armor_stand,name=placed_lantern] if block ~ ~-0.5 ~ minecraft:iron_bars run particle minecraft:witch ~ ~0.25 ~ 0 0 0 0.1 20</field></block></value><value name=\"x\"><block type=\"coord_x\"/></value><value name=\"y\"><block type=\"coord_y\"/></value><value name=\"z\"><block type=\"coord_z\"/></value><next><block type=\"execute_command\"><value name=\"command\"><block type=\"text\"><field name=\"TEXT\">/execute at @e[type=armor_stand,name=placed_lantern] if block ~ ~-0.5 ~ minecraft:iron_bars run playsound minecraft:block.bell.use ambient @a[distance=..100] ~ ~ ~ 2 0 0.025</field></block></value><value name=\"x\"><block type=\"coord_x\"/></value><value name=\"y\"><block type=\"coord_y\"/></value><value name=\"z\"><block type=\"coord_z\"/></value><next><block type=\"execute_command\"><value name=\"command\"><block type=\"text\"><field name=\"TEXT\">/execute at @e[type=armor_stand,name=placed_lantern] if block ~ ~-0.5 ~ minecraft:iron_bars run particle minecraft:reverse_portal ~ ~0.25 ~ 0 0 0 0.2 50</field></block></value><value name=\"x\"><block type=\"coord_x\"/></value><value name=\"y\"><block type=\"coord_y\"/></value><value name=\"z\"><block type=\"coord_z\"/></value><next><block type=\"execute_command\"><value name=\"command\"><block type=\"text\"><field name=\"TEXT\">kill @e[type=armor_stand,name=basicspell5large,distance=..1,limit=1]</field></block></value><value name=\"x\"><block type=\"math_dual_ops\"><field name=\"OP\">ADD</field><value name=\"A\"><block type=\"math_singular_ops\"><field name=\"OP\">ROUNDDOWN</field><value name=\"NUM\"><block type=\"coord_x\"/></value></block></value><value name=\"B\"><block type=\"math_number\"><field name=\"NUM\">0.5</field></block></value></block></value><value name=\"y\"><block type=\"math_dual_ops\"><field name=\"OP\">ADD</field><value name=\"A\"><block type=\"math_singular_ops\"><field name=\"OP\">ROUNDDOWN</field><value name=\"NUM\"><block type=\"coord_y\"/></value></block></value><value name=\"B\"><block type=\"math_number\"><field name=\"NUM\">1.5</field></block></value></block></value><value name=\"z\"><block type=\"math_dual_ops\"><field name=\"OP\">ADD</field><value name=\"A\"><block type=\"math_singular_ops\"><field name=\"OP\">ROUNDDOWN</field><value name=\"NUM\"><block type=\"coord_z\"/></value></block></value><value name=\"B\"><block type=\"math_number\"><field name=\"NUM\">0.5</field></block></value></block></value><next><block type=\"execute_command\"><value name=\"command\"><block type=\"text\"><field name=\"TEXT\">kill @e[type=armor_stand,name=basicspell5portal,limit=1]</field></block></value><value name=\"x\"><block type=\"math_dual_ops\"><field name=\"OP\">ADD</field><value name=\"A\"><block type=\"math_singular_ops\"><field name=\"OP\">ROUNDDOWN</field><value name=\"NUM\"><block type=\"coord_x\"/></value></block></value><value name=\"B\"><block type=\"math_number\"><field name=\"NUM\">0.5</field></block></value></block></value><value name=\"y\"><block type=\"math_dual_ops\"><field name=\"OP\">ADD</field><value name=\"A\"><block type=\"math_singular_ops\"><field name=\"OP\">ROUNDDOWN</field><value name=\"NUM\"><block type=\"coord_y\"/></value></block></value><value name=\"B\"><block type=\"math_number\"><field name=\"NUM\">1.5</field></block></value></block></value><value name=\"z\"><block type=\"math_dual_ops\"><field name=\"OP\">ADD</field><value name=\"A\"><block type=\"math_singular_ops\"><field name=\"OP\">ROUNDDOWN</field><value name=\"NUM\"><block type=\"coord_z\"/></value></block></value><value name=\"B\"><block type=\"math_number\"><field name=\"NUM\">0.5</field></block></value></block></value><next><block type=\"execute_command\"><value name=\"command\"><block type=\"text\"><field name=\"TEXT\">kill @e[type=armor_stand,name=basicspell5,distance=..1,limit=1]</field></block></value><value name=\"x\"><block type=\"math_dual_ops\"><field name=\"OP\">ADD</field><value name=\"A\"><block type=\"math_singular_ops\"><field name=\"OP\">ROUNDDOWN</field><value name=\"NUM\"><block type=\"coord_x\"/></value></block></value><value name=\"B\"><block type=\"math_number\"><field name=\"NUM\">0.5</field></block></value></block></value><value name=\"y\"><block type=\"math_dual_ops\"><field name=\"OP\">ADD</field><value name=\"A\"><block type=\"math_singular_ops\"><field name=\"OP\">ROUNDDOWN</field><value name=\"NUM\"><block type=\"coord_y\"/></value></block></value><value name=\"B\"><block type=\"math_number\"><field name=\"NUM\">1.5</field></block></value></block></value><value name=\"z\"><block type=\"math_dual_ops\"><field name=\"OP\">ADD</field><value name=\"A\"><block type=\"math_singular_ops\"><field name=\"OP\">ROUNDDOWN</field><value name=\"NUM\"><block type=\"coord_z\"/></value></block></value><value name=\"B\"><block type=\"math_number\"><field name=\"NUM\">0.5</field></block></value></block></value><next><block type=\"execute_command\"><value name=\"command\"><block type=\"text\"><field name=\"TEXT\">/fill ~ ~ ~ ~ ~ ~ air replace lantern_of_the_woodlands:wanderer_block</field></block></value><value name=\"x\"><block type=\"math_dual_ops\"><field name=\"OP\">ADD</field><value name=\"A\"><block type=\"math_singular_ops\"><field name=\"OP\">ROUNDDOWN</field><value name=\"NUM\"><block type=\"coord_x\"/></value></block></value><value name=\"B\"><block type=\"math_number\"><field name=\"NUM\">0.5</field></block></value></block></value><value name=\"y\"><block type=\"math_dual_ops\"><field name=\"OP\">ADD</field><value name=\"A\"><block type=\"math_singular_ops\"><field name=\"OP\">ROUNDDOWN</field><value name=\"NUM\"><block type=\"coord_y\"/></value></block></value><value name=\"B\"><block type=\"math_number\"><field name=\"NUM\">1.5</field></block></value></block></value><value name=\"z\"><block type=\"math_dual_ops\"><field name=\"OP\">ADD</field><value name=\"A\"><block type=\"math_singular_ops\"><field name=\"OP\">ROUNDDOWN</field><value name=\"NUM\"><block type=\"coord_z\"/></value></block></value><value name=\"B\"><block type=\"math_number\"><field name=\"NUM\">0.5</field></block></value></block></value></block></next></block></next></block></next></block></next></block></next></block></next></block></next></block></next></block></next></block></next></block></next></block></next></block></next></block></next></block></next></block></next></block></next></block></statement></block></next></block></next></block></next></block></statement><statement name=\"ELSE\"><block type=\"execute_command\"><value name=\"command\"><block type=\"text\"><field name=\"TEXT\">playsound minecraft:block.portal.ambient ambient @a[distance=..100] ~ ~ ~ 2 0 0.025</field></block></value><value name=\"x\"><block type=\"math_dual_ops\"><field name=\"OP\">ADD</field><value name=\"A\"><block type=\"math_singular_ops\"><field name=\"OP\">ROUNDDOWN</field><value name=\"NUM\"><block type=\"coord_x\"/></value></block></value><value name=\"B\"><block type=\"math_number\"><field name=\"NUM\">0.5</field></block></value></block></value><value name=\"y\"><block type=\"math_dual_ops\"><field name=\"OP\">ADD</field><value name=\"A\"><block type=\"math_singular_ops\"><field name=\"OP\">ROUNDDOWN</field><value name=\"NUM\"><block type=\"coord_y\"/></value></block></value><value name=\"B\"><block type=\"math_number\"><field name=\"NUM\">1.5</field></block></value></block></value><value name=\"z\"><block type=\"math_dual_ops\"><field name=\"OP\">ADD</field><value name=\"A\"><block type=\"math_singular_ops\"><field name=\"OP\">ROUNDDOWN</field><value name=\"NUM\"><block type=\"coord_z\"/></value></block></value><value name=\"B\"><block type=\"math_number\"><field name=\"NUM\">0.5</field></block></value></block></value><next><block type=\"execute_command\"><value name=\"command\"><block type=\"text\"><field name=\"TEXT\">/execute at @e[type=armor_stand,name=placed_lantern] run playsound minecraft:block.portal.ambient ambient @a[distance=..100] ~ ~ ~ 2 0 0.025</field></block></value><value name=\"x\"><block type=\"coord_x\"/></value><value name=\"y\"><block type=\"coord_y\"/></value><value name=\"z\"><block type=\"coord_z\"/></value><next><block type=\"wait\"><value name=\"ticks\"><block type=\"math_number\"><field name=\"NUM\">150</field></block></value><statement name=\"do\"><block type=\"execute_command\"><value name=\"command\"><block type=\"text\"><field name=\"TEXT\">playsound minecraft:block.beacon.power_select ambient @a[distance=..100] ~ ~ ~ 2 0 0.025</field></block></value><value name=\"x\"><block type=\"math_dual_ops\"><field name=\"OP\">ADD</field><value name=\"A\"><block type=\"math_singular_ops\"><field name=\"OP\">ROUNDDOWN</field><value name=\"NUM\"><block type=\"coord_x\"/></value></block></value><value name=\"B\"><block type=\"math_number\"><field name=\"NUM\">0.5</field></block></value></block></value><value name=\"y\"><block type=\"math_dual_ops\"><field name=\"OP\">ADD</field><value name=\"A\"><block type=\"math_singular_ops\"><field name=\"OP\">ROUNDDOWN</field><value name=\"NUM\"><block type=\"coord_y\"/></value></block></value><value name=\"B\"><block type=\"math_number\"><field name=\"NUM\">1.5</field></block></value></block></value><value name=\"z\"><block type=\"math_dual_ops\"><field name=\"OP\">ADD</field><value name=\"A\"><block type=\"math_singular_ops\"><field name=\"OP\">ROUNDDOWN</field><value name=\"NUM\"><block type=\"coord_z\"/></value></block></value><value name=\"B\"><block type=\"math_number\"><field name=\"NUM\">0.5</field></block></value></block></value><next><block type=\"execute_command\"><value name=\"command\"><block type=\"text\"><field name=\"TEXT\">/execute at @e[type=armor_stand,name=placed_lantern] run playsound minecraft:block.beacon.power_select ambient @a[distance=..100] ~ ~ ~ 2 0 0.025</field></block></value><value name=\"x\"><block type=\"coord_x\"/></value><value name=\"y\"><block type=\"coord_y\"/></value><value name=\"z\"><block type=\"coord_z\"/></value><next><block type=\"execute_command\"><value name=\"command\"><block type=\"text\"><field name=\"TEXT\">particle minecraft:portal ~ ~1 ~ 0 0 0 2 100</field></block></value><value name=\"x\"><block type=\"math_dual_ops\"><field name=\"OP\">ADD</field><value name=\"A\"><block type=\"math_singular_ops\"><field name=\"OP\">ROUNDDOWN</field><value name=\"NUM\"><block type=\"coord_x\"/></value></block></value><value name=\"B\"><block type=\"math_number\"><field name=\"NUM\">0.5</field></block></value></block></value><value name=\"y\"><block type=\"math_dual_ops\"><field name=\"OP\">ADD</field><value name=\"A\"><block type=\"math_singular_ops\"><field name=\"OP\">ROUNDDOWN</field><value name=\"NUM\"><block type=\"coord_y\"/></value></block></value><value name=\"B\"><block type=\"math_number\"><field name=\"NUM\">1.5</field></block></value></block></value><value name=\"z\"><block type=\"math_dual_ops\"><field name=\"OP\">ADD</field><value name=\"A\"><block type=\"math_singular_ops\"><field name=\"OP\">ROUNDDOWN</field><value name=\"NUM\"><block type=\"coord_z\"/></value></block></value><value name=\"B\"><block type=\"math_number\"><field name=\"NUM\">0.5</field></block></value></block></value><next><block type=\"wait\"><value name=\"ticks\"><block type=\"math_number\"><field name=\"NUM\">50</field></block></value><statement name=\"do\"><block type=\"execute_command\"><value name=\"command\"><block type=\"text\"><field name=\"TEXT\">/execute as @e[type=armor_stand,name=placed_lantern] at @s if block ~ ~-0.5 ~ minecraft:iron_bars run summon armor_stand ~ ~-0.5 ~-1 {CustomName:'{\"text\":\"basicspell5portal\"}',NoGravity:1b,Invisible:1b,Marker:1b}</field></block></value><value name=\"x\"><block type=\"coord_x\"/></value><value name=\"y\"><block type=\"coord_y\"/></value><value name=\"z\"><block type=\"coord_z\"/></value><next><block type=\"execute_command\"><value name=\"command\"><block type=\"text_join\"><mutation items=\"7\"/><value name=\"ADD0\"><block type=\"text\"><field name=\"TEXT\">/execute if entity @e[type=armor_stand,name=basicspell5,distance=..1] at @e[type=armor_stand,name=placed_lantern] if block ~ ~-0.5 ~ minecraft:iron_bars run execute positioned </field></block></value><value name=\"ADD1\"><block type=\"coord_x\"/></value><value name=\"ADD2\"><block type=\"text\"><field name=\"TEXT\"> </field></block></value><value name=\"ADD3\"><block type=\"coord_y\"/></value><value name=\"ADD4\"><block type=\"text\"><field name=\"TEXT\"> </field></block></value><value name=\"ADD5\"><block type=\"coord_z\"/></value><value name=\"ADD6\"><block type=\"text\"><field name=\"TEXT\"> at @e[type=!armor_stand,distance=..3,limit=1] run execute at @e[type=armor_stand,name=placed_lantern] run particle minecraft:flash ~ ~ ~ 0 0 0 0 1 force</field></block></value></block></value><value name=\"x\"><block type=\"math_dual_ops\"><field name=\"OP\">ADD</field><value name=\"A\"><block type=\"math_singular_ops\"><field name=\"OP\">ROUNDDOWN</field><value name=\"NUM\"><block type=\"coord_x\"/></value></block></value><value name=\"B\"><block type=\"math_number\"><field name=\"NUM\">0.5</field></block></value></block></value><value name=\"y\"><block type=\"math_dual_ops\"><field name=\"OP\">ADD</field><value name=\"A\"><block type=\"math_singular_ops\"><field name=\"OP\">ROUNDDOWN</field><value name=\"NUM\"><block type=\"coord_y\"/></value></block></value><value name=\"B\"><block type=\"math_number\"><field name=\"NUM\">1.5</field></block></value></block></value><value name=\"z\"><block type=\"math_dual_ops\"><field name=\"OP\">ADD</field><value name=\"A\"><block type=\"math_singular_ops\"><field name=\"OP\">ROUNDDOWN</field><value name=\"NUM\"><block type=\"coord_z\"/></value></block></value><value name=\"B\"><block type=\"math_number\"><field name=\"NUM\">0.5</field></block></value></block></value><next><block type=\"execute_command\"><value name=\"command\"><block type=\"text_join\"><mutation items=\"7\"/><value name=\"ADD0\"><block type=\"text\"><field name=\"TEXT\">/execute if entity @e[type=armor_stand,name=basicspell5large,distance=..1] at @e[type=armor_stand,name=placed_lantern] if block ~ ~-0.5 ~ minecraft:iron_bars run execute positioned </field></block></value><value name=\"ADD1\"><block type=\"coord_x\"/></value><value name=\"ADD2\"><block type=\"text\"><field name=\"TEXT\"> </field></block></value><value name=\"ADD3\"><block type=\"coord_y\"/></value><value name=\"ADD4\"><block type=\"text\"><field name=\"TEXT\"> </field></block></value><value name=\"ADD5\"><block type=\"coord_z\"/></value><value name=\"ADD6\"><block type=\"text\"><field name=\"TEXT\"> at @e[type=!armor_stand,distance=..10,limit=1] run execute at @e[type=armor_stand,name=placed_lantern] run particle minecraft:flash ~ ~ ~ 0 0 0 0 1 force</field></block></value></block></value><value name=\"x\"><block type=\"math_dual_ops\"><field name=\"OP\">ADD</field><value name=\"A\"><block type=\"math_singular_ops\"><field name=\"OP\">ROUNDDOWN</field><value name=\"NUM\"><block type=\"coord_x\"/></value></block></value><value name=\"B\"><block type=\"math_number\"><field name=\"NUM\">0.5</field></block></value></block></value><value name=\"y\"><block type=\"math_dual_ops\"><field name=\"OP\">ADD</field><value name=\"A\"><block type=\"math_singular_ops\"><field name=\"OP\">ROUNDDOWN</field><value name=\"NUM\"><block type=\"coord_y\"/></value></block></value><value name=\"B\"><block type=\"math_number\"><field name=\"NUM\">1.5</field></block></value></block></value><value name=\"z\"><block type=\"math_dual_ops\"><field name=\"OP\">ADD</field><value name=\"A\"><block type=\"math_singular_ops\"><field name=\"OP\">ROUNDDOWN</field><value name=\"NUM\"><block type=\"coord_z\"/></value></block></value><value name=\"B\"><block type=\"math_number\"><field name=\"NUM\">0.5</field></block></value></block></value><next><block type=\"execute_command\"><value name=\"command\"><block type=\"text_join\"><mutation items=\"7\"/><value name=\"ADD0\"><block type=\"text\"><field name=\"TEXT\">/execute if entity @e[type=armor_stand,name=basicspell5,distance=..1] at @e[type=armor_stand,name=placed_lantern] if block ~ ~-0.5 ~ minecraft:iron_bars run execute positioned </field></block></value><value name=\"ADD1\"><block type=\"coord_x\"/></value><value name=\"ADD2\"><block type=\"text\"><field name=\"TEXT\"> </field></block></value><value name=\"ADD3\"><block type=\"coord_y\"/></value><value name=\"ADD4\"><block type=\"text\"><field name=\"TEXT\"> </field></block></value><value name=\"ADD5\"><block type=\"coord_z\"/></value><value name=\"ADD6\"><block type=\"text\"><field name=\"TEXT\"> at @e[type=!armor_stand,distance=..3] run playsound minecraft:entity.illusioner.cast_spell ambient @a[distance=..100] ~ ~ ~ 2 0.5 0.025</field></block></value></block></value><value name=\"x\"><block type=\"math_dual_ops\"><field name=\"OP\">ADD</field><value name=\"A\"><block type=\"math_singular_ops\"><field name=\"OP\">ROUNDDOWN</field><value name=\"NUM\"><block type=\"coord_x\"/></value></block></value><value name=\"B\"><block type=\"math_number\"><field name=\"NUM\">0.5</field></block></value></block></value><value name=\"y\"><block type=\"math_dual_ops\"><field name=\"OP\">ADD</field><value name=\"A\"><block type=\"math_singular_ops\"><field name=\"OP\">ROUNDDOWN</field><value name=\"NUM\"><block type=\"coord_y\"/></value></block></value><value name=\"B\"><block type=\"math_number\"><field name=\"NUM\">1.5</field></block></value></block></value><value name=\"z\"><block type=\"math_dual_ops\"><field name=\"OP\">ADD</field><value name=\"A\"><block type=\"math_singular_ops\"><field name=\"OP\">ROUNDDOWN</field><value name=\"NUM\"><block type=\"coord_z\"/></value></block></value><value name=\"B\"><block type=\"math_number\"><field name=\"NUM\">0.5</field></block></value></block></value><next><block type=\"execute_command\"><value name=\"command\"><block type=\"text_join\"><mutation items=\"7\"/><value name=\"ADD0\"><block type=\"text\"><field name=\"TEXT\">/execute if entity @e[type=armor_stand,name=basicspell5large,distance=..1] at @e[type=armor_stand,name=placed_lantern] if block ~ ~-0.5 ~ minecraft:iron_bars run execute positioned </field></block></value><value name=\"ADD1\"><block type=\"coord_x\"/></value><value name=\"ADD2\"><block type=\"text\"><field name=\"TEXT\"> </field></block></value><value name=\"ADD3\"><block type=\"coord_y\"/></value><value name=\"ADD4\"><block type=\"text\"><field name=\"TEXT\"> </field></block></value><value name=\"ADD5\"><block type=\"coord_z\"/></value><value name=\"ADD6\"><block type=\"text\"><field name=\"TEXT\"> at @e[type=!armor_stand,distance=..10] run playsound minecraft:entity.illusioner.cast_spell ambient @a[distance=..100] ~ ~ ~ 2 0.5 0.025</field></block></value></block></value><value name=\"x\"><block type=\"math_dual_ops\"><field name=\"OP\">ADD</field><value name=\"A\"><block type=\"math_singular_ops\"><field name=\"OP\">ROUNDDOWN</field><value name=\"NUM\"><block type=\"coord_x\"/></value></block></value><value name=\"B\"><block type=\"math_number\"><field name=\"NUM\">0.5</field></block></value></block></value><value name=\"y\"><block type=\"math_dual_ops\"><field name=\"OP\">ADD</field><value name=\"A\"><block type=\"math_singular_ops\"><field name=\"OP\">ROUNDDOWN</field><value name=\"NUM\"><block type=\"coord_y\"/></value></block></value><value name=\"B\"><block type=\"math_number\"><field name=\"NUM\">1.5</field></block></value></block></value><value name=\"z\"><block type=\"math_dual_ops\"><field name=\"OP\">ADD</field><value name=\"A\"><block type=\"math_singular_ops\"><field name=\"OP\">ROUNDDOWN</field><value name=\"NUM\"><block type=\"coord_z\"/></value></block></value><value name=\"B\"><block type=\"math_number\"><field name=\"NUM\">0.5</field></block></value></block></value><next><block type=\"execute_command\"><value name=\"command\"><block type=\"text_join\"><mutation items=\"7\"/><value name=\"ADD0\"><block type=\"text\"><field name=\"TEXT\">/execute if entity @e[type=armor_stand,name=basicspell5,distance=..1] at @e[type=armor_stand,name=placed_lantern] if block ~ ~-0.5 ~ minecraft:iron_bars run execute positioned </field></block></value><value name=\"ADD1\"><block type=\"coord_x\"/></value><value name=\"ADD2\"><block type=\"text\"><field name=\"TEXT\"> </field></block></value><value name=\"ADD3\"><block type=\"coord_y\"/></value><value name=\"ADD4\"><block type=\"text\"><field name=\"TEXT\"> </field></block></value><value name=\"ADD5\"><block type=\"coord_z\"/></value><value name=\"ADD6\"><block type=\"text\"><field name=\"TEXT\"> at @e[type=!armor_stand,distance=..3] run particle minecraft:flash ~ ~0.5 ~ 0 0 0 0 1 force</field></block></value></block></value><value name=\"x\"><block type=\"math_dual_ops\"><field name=\"OP\">ADD</field><value name=\"A\"><block type=\"math_singular_ops\"><field name=\"OP\">ROUNDDOWN</field><value name=\"NUM\"><block type=\"coord_x\"/></value></block></value><value name=\"B\"><block type=\"math_number\"><field name=\"NUM\">0.5</field></block></value></block></value><value name=\"y\"><block type=\"math_dual_ops\"><field name=\"OP\">ADD</field><value name=\"A\"><block type=\"math_singular_ops\"><field name=\"OP\">ROUNDDOWN</field><value name=\"NUM\"><block type=\"coord_y\"/></value></block></value><value name=\"B\"><block type=\"math_number\"><field name=\"NUM\">1.5</field></block></value></block></value><value name=\"z\"><block type=\"math_dual_ops\"><field name=\"OP\">ADD</field><value name=\"A\"><block type=\"math_singular_ops\"><field name=\"OP\">ROUNDDOWN</field><value name=\"NUM\"><block type=\"coord_z\"/></value></block></value><value name=\"B\"><block type=\"math_number\"><field name=\"NUM\">0.5</field></block></value></block></value><next><block type=\"execute_command\"><value name=\"command\"><block type=\"text_join\"><mutation items=\"7\"/><value name=\"ADD0\"><block type=\"text\"><field name=\"TEXT\">/execute if entity @e[type=armor_stand,name=basicspell5large,distance=..1] at @e[type=armor_stand,name=placed_lantern] if block ~ ~-0.5 ~ minecraft:iron_bars run execute positioned </field></block></value><value name=\"ADD1\"><block type=\"coord_x\"/></value><value name=\"ADD2\"><block type=\"text\"><field name=\"TEXT\"> </field></block></value><value name=\"ADD3\"><block type=\"coord_y\"/></value><value name=\"ADD4\"><block type=\"text\"><field name=\"TEXT\"> </field></block></value><value name=\"ADD5\"><block type=\"coord_z\"/></value><value name=\"ADD6\"><block type=\"text\"><field name=\"TEXT\"> at @e[type=!armor_stand,distance=..10] run particle minecraft:flash ~ ~0.5 ~ 0 0 0 0 1 force</field></block></value></block></value><value name=\"x\"><block type=\"math_dual_ops\"><field name=\"OP\">ADD</field><value name=\"A\"><block type=\"math_singular_ops\"><field name=\"OP\">ROUNDDOWN</field><value name=\"NUM\"><block type=\"coord_x\"/></value></block></value><value name=\"B\"><block type=\"math_number\"><field name=\"NUM\">0.5</field></block></value></block></value><value name=\"y\"><block type=\"math_dual_ops\"><field name=\"OP\">ADD</field><value name=\"A\"><block type=\"math_singular_ops\"><field name=\"OP\">ROUNDDOWN</field><value name=\"NUM\"><block type=\"coord_y\"/></value></block></value><value name=\"B\"><block type=\"math_number\"><field name=\"NUM\">1.5</field></block></value></block></value><value name=\"z\"><block type=\"math_dual_ops\"><field name=\"OP\">ADD</field><value name=\"A\"><block type=\"math_singular_ops\"><field name=\"OP\">ROUNDDOWN</field><value name=\"NUM\"><block type=\"coord_z\"/></value></block></value><value name=\"B\"><block type=\"math_number\"><field name=\"NUM\">0.5</field></block></value></block></value><next><block type=\"execute_command\"><value name=\"command\"><block type=\"text_join\"><mutation items=\"7\"/><value name=\"ADD0\"><block type=\"text\"><field name=\"TEXT\">/execute if entity @e[type=armor_stand,name=basicspell5,distance=..1] at @e[type=armor_stand,name=placed_lantern] if block ~ ~-0.5 ~ minecraft:iron_bars run execute positioned </field></block></value><value name=\"ADD1\"><block type=\"coord_x\"/></value><value name=\"ADD2\"><block type=\"text\"><field name=\"TEXT\"> </field></block></value><value name=\"ADD3\"><block type=\"coord_y\"/></value><value name=\"ADD4\"><block type=\"text\"><field name=\"TEXT\"> </field></block></value><value name=\"ADD5\"><block type=\"coord_z\"/></value><value name=\"ADD6\"><block type=\"text\"><field name=\"TEXT\"> at @e[type=!armor_stand,distance=..3] run particle minecraft:campfire_signal_smoke ~ ~0.5 ~ 0.5 0.5 0.5 0.005 20 force</field></block></value></block></value><value name=\"x\"><block type=\"math_dual_ops\"><field name=\"OP\">ADD</field><value name=\"A\"><block type=\"math_singular_ops\"><field name=\"OP\">ROUNDDOWN</field><value name=\"NUM\"><block type=\"coord_x\"/></value></block></value><value name=\"B\"><block type=\"math_number\"><field name=\"NUM\">0.5</field></block></value></block></value><value name=\"y\"><block type=\"math_dual_ops\"><field name=\"OP\">ADD</field><value name=\"A\"><block type=\"math_singular_ops\"><field name=\"OP\">ROUNDDOWN</field><value name=\"NUM\"><block type=\"coord_y\"/></value></block></value><value name=\"B\"><block type=\"math_number\"><field name=\"NUM\">1.5</field></block></value></block></value><value name=\"z\"><block type=\"math_dual_ops\"><field name=\"OP\">ADD</field><value name=\"A\"><block type=\"math_singular_ops\"><field name=\"OP\">ROUNDDOWN</field><value name=\"NUM\"><block type=\"coord_z\"/></value></block></value><value name=\"B\"><block type=\"math_number\"><field name=\"NUM\">0.5</field></block></value></block></value><next><block type=\"execute_command\"><value name=\"command\"><block type=\"text_join\"><mutation items=\"7\"/><value name=\"ADD0\"><block type=\"text\"><field name=\"TEXT\">/execute if entity @e[type=armor_stand,name=basicspell5large,distance=..1] at @e[type=armor_stand,name=placed_lantern] if block ~ ~-0.5 ~ minecraft:iron_bars run execute positioned </field></block></value><value name=\"ADD1\"><block type=\"coord_x\"/></value><value name=\"ADD2\"><block type=\"text\"><field name=\"TEXT\"> </field></block></value><value name=\"ADD3\"><block type=\"coord_y\"/></value><value name=\"ADD4\"><block type=\"text\"><field name=\"TEXT\"> </field></block></value><value name=\"ADD5\"><block type=\"coord_z\"/></value><value name=\"ADD6\"><block type=\"text\"><field name=\"TEXT\"> at @e[type=!armor_stand,distance=..10] run particle minecraft:campfire_signal_smoke ~ ~0.5 ~ 0.5 0.5 0.5 0.005 20 force</field></block></value></block></value><value name=\"x\"><block type=\"math_dual_ops\"><field name=\"OP\">ADD</field><value name=\"A\"><block type=\"math_singular_ops\"><field name=\"OP\">ROUNDDOWN</field><value name=\"NUM\"><block type=\"coord_x\"/></value></block></value><value name=\"B\"><block type=\"math_number\"><field name=\"NUM\">0.5</field></block></value></block></value><value name=\"y\"><block type=\"math_dual_ops\"><field name=\"OP\">ADD</field><value name=\"A\"><block type=\"math_singular_ops\"><field name=\"OP\">ROUNDDOWN</field><value name=\"NUM\"><block type=\"coord_y\"/></value></block></value><value name=\"B\"><block type=\"math_number\"><field name=\"NUM\">1.5</field></block></value></block></value><value name=\"z\"><block type=\"math_dual_ops\"><field name=\"OP\">ADD</field><value name=\"A\"><block type=\"math_singular_ops\"><field name=\"OP\">ROUNDDOWN</field><value name=\"NUM\"><block type=\"coord_z\"/></value></block></value><value name=\"B\"><block type=\"math_number\"><field name=\"NUM\">0.5</field></block></value></block></value><next><block type=\"execute_command\"><value name=\"command\"><block type=\"text_join\"><mutation items=\"7\"/><value name=\"ADD0\"><block type=\"text\"><field name=\"TEXT\">/execute if entity @e[type=armor_stand,name=basicspell5,distance=..1] at @e[type=armor_stand,name=placed_lantern] if block ~ ~-0.5 ~ minecraft:iron_bars run execute positioned </field></block></value><value name=\"ADD1\"><block type=\"coord_x\"/></value><value name=\"ADD2\"><block type=\"text\"><field name=\"TEXT\"> </field></block></value><value name=\"ADD3\"><block type=\"coord_y\"/></value><value name=\"ADD4\"><block type=\"text\"><field name=\"TEXT\"> </field></block></value><value name=\"ADD5\"><block type=\"coord_z\"/></value><value name=\"ADD6\"><block type=\"text\"><field name=\"TEXT\"> run tp @e[type=!armor_stand,name=!basicspell5,name=!placed_lantern,name=!basicspell5large,distance=..3] @e[type=armor_stand,name=basicspell5portal,limit=1]</field></block></value></block></value><value name=\"x\"><block type=\"math_dual_ops\"><field name=\"OP\">ADD</field><value name=\"A\"><block type=\"math_singular_ops\"><field name=\"OP\">ROUNDDOWN</field><value name=\"NUM\"><block type=\"coord_x\"/></value></block></value><value name=\"B\"><block type=\"math_number\"><field name=\"NUM\">0.5</field></block></value></block></value><value name=\"y\"><block type=\"math_dual_ops\"><field name=\"OP\">ADD</field><value name=\"A\"><block type=\"math_singular_ops\"><field name=\"OP\">ROUNDDOWN</field><value name=\"NUM\"><block type=\"coord_y\"/></value></block></value><value name=\"B\"><block type=\"math_number\"><field name=\"NUM\">1.5</field></block></value></block></value><value name=\"z\"><block type=\"math_dual_ops\"><field name=\"OP\">ADD</field><value name=\"A\"><block type=\"math_singular_ops\"><field name=\"OP\">ROUNDDOWN</field><value name=\"NUM\"><block type=\"coord_z\"/></value></block></value><value name=\"B\"><block type=\"math_number\"><field name=\"NUM\">0.5</field></block></value></block></value><next><block type=\"execute_command\"><value name=\"command\"><block type=\"text_join\"><mutation items=\"7\"/><value name=\"ADD0\"><block type=\"text\"><field name=\"TEXT\">/execute if entity @e[type=armor_stand,name=basicspell5large,distance=..1] at @e[type=armor_stand,name=placed_lantern] if block ~ ~-0.5 ~ minecraft:iron_bars run execute positioned </field></block></value><value name=\"ADD1\"><block type=\"coord_x\"/></value><value name=\"ADD2\"><block type=\"text\"><field name=\"TEXT\"> </field></block></value><value name=\"ADD3\"><block type=\"coord_y\"/></value><value name=\"ADD4\"><block type=\"text\"><field name=\"TEXT\"> </field></block></value><value name=\"ADD5\"><block type=\"coord_z\"/></value><value name=\"ADD6\"><block type=\"text\"><field name=\"TEXT\"> run tp @e[type=!armor_stand,name=!basicspell5,name=!placed_lantern,name=!basicspell5large,distance=..10] @e[type=armor_stand,name=basicspell5portal,limit=1]</field></block></value></block></value><value name=\"x\"><block type=\"math_dual_ops\"><field name=\"OP\">ADD</field><value name=\"A\"><block type=\"math_singular_ops\"><field name=\"OP\">ROUNDDOWN</field><value name=\"NUM\"><block type=\"coord_x\"/></value></block></value><value name=\"B\"><block type=\"math_number\"><field name=\"NUM\">0.5</field></block></value></block></value><value name=\"y\"><block type=\"math_dual_ops\"><field name=\"OP\">ADD</field><value name=\"A\"><block type=\"math_singular_ops\"><field name=\"OP\">ROUNDDOWN</field><value name=\"NUM\"><block type=\"coord_y\"/></value></block></value><value name=\"B\"><block type=\"math_number\"><field name=\"NUM\">1.5</field></block></value></block></value><value name=\"z\"><block type=\"math_dual_ops\"><field name=\"OP\">ADD</field><value name=\"A\"><block type=\"math_singular_ops\"><field name=\"OP\">ROUNDDOWN</field><value name=\"NUM\"><block type=\"coord_z\"/></value></block></value><value name=\"B\"><block type=\"math_number\"><field name=\"NUM\">0.5</field></block></value></block></value><next><block type=\"execute_command\"><value name=\"command\"><block type=\"text\"><field name=\"TEXT\">/execute at @e[type=armor_stand,name=placed_lantern] if block ~ ~-0.5 ~ minecraft:iron_bars run particle minecraft:witch ~ ~0.25 ~ 0 0 0 0.1 20</field></block></value><value name=\"x\"><block type=\"coord_x\"/></value><value name=\"y\"><block type=\"coord_y\"/></value><value name=\"z\"><block type=\"coord_z\"/></value><next><block type=\"execute_command\"><value name=\"command\"><block type=\"text\"><field name=\"TEXT\">/execute at @e[type=armor_stand,name=placed_lantern] if block ~ ~-0.5 ~ minecraft:iron_bars run playsound minecraft:block.bell.use ambient @a[distance=..100] ~ ~ ~ 2 0 0.025</field></block></value><value name=\"x\"><block type=\"coord_x\"/></value><value name=\"y\"><block type=\"coord_y\"/></value><value name=\"z\"><block type=\"coord_z\"/></value><next><block type=\"execute_command\"><value name=\"command\"><block type=\"text\"><field name=\"TEXT\">/execute at @e[type=armor_stand,name=placed_lantern] if block ~ ~-0.5 ~ minecraft:iron_bars run particle minecraft:reverse_portal ~ ~0.25 ~ 0 0 0 0.2 50</field></block></value><value name=\"x\"><block type=\"coord_x\"/></value><value name=\"y\"><block type=\"coord_y\"/></value><value name=\"z\"><block type=\"coord_z\"/></value><next><block type=\"execute_command\"><value name=\"command\"><block type=\"text\"><field name=\"TEXT\">kill @e[type=armor_stand,name=basicspell5large,distance=..1,limit=1]</field></block></value><value name=\"x\"><block type=\"math_dual_ops\"><field name=\"OP\">ADD</field><value name=\"A\"><block type=\"math_singular_ops\"><field name=\"OP\">ROUNDDOWN</field><value name=\"NUM\"><block type=\"coord_x\"/></value></block></value><value name=\"B\"><block type=\"math_number\"><field name=\"NUM\">0.5</field></block></value></block></value><value name=\"y\"><block type=\"math_dual_ops\"><field name=\"OP\">ADD</field><value name=\"A\"><block type=\"math_singular_ops\"><field name=\"OP\">ROUNDDOWN</field><value name=\"NUM\"><block type=\"coord_y\"/></value></block></value><value name=\"B\"><block type=\"math_number\"><field name=\"NUM\">1.5</field></block></value></block></value><value name=\"z\"><block type=\"math_dual_ops\"><field name=\"OP\">ADD</field><value name=\"A\"><block type=\"math_singular_ops\"><field name=\"OP\">ROUNDDOWN</field><value name=\"NUM\"><block type=\"coord_z\"/></value></block></value><value name=\"B\"><block type=\"math_number\"><field name=\"NUM\">0.5</field></block></value></block></value><next><block type=\"execute_command\"><value name=\"command\"><block type=\"text\"><field name=\"TEXT\">kill @e[type=armor_stand,name=basicspell5portal,limit=1]</field></block></value><value name=\"x\"><block type=\"math_dual_ops\"><field name=\"OP\">ADD</field><value name=\"A\"><block type=\"math_singular_ops\"><field name=\"OP\">ROUNDDOWN</field><value name=\"NUM\"><block type=\"coord_x\"/></value></block></value><value name=\"B\"><block type=\"math_number\"><field name=\"NUM\">0.5</field></block></value></block></value><value name=\"y\"><block type=\"math_dual_ops\"><field name=\"OP\">ADD</field><value name=\"A\"><block type=\"math_singular_ops\"><field name=\"OP\">ROUNDDOWN</field><value name=\"NUM\"><block type=\"coord_y\"/></value></block></value><value name=\"B\"><block type=\"math_number\"><field name=\"NUM\">1.5</field></block></value></block></value><value name=\"z\"><block type=\"math_dual_ops\"><field name=\"OP\">ADD</field><value name=\"A\"><block type=\"math_singular_ops\"><field name=\"OP\">ROUNDDOWN</field><value name=\"NUM\"><block type=\"coord_z\"/></value></block></value><value name=\"B\"><block type=\"math_number\"><field name=\"NUM\">0.5</field></block></value></block></value><next><block type=\"execute_command\"><value name=\"command\"><block type=\"text\"><field name=\"TEXT\">kill @e[type=armor_stand,name=basicspell5,distance=..1,limit=1]</field></block></value><value name=\"x\"><block type=\"math_dual_ops\"><field name=\"OP\">ADD</field><value name=\"A\"><block type=\"math_singular_ops\"><field name=\"OP\">ROUNDDOWN</field><value name=\"NUM\"><block type=\"coord_x\"/></value></block></value><value name=\"B\"><block type=\"math_number\"><field name=\"NUM\">0.5</field></block></value></block></value><value name=\"y\"><block type=\"math_dual_ops\"><field name=\"OP\">ADD</field><value name=\"A\"><block type=\"math_singular_ops\"><field name=\"OP\">ROUNDDOWN</field><value name=\"NUM\"><block type=\"coord_y\"/></value></block></value><value name=\"B\"><block type=\"math_number\"><field name=\"NUM\">1.5</field></block></value></block></value><value name=\"z\"><block type=\"math_dual_ops\"><field name=\"OP\">ADD</field><value name=\"A\"><block type=\"math_singular_ops\"><field name=\"OP\">ROUNDDOWN</field><value name=\"NUM\"><block type=\"coord_z\"/></value></block></value><value name=\"B\"><block type=\"math_number\"><field name=\"NUM\">0.5</field></block></value></block></value><next><block type=\"execute_command\"><value name=\"command\"><block type=\"text\"><field name=\"TEXT\">/fill ~ ~ ~ ~ ~ ~ air replace lantern_of_the_woodlands:wanderer_block</field></block></value><value name=\"x\"><block type=\"math_dual_ops\"><field name=\"OP\">ADD</field><value name=\"A\"><block type=\"math_singular_ops\"><field name=\"OP\">ROUNDDOWN</field><value name=\"NUM\"><block type=\"coord_x\"/></value></block></value><value name=\"B\"><block type=\"math_number\"><field name=\"NUM\">0.5</field></block></value></block></value><value name=\"y\"><block type=\"math_dual_ops\"><field name=\"OP\">ADD</field><value name=\"A\"><block type=\"math_singular_ops\"><field name=\"OP\">ROUNDDOWN</field><value name=\"NUM\"><block type=\"coord_y\"/></value></block></value><value name=\"B\"><block type=\"math_number\"><field name=\"NUM\">1.5</field></block></value></block></value><value name=\"z\"><block type=\"math_dual_ops\"><field name=\"OP\">ADD</field><value name=\"A\"><block type=\"math_singular_ops\"><field name=\"OP\">ROUNDDOWN</field><value name=\"NUM\"><block type=\"coord_z\"/></value></block></value><value name=\"B\"><block type=\"math_number\"><field name=\"NUM\">0.5</field></block></value></block></value></block></next></block></next></block></next></block></next></block></next></block></next></block></next></block></next></block></next></block></next></block></next></block></next></block></next></block></next></block></next></block></next></block></next></block></statement></block></next></block></next></block></next></block></statement></block></next></block></next></block></statement></block></statement></block></next></block></next></block></statement></block></next></block></xml>"
  }
}