{
  "_fv": 33,
  "_type": "procedure",
  "definition": {
    "procedurexml": "<?xml version=\"1.0\" encoding=\"UTF-8\" standalone=\"no\"?><xml xmlns=\"https://developers.google.com/blockly/xml\"><block deletable=\"false\" type=\"event_trigger\" x=\"-3\" y=\"147\"><field name=\"trigger\">no_ext_trigger</field><next><block type=\"controls_if\"><mutation else=\"1\"/><value name=\"IF0\"><block type=\"logic_binary_ops\"><field name=\"OP\">EQ</field><value name=\"A\"><block type=\"entity_issneaking\"><value name=\"entity\"><block type=\"entity_from_deps\"/></value></block></value><value name=\"B\"><block type=\"logic_boolean\"><field name=\"BOOL\">TRUE</field></block></value></block></value><statement name=\"DO0\"><block type=\"execute_command\"><value name=\"command\"><block type=\"text\"><field name=\"TEXT\">/execute if block ~ ~ ~ #minecraft:air_blocks run summon armor_stand ~ ~ ~ {Invisible:1b,Marker:1b,CustomName:'{\"text\":\"basicspell2light\"}',Small:1b}</field></block></value><value name=\"x\"><block type=\"math_dual_ops\"><field name=\"OP\">ADD</field><value name=\"A\"><block type=\"math_singular_ops\"><field name=\"OP\">ROUNDDOWN</field><value name=\"NUM\"><block type=\"coord_x\"/></value></block></value><value name=\"B\"><block type=\"math_number\"><field name=\"NUM\">0.5</field></block></value></block></value><value name=\"y\"><block type=\"math_dual_ops\"><field name=\"OP\">ADD</field><value name=\"A\"><block type=\"math_singular_ops\"><field name=\"OP\">ROUNDDOWN</field><value name=\"NUM\"><block type=\"coord_y\"/></value></block></value><value name=\"B\"><block type=\"math_number\"><field name=\"NUM\">3.5</field></block></value></block></value><value name=\"z\"><block type=\"math_dual_ops\"><field name=\"OP\">ADD</field><value name=\"A\"><block type=\"math_singular_ops\"><field name=\"OP\">ROUNDDOWN</field><value name=\"NUM\"><block type=\"coord_z\"/></value></block></value><value name=\"B\"><block type=\"math_number\"><field name=\"NUM\">0.5</field></block></value></block></value><next><block type=\"execute_command\"><value name=\"command\"><block type=\"text\"><field name=\"TEXT\">/execute at @e[type=armor_stand,name=basicspell2light] run setblock ~ ~ ~ lantern_of_the_woodlands:light keep</field></block></value><value name=\"x\"><block type=\"math_dual_ops\"><field name=\"OP\">ADD</field><value name=\"A\"><block type=\"math_singular_ops\"><field name=\"OP\">ROUNDDOWN</field><value name=\"NUM\"><block type=\"coord_x\"/></value></block></value><value name=\"B\"><block type=\"math_number\"><field name=\"NUM\">0.5</field></block></value></block></value><value name=\"y\"><block type=\"math_dual_ops\"><field name=\"OP\">ADD</field><value name=\"A\"><block type=\"math_singular_ops\"><field name=\"OP\">ROUNDDOWN</field><value name=\"NUM\"><block type=\"coord_y\"/></value></block></value><value name=\"B\"><block type=\"math_number\"><field name=\"NUM\">0.5</field></block></value></block></value><value name=\"z\"><block type=\"math_dual_ops\"><field name=\"OP\">ADD</field><value name=\"A\"><block type=\"math_singular_ops\"><field name=\"OP\">ROUNDDOWN</field><value name=\"NUM\"><block type=\"coord_z\"/></value></block></value><value name=\"B\"><block type=\"math_number\"><field name=\"NUM\">0.5</field></block></value></block></value><next><block type=\"execute_command\"><value name=\"command\"><block type=\"text\"><field name=\"TEXT\">particle firework ~ ~ ~ 0 0 0 0.02 5 force</field></block></value><value name=\"x\"><block type=\"math_dual_ops\"><field name=\"OP\">ADD</field><value name=\"A\"><block type=\"math_singular_ops\"><field name=\"OP\">ROUNDDOWN</field><value name=\"NUM\"><block type=\"coord_x\"/></value></block></value><value name=\"B\"><block type=\"math_number\"><field name=\"NUM\">0.5</field></block></value></block></value><value name=\"y\"><block type=\"math_dual_ops\"><field name=\"OP\">ADD</field><value name=\"A\"><block type=\"math_singular_ops\"><field name=\"OP\">ROUNDDOWN</field><value name=\"NUM\"><block type=\"coord_y\"/></value></block></value><value name=\"B\"><block type=\"math_number\"><field name=\"NUM\">3.5</field></block></value></block></value><value name=\"z\"><block type=\"math_dual_ops\"><field name=\"OP\">ADD</field><value name=\"A\"><block type=\"math_singular_ops\"><field name=\"OP\">ROUNDDOWN</field><value name=\"NUM\"><block type=\"coord_z\"/></value></block></value><value name=\"B\"><block type=\"math_number\"><field name=\"NUM\">0.5</field></block></value></block></value><next><block type=\"execute_command\"><value name=\"command\"><block type=\"text\"><field name=\"TEXT\">fill ~ ~ ~ ~ ~ ~ air replace lantern_of_the_woodlands:light</field></block></value><value name=\"x\"><block type=\"math_dual_ops\"><field name=\"OP\">ADD</field><value name=\"A\"><block type=\"math_singular_ops\"><field name=\"OP\">ROUNDDOWN</field><value name=\"NUM\"><block type=\"coord_x\"/></value></block></value><value name=\"B\"><block type=\"math_number\"><field name=\"NUM\">0.5</field></block></value></block></value><value name=\"y\"><block type=\"math_dual_ops\"><field name=\"OP\">ADD</field><value name=\"A\"><block type=\"math_singular_ops\"><field name=\"OP\">ROUNDDOWN</field><value name=\"NUM\"><block type=\"coord_y\"/></value></block></value><value name=\"B\"><block type=\"math_number\"><field name=\"NUM\">0.5</field></block></value></block></value><value name=\"z\"><block type=\"math_dual_ops\"><field name=\"OP\">ADD</field><value name=\"A\"><block type=\"math_singular_ops\"><field name=\"OP\">ROUNDDOWN</field><value name=\"NUM\"><block type=\"coord_z\"/></value></block></value><value name=\"B\"><block type=\"math_number\"><field name=\"NUM\">0.5</field></block></value></block></value></block></next></block></next></block></next></block></statement><statement name=\"ELSE\"><block type=\"execute_command\"><value name=\"command\"><block type=\"text\"><field name=\"TEXT\">summon armor_stand ~ ~ ~ {Invisible:1b,Marker:1b,CustomName:'{\"text\":\"basicspell2light\"}',Small:1b}</field></block></value><value name=\"x\"><block type=\"math_dual_ops\"><field name=\"OP\">ADD</field><value name=\"A\"><block type=\"math_singular_ops\"><field name=\"OP\">ROUNDDOWN</field><value name=\"NUM\"><block type=\"coord_x\"/></value></block></value><value name=\"B\"><block type=\"math_number\"><field name=\"NUM\">0.5</field></block></value></block></value><value name=\"y\"><block type=\"math_dual_ops\"><field name=\"OP\">ADD</field><value name=\"A\"><block type=\"math_singular_ops\"><field name=\"OP\">ROUNDDOWN</field><value name=\"NUM\"><block type=\"coord_y\"/></value></block></value><value name=\"B\"><block type=\"math_number\"><field name=\"NUM\">0.5</field></block></value></block></value><value name=\"z\"><block type=\"math_dual_ops\"><field name=\"OP\">ADD</field><value name=\"A\"><block type=\"math_singular_ops\"><field name=\"OP\">ROUNDDOWN</field><value name=\"NUM\"><block type=\"coord_z\"/></value></block></value><value name=\"B\"><block type=\"math_number\"><field name=\"NUM\">0.5</field></block></value></block></value><next><block type=\"execute_command\"><value name=\"command\"><block type=\"text\"><field name=\"TEXT\">particle firework ~ ~ ~ 0 0 0 0.02 5 force</field></block></value><value name=\"x\"><block type=\"math_dual_ops\"><field name=\"OP\">ADD</field><value name=\"A\"><block type=\"math_singular_ops\"><field name=\"OP\">ROUNDDOWN</field><value name=\"NUM\"><block type=\"coord_x\"/></value></block></value><value name=\"B\"><block type=\"math_number\"><field name=\"NUM\">0.5</field></block></value></block></value><value name=\"y\"><block type=\"math_dual_ops\"><field name=\"OP\">ADD</field><value name=\"A\"><block type=\"math_singular_ops\"><field name=\"OP\">ROUNDDOWN</field><value name=\"NUM\"><block type=\"coord_y\"/></value></block></value><value name=\"B\"><block type=\"math_number\"><field name=\"NUM\">0.5</field></block></value></block></value><value name=\"z\"><block type=\"math_dual_ops\"><field name=\"OP\">ADD</field><value name=\"A\"><block type=\"math_singular_ops\"><field name=\"OP\">ROUNDDOWN</field><value name=\"NUM\"><block type=\"coord_z\"/></value></block></value><value name=\"B\"><block type=\"math_number\"><field name=\"NUM\">0.5</field></block></value></block></value></block></next></block></statement></block></next></block></xml>"
  }
}