{
  "_fv": 33,
  "_type": "gui",
  "definition": {
    "type": 0,
    "width": 0,
    "height": 0,
    "inventoryOffsetX": 0,
    "inventoryOffsetY": 0,
    "renderBgLayer": true,
    "doesPauseGame": false,
    "components": [
      {
        "type": "image",
        "data": {
          "image": "tph_book.png",
          "use1Xscale": false,
          "name": "tph_book.png",
          "x": 134,
          "y": 8
        }
      },
      {
        "type": "button",
        "data": {
          "text": "Close",
          "onClick": {
            "name": "CloseGUI"
          },
          "width": 48,
          "height": 20,
          "name": "Close",
          "x": 374,
          "y": 192
        }
      },
      {
        "type": "button",
        "data": {
          "text": "15 mana",
          "onClick": {
            "name": "BasicSpell13get"
          },
          "width": 48,
          "height": 20,
          "name": "15 mana",
          "x": 318,
          "y": 24
        }
      },
      {
        "type": "label",
        "data": {
          "text": "Plant Hunter's Bag",
          "color": {
            "value": -10079488,
            "falpha": 0.0
          },
          "name": "Plant Hunter's Bag",
          "x": 174,
          "y": 28
        }
      },
      {
        "type": "label",
        "data": {
          "text": "Charge : [ <VAR:mana_charge> /20.0]",
          "color": {
            "value": -26317,
            "falpha": 0.0
          },
          "name": "Charge : [ <VAR:mana_charge> /20.0]",
          "x": 6,
          "y": 28
        }
      },
      {
        "type": "label",
        "data": {
          "text": "Mana : [ <VAR:mana> /15.0]",
          "color": {
            "value": -10027162,
            "falpha": 0.0
          },
          "name": "Mana : [ <VAR:mana> /15.0]",
          "x": 6,
          "y": 16
        }
      },
      {
        "type": "button",
        "data": {
          "text": "x",
          "onClick": {
            "name": "BasicSpell13cancel"
          },
          "width": 32,
          "height": 20,
          "name": "x",
          "x": 374,
          "y": 24
        }
      },
      {
        "type": "image",
        "data": {
          "image": "basicspell13.png",
          "use1Xscale": false,
          "name": "basicspell13.png",
          "x": 150,
          "y": 24
        }
      },
      {
        "type": "button",
        "data": {
          "text": "<",
          "onClick": {
            "name": "BasicSpellGUI2open"
          },
          "width": 8,
          "height": 20,
          "name": "<",
          "x": 134,
          "y": 92
        }
      }
    ],
    "gridSettings": {
      "sx": 16,
      "sy": 8,
      "ox": 11,
      "oy": 15,
      "snapOnGrid": true
    }
  }
}