{
  "_fv": 33,
  "_type": "procedure",
  "definition": {
    "procedurexml": "<?xml version=\"1.0\" encoding=\"UTF-8\" standalone=\"no\"?><xml xmlns=\"https://developers.google.com/blockly/xml\"><block deletable=\"false\" type=\"event_trigger\" x=\"40\" y=\"40\"><field name=\"trigger\">no_ext_trigger</field><next><block type=\"execute_command\"><value name=\"command\"><block type=\"text\"><field name=\"TEXT\">/summon armor_stand ~ ~ ~ {NoGravity:1b,Invisible:1b,Marker:1b,CustomName:'{\"text\":\"beehive\"}'}</field></block></value><value name=\"x\"><block type=\"math_dual_ops\"><field name=\"OP\">ADD</field><value name=\"A\"><block type=\"coord_x\"/></value><value name=\"B\"><block type=\"math_number\"><field name=\"NUM\">0.5</field></block></value></block></value><value name=\"y\"><block type=\"math_dual_ops\"><field name=\"OP\">ADD</field><value name=\"A\"><block type=\"coord_y\"/></value><value name=\"B\"><block type=\"math_number\"><field name=\"NUM\">0.5</field></block></value></block></value><value name=\"z\"><block type=\"math_dual_ops\"><field name=\"OP\">ADD</field><value name=\"A\"><block type=\"coord_z\"/></value><value name=\"B\"><block type=\"math_number\"><field name=\"NUM\">0.5</field></block></value></block></value><next><block type=\"execute_command\"><value name=\"command\"><block type=\"text\"><field name=\"TEXT\">/execute at @e[type=armor_stand,name=beehive,sort=nearest,limit=1] run particle minecraft:firework ~ ~ ~ 0 0 0 0.1 5 force</field></block></value><value name=\"x\"><block type=\"coord_x\"/></value><value name=\"y\"><block type=\"coord_y\"/></value><value name=\"z\"><block type=\"coord_z\"/></value><next><block type=\"execute_command\"><value name=\"command\"><block type=\"text\"><field name=\"TEXT\">/execute at @e[type=armor_stand,name=beehive,sort=nearest,limit=1] run playsound minecraft:entity.evoker.prepare_summon ambient @a ~ ~ ~ 1 2</field></block></value><value name=\"x\"><block type=\"coord_x\"/></value><value name=\"y\"><block type=\"coord_y\"/></value><value name=\"z\"><block type=\"coord_z\"/></value><next><block type=\"wait\"><value name=\"ticks\"><block type=\"math_number\"><field name=\"NUM\">200</field></block></value><statement name=\"do\"><block type=\"execute_command\"><value name=\"command\"><block type=\"text\"><field name=\"TEXT\">execute at @e[type=armor_stand,name=beehive,sort=nearest,limit=1] run playsound minecraft:entity.evoker.prepare_attack ambient @a ~ ~ ~ 1 2</field></block></value><value name=\"x\"><block type=\"coord_x\"/></value><value name=\"y\"><block type=\"coord_y\"/></value><value name=\"z\"><block type=\"coord_z\"/></value><next><block type=\"execute_command\"><value name=\"command\"><block type=\"text\"><field name=\"TEXT\">/execute at @e[type=armor_stand,name=beehive,limit=1,sort=nearest] run particle minecraft:firework ~ ~ ~ 0 0 0 0.1 5 force</field></block></value><value name=\"x\"><block type=\"coord_x\"/></value><value name=\"y\"><block type=\"coord_y\"/></value><value name=\"z\"><block type=\"coord_z\"/></value><next><block type=\"execute_command\"><value name=\"command\"><block type=\"text\"><field name=\"TEXT\"/></block></value><value name=\"x\"><block type=\"coord_x\"/></value><value name=\"y\"><block type=\"coord_y\"/></value><value name=\"z\"><block type=\"coord_z\"/></value><next><block type=\"execute_command\"><value name=\"command\"><block type=\"text\"><field name=\"TEXT\">execute at @e[type=armor_stand,name=beehive,sort=nearest,limit=1] run summon lantern_of_the_woodlands:blue_bee ~ ~ ~</field></block></value><value name=\"x\"><block type=\"coord_x\"/></value><value name=\"y\"><block type=\"coord_y\"/></value><value name=\"z\"><block type=\"coord_z\"/></value><next><block type=\"execute_command\"><value name=\"command\"><block type=\"text\"><field name=\"TEXT\">execute at @e[type=armor_stand,name=beehive,sort=nearest,limit=1] run summon lantern_of_the_woodlands:blue_bee ~ ~ ~</field></block></value><value name=\"x\"><block type=\"coord_x\"/></value><value name=\"y\"><block type=\"coord_y\"/></value><value name=\"z\"><block type=\"coord_z\"/></value><next><block type=\"execute_command\"><value name=\"command\"><block type=\"text\"><field name=\"TEXT\">execute at @e[type=armor_stand,name=beehive,sort=nearest,limit=1] run summon lantern_of_the_woodlands:blue_bee ~ ~ ~</field></block></value><value name=\"x\"><block type=\"coord_x\"/></value><value name=\"y\"><block type=\"coord_y\"/></value><value name=\"z\"><block type=\"coord_z\"/></value><next><block type=\"execute_command\"><value name=\"command\"><block type=\"text\"><field name=\"TEXT\">execute at @e[type=armor_stand,name=beehive,sort=nearest,limit=1] run summon lantern_of_the_woodlands:blue_bee ~ ~ ~</field></block></value><value name=\"x\"><block type=\"coord_x\"/></value><value name=\"y\"><block type=\"coord_y\"/></value><value name=\"z\"><block type=\"coord_z\"/></value><next><block type=\"execute_command\"><value name=\"command\"><block type=\"text\"><field name=\"TEXT\">execute at @e[type=armor_stand,name=beehive,sort=nearest,limit=1] run summon lantern_of_the_woodlands:blue_bee ~ ~ ~</field></block></value><value name=\"x\"><block type=\"coord_x\"/></value><value name=\"y\"><block type=\"coord_y\"/></value><value name=\"z\"><block type=\"coord_z\"/></value></block></next></block></next></block></next></block></next></block></next></block></next></block></next></block></statement></block></next></block></next></block></next></block></next></block></xml>"
  }
}