{
  "_fv": 33,
  "_type": "plant",
  "definition": {
    "renderType": 12,
    "texture": "flower_of_life4",
    "textureBottom": "",
    "customModelName": "Cross model",
    "itemTexture": "",
    "particleTexture": "flower_of_life4",
    "tintType": "No tint",
    "isItemTinted": false,
    "plantType": "normal",
    "staticPlantGenerationType": "Flower",
    "suspiciousStewEffect": "SPEED",
    "suspiciousStewDuration": 100,
    "growapableSpawnType": "Plains",
    "growapableMaxHeight": 3,
    "doublePlantGenerationType": "Flower",
    "customBoundingBox": true,
    "disableOffset": false,
    "boundingBoxes": [
      {
        "mx": 7.0,
        "my": 0.0,
        "mz": 7.0,
        "Mx": 9.0,
        "My": 2.0,
        "Mz": 9.0,
        "subtract": false
      }
    ],
    "name": "Flower of Life (Stage 4)",
    "specialInfo": [],
    "creativeTab": {
      "value": "CUSTOM:Tab"
    },
    "hardness": 0.0,
    "resistance": 0.0,
    "luminance": 9,
    "unbreakable": false,
    "isSolid": false,
    "isCustomSoundType": false,
    "soundOnStep": {
      "value": "PLANT"
    },
    "breakSound": {
      "value": ""
    },
    "stepSound": {
      "value": ""
    },
    "placeSound": {
      "value": ""
    },
    "hitSound": {
      "value": ""
    },
    "fallSound": {
      "value": ""
    },
    "useLootTableForDrops": false,
    "customDrop": {
      "value": ""
    },
    "dropAmount": 1,
    "forceTicking": false,
    "emissiveRendering": false,
    "hasTileEntity": false,
    "isReplaceable": false,
    "colorOnMap": "DEFAULT",
    "creativePickItem": {
      "value": ""
    },
    "offsetType": "XZ",
    "aiPathNodeType": "DEFAULT",
    "flammability": 100,
    "fireSpreadSpeed": 60,
    "jumpFactor": 1.0,
    "speedFactor": 1.0,
    "canBePlacedOn": [],
    "frequencyOnChunks": 5,
    "spawnWorldTypes": [],
    "restrictionBiomes": [],
    "patchSize": 64,
    "generateAtAnyHeight": false
  }
}