{
  "_fv": 33,
  "_type": "procedure",
  "definition": {
    "procedurexml": "<?xml version=\"1.0\" encoding=\"UTF-8\" standalone=\"no\"?><xml xmlns=\"https://developers.google.com/blockly/xml\"><block deletable=\"false\" type=\"event_trigger\" x=\"57\" y=\"73\"><field name=\"trigger\">no_ext_trigger</field><next><block type=\"execute_command\"><value name=\"command\"><block type=\"text\"><field name=\"TEXT\">summon armor_stand ~0.5 ~0.5 ~0.5 {NoGravity:1b,Marker:1b,Invisible:1b,CustomName:'{\"text\":\"lotw-illusion_block\"}',Tags:[\"extra\",\"lotw-illusion_block_stone\"]}</field></block></value><value name=\"x\"><block type=\"coord_x\"/></value><value name=\"y\"><block type=\"coord_y\"/></value><value name=\"z\"><block type=\"coord_z\"/></value></block></next></block></xml>"
  }
}