{
  "_fv": 33,
  "_type": "tool",
  "definition": {
    "renderType": 0,
    "texture": "illusion_block_remover",
    "customModelName": "Normal",
    "name": "Illusion Block Remover",
    "specialInfo": [],
    "creativeTab": {
      "value": "CUSTOM:Tab"
    },
    "toolType": "Pickaxe",
    "harvestLevel": 0,
    "efficiency": 0.0,
    "attackSpeed": 1.0,
    "enchantability": 0,
    "damageVsEntity": 0.0,
    "usageCount": 30,
    "blocksAffected": [],
    "hasGlow": false,
    "repairItems": [],
    "immuneToFire": false,
    "stayInGridWhenCrafting": false,
    "damageOnCrafting": false,
    "onRightClickedOnBlock": {
      "name": "IllusionBlockRemoverWhenClick"
    }
  }
}