{
  "_fv": 33,
  "_type": "procedure",
  "definition": {
    "procedurexml": "<?xml version=\"1.0\" encoding=\"UTF-8\" standalone=\"no\"?><xml xmlns=\"https://developers.google.com/blockly/xml\"><block deletable=\"false\" type=\"event_trigger\" x=\"-95\" y=\"45\"><field name=\"trigger\">no_ext_trigger</field><next><block type=\"controls_if\"><value name=\"IF0\"><block type=\"math_binary_ops\"><field name=\"OP\">LT</field><value name=\"A\"><block type=\"variables_get_number\"><mutation xmlns=\"http://www.w3.org/1999/xhtml\" has_entity=\"false\" is_player_var=\"false\"/><field name=\"VAR\">global:mana</field></block></value><value name=\"B\"><block type=\"math_number\"><field name=\"NUM\">15</field></block></value></block></value><statement name=\"DO0\"><block type=\"variables_set_number\"><mutation xmlns=\"http://www.w3.org/1999/xhtml\" has_entity=\"false\" is_player_var=\"false\"/><field name=\"VAR\">global:mana_charge</field><value name=\"VAL\"><block type=\"math_dual_ops\"><field name=\"OP\">ADD</field><value name=\"A\"><block type=\"variables_get_number\"><mutation xmlns=\"http://www.w3.org/1999/xhtml\" has_entity=\"false\" is_player_var=\"false\"/><field name=\"VAR\">global:mana_charge</field></block></value><value name=\"B\"><block type=\"math_number\"><field name=\"NUM\">1</field></block></value></block></value></block></statement><next><block type=\"controls_if\"><value name=\"IF0\"><block type=\"math_binary_ops\"><field name=\"OP\">GT</field><value name=\"A\"><block type=\"variables_get_number\"><mutation xmlns=\"http://www.w3.org/1999/xhtml\" has_entity=\"false\" is_player_var=\"false\"/><field name=\"VAR\">global:mana_charge</field></block></value><value name=\"B\"><block type=\"math_number\"><field name=\"NUM\">20</field></block></value></block></value><statement name=\"DO0\"><block type=\"variables_set_number\"><mutation xmlns=\"http://www.w3.org/1999/xhtml\" has_entity=\"false\" is_player_var=\"false\"/><field name=\"VAR\">global:mana</field><value name=\"VAL\"><block type=\"math_dual_ops\"><field name=\"OP\">ADD</field><value name=\"A\"><block type=\"variables_get_number\"><mutation xmlns=\"http://www.w3.org/1999/xhtml\" has_entity=\"false\" is_player_var=\"false\"/><field name=\"VAR\">global:mana</field></block></value><value name=\"B\"><block type=\"math_number\"><field name=\"NUM\">1</field></block></value></block></value><next><block type=\"variables_set_number\"><mutation xmlns=\"http://www.w3.org/1999/xhtml\" has_entity=\"false\" is_player_var=\"false\"/><field name=\"VAR\">global:mana_charge</field><value name=\"VAL\"><block type=\"math_number\"><field name=\"NUM\">0</field></block></value><next><block type=\"execute_command\"><value name=\"command\"><block type=\"text\"><field name=\"TEXT\">/execute at @p[tag=woodlands] run particle minecraft:firework ~ ~1 ~ 1 1 1 0 5 force</field></block></value><value name=\"x\"><block type=\"coord_x\"/></value><value name=\"y\"><block type=\"coord_y\"/></value><value name=\"z\"><block type=\"coord_z\"/></value><next><block type=\"execute_command\"><value name=\"command\"><block type=\"text\"><field name=\"TEXT\">/execute at @p[tag=woodlands] run playsound minecraft:entity.ender_eye.death player @a ~ ~ ~ 0.25 0</field></block></value><value name=\"x\"><block type=\"coord_x\"/></value><value name=\"y\"><block type=\"coord_y\"/></value><value name=\"z\"><block type=\"coord_z\"/></value></block></next></block></next></block></next></block></statement><next><block type=\"execute_command\"><value name=\"command\"><block type=\"text_join\"><mutation items=\"5\"/><value name=\"ADD0\"><block type=\"text\"><field name=\"TEXT\">/title @p[tag=woodlands] actionbar [{\"text\":\"Charge : [\",\"color\":\"gray\"},{\"text\":\"</field></block></value><value name=\"ADD1\"><block type=\"text_replace\"><value name=\"what\"><block type=\"text\"><field name=\"TEXT\">.0</field></block></value><value name=\"with\"><block type=\"text\"><field name=\"TEXT\"/></block></value><value name=\"text\"><block type=\"text_format_number\"><value name=\"number\"><block type=\"variables_get_number\"><mutation xmlns=\"http://www.w3.org/1999/xhtml\" has_entity=\"false\" is_player_var=\"false\"/><field name=\"VAR\">global:mana_charge</field></block></value><value name=\"format\"><block type=\"text\"><field name=\"TEXT\">##.#</field></block></value></block></value></block></value><value name=\"ADD2\"><block type=\"text\"><field name=\"TEXT\">\",\"color\":\"gold\"},{\"text\":\"/20] - Mana : [\",\"color\":\"gray\"},{\"text\":\"</field></block></value><value name=\"ADD3\"><block type=\"text_replace\"><value name=\"what\"><block type=\"text\"><field name=\"TEXT\">.0</field></block></value><value name=\"with\"><block type=\"text\"><field name=\"TEXT\"/></block></value><value name=\"text\"><block type=\"text_format_number\"><value name=\"number\"><block type=\"variables_get_number\"><mutation xmlns=\"http://www.w3.org/1999/xhtml\" has_entity=\"false\" is_player_var=\"false\"/><field name=\"VAR\">global:mana</field></block></value><value name=\"format\"><block type=\"text\"><field name=\"TEXT\">##.#</field></block></value></block></value></block></value><value name=\"ADD4\"><block type=\"text\"><field name=\"TEXT\">\",\"color\":\"green\"},{\"text\":\"/15]\",\"color\":\"gray\"}]</field></block></value></block></value><value name=\"x\"><block type=\"coord_x\"/></value><value name=\"y\"><block type=\"coord_y\"/></value><value name=\"z\"><block type=\"coord_z\"/></value><next><block type=\"execute_command\"><value name=\"command\"><block type=\"text\"><field name=\"TEXT\">execute at @p[tag=woodlands] run effect give @e[tag=wsupport,distance=..3] regeneration 1 2 true</field></block></value><value name=\"x\"><block type=\"coord_x\"/></value><value name=\"y\"><block type=\"coord_y\"/></value><value name=\"z\"><block type=\"coord_z\"/></value><next><block type=\"call_procedure\"><field name=\"procedure\">LanternLeftState</field></block></next></block></next></block></next></block></next></block></next></block></xml>"
  }
}