{
  "_fv": 33,
  "_type": "procedure",
  "definition": {
    "procedurexml": "<?xml version=\"1.0\" encoding=\"UTF-8\" standalone=\"no\"?><xml xmlns=\"https://developers.google.com/blockly/xml\"><block deletable=\"false\" type=\"event_trigger\" x=\"40\" y=\"40\"><field name=\"trigger\">no_ext_trigger</field><next><block type=\"execute_command\"><value name=\"command\"><block type=\"text_join\"><mutation items=\"3\"/><value name=\"ADD0\"><block type=\"text\"><field name=\"TEXT\">tellraw @p[tag=woodlands] [\"\",{\"text\":\"Removed \",\"color\":\"gold\"},{\"text\":\"\",\"color\":\"gray\",\"extra\":[{\"selector\":\"</field></block></value><value name=\"ADD1\"><block type=\"text\"><field name=\"TEXT\">@e[tag=!woodlands,tag=wsupport]</field></block></value><value name=\"ADD2\"><block type=\"text\"><field name=\"TEXT\">\"}]},{\"text\":\" from affiliate list\",\"color\":\"gold\"}]</field></block></value></block></value><value name=\"x\"><block type=\"coord_x\"/></value><value name=\"y\"><block type=\"coord_y\"/></value><value name=\"z\"><block type=\"coord_z\"/></value><next><block type=\"execute_command\"><value name=\"command\"><block type=\"text_join\"><mutation items=\"3\"/><value name=\"ADD0\"><block type=\"text\"><field name=\"TEXT\">/tag </field></block></value><value name=\"ADD1\"><block type=\"text\"><field name=\"TEXT\">@e[tag=!woodlands]</field></block></value><value name=\"ADD2\"><block type=\"text\"><field name=\"TEXT\"> remove wsupport</field></block></value></block></value><value name=\"x\"><block type=\"coord_x\"/></value><value name=\"y\"><block type=\"coord_y\"/></value><value name=\"z\"><block type=\"coord_z\"/></value><next><block type=\"gui_set_text_textfield\"><field name=\"textfield\">add_player_list</field><value name=\"text\"><block type=\"text\"><field name=\"TEXT\"/></block></value><next><block type=\"gui_set_text_textfield\"><field name=\"textfield\">add_player_list2</field><value name=\"text\"><block type=\"text\"><field name=\"TEXT\"/></block></value><next><block type=\"gui_set_text_textfield\"><field name=\"textfield\">add_player_list3</field><value name=\"text\"><block type=\"text\"><field name=\"TEXT\"/></block></value><next><block type=\"gui_set_text_textfield\"><field name=\"textfield\">add_player_list4</field><value name=\"text\"><block type=\"text\"><field name=\"TEXT\"/></block></value></block></next></block></next></block></next></block></next></block></next></block></next></block></xml>"
  }
}