{
  "_fv": 33,
  "_type": "tool",
  "definition": {
    "renderType": 0,
    "texture": "spell4_anchor",
    "customModelName": "Normal",
    "name": "Anchor of The Sea",
    "specialInfo": [
      "--------------------",
      "info",
      "> for use in dark autumn spell",
      "> pulling all entities in area to you while reload",
      "--------------------"
    ],
    "creativeTab": {
      "value": "CUSTOM:Tab"
    },
    "toolType": "Sword",
    "harvestLevel": 0,
    "efficiency": 0.0,
    "attackSpeed": 0.25,
    "enchantability": 0,
    "damageVsEntity": 25.0,
    "usageCount": 25,
    "blocksAffected": [],
    "hasGlow": false,
    "repairItems": [],
    "immuneToFire": false,
    "stayInGridWhenCrafting": false,
    "damageOnCrafting": false
  }
}