{
  "_fv": 33,
  "_type": "gui",
  "definition": {
    "type": 0,
    "width": 0,
    "height": 0,
    "inventoryOffsetX": 0,
    "inventoryOffsetY": 0,
    "renderBgLayer": false,
    "doesPauseGame": false,
    "components": [
      {
        "type": "image",
        "data": {
          "image": "tph_book.png",
          "use1Xscale": false,
          "name": "tph_book.png",
          "x": 134,
          "y": 8
        }
      },
      {
        "type": "label",
        "data": {
          "text": "Mana : [ <VAR:mana> /15.0]",
          "color": {
            "value": -6710887,
            "falpha": 0.0
          },
          "name": "Mana : [ <VAR:mana> /15.0]",
          "x": 230,
          "y": 196
        }
      },
      {
        "type": "image",
        "data": {
          "image": "spell3dome.png",
          "use1Xscale": false,
          "name": "spell3dome.png",
          "x": 130,
          "y": 28
        }
      },
      {
        "type": "image",
        "data": {
          "image": "spell3dome2.png",
          "use1Xscale": true,
          "name": "spell3dome2.png",
          "x": 302,
          "y": 24
        }
      },
      {
        "type": "button",
        "data": {
          "text": "Close",
          "onClick": {
            "name": "CloseGUI"
          },
          "width": 48,
          "height": 20,
          "name": "Close",
          "x": 374,
          "y": 192
        }
      },
      {
        "type": "button",
        "data": {
          "text": "Cancel Spell",
          "onClick": {
            "name": "Spell3cancel"
          },
          "width": 88,
          "height": 20,
          "name": "Cancel Spell",
          "x": 134,
          "y": 192
        }
      },
      {
        "type": "label",
        "data": {
          "text": "",
          "color": {
            "value": -6750208,
            "falpha": 0.0
          },
          "name": "",
          "x": 278,
          "y": 32
        }
      },
      {
        "type": "label",
        "data": {
          "text": "Under The Dome",
          "color": {
            "value": -16777216,
            "falpha": 0.0
          },
          "name": "Under The Dome",
          "x": 170,
          "y": 28
        }
      },
      {
        "type": "label",
        "data": {
          "text": "that can repair itself",
          "color": {
            "value": -10079488,
            "falpha": 0.0
          },
          "name": "that can repair itself",
          "x": 150,
          "y": 68
        }
      },
      {
        "type": "label",
        "data": {
          "text": "The spell of barrier,",
          "color": {
            "value": -10079488,
            "falpha": 0.0
          },
          "name": "The spell of barrier,",
          "x": 158,
          "y": 44
        }
      },
      {
        "type": "label",
        "data": {
          "text": "create a glass bubble",
          "color": {
            "value": -10079488,
            "falpha": 0.0
          },
          "name": "create a glass bubble",
          "x": 150,
          "y": 56
        }
      },
      {
        "type": "label",
        "data": {
          "text": "from explosive force",
          "color": {
            "value": -10079488,
            "falpha": 0.0
          },
          "name": "from explosive force",
          "x": 150,
          "y": 80
        }
      },
      {
        "type": "label",
        "data": {
          "text": "and any damages.",
          "color": {
            "value": -10079488,
            "falpha": 0.0
          },
          "name": "and any damages.",
          "x": 150,
          "y": 92
        }
      },
      {
        "type": "image",
        "data": {
          "image": "spell9.png",
          "use1Xscale": false,
          "name": "spell9.png",
          "x": 150,
          "y": 24
        }
      },
      {
        "type": "textfield",
        "data": {
          "placeholder": "",
          "width": 76,
          "height": 20,
          "name": "spell3_radius",
          "x": 286,
          "y": 84
        }
      },
      {
        "type": "label",
        "data": {
          "text": "Radius (even number)",
          "color": {
            "value": -13421773,
            "falpha": 0.0
          },
          "name": "Radius (even number)",
          "x": 294,
          "y": 72
        }
      },
      {
        "type": "button",
        "data": {
          "text": "15 mana",
          "onClick": {
            "name": "Spell3clickUPGRADE"
          },
          "displayCondition": {
            "name": "Spell3speedNot16"
          },
          "width": 48,
          "height": 20,
          "name": "15 mana",
          "x": 286,
          "y": 160
        }
      },
      {
        "type": "checkbox",
        "data": {
          "text": "Lantern Particle",
          "isCheckedProcedure": {
            "name": "Spell3GUIcheckParticle"
          },
          "name": "spell3_particle",
          "x": 6,
          "y": 80
        }
      },
      {
        "type": "label",
        "data": {
          "text": "<VAR:spell3_show_percent_status> - <VAR:spell3_show_percent>%",
          "color": {
            "value": -6750208,
            "falpha": 0.0
          },
          "displayCondition": {
            "name": "Spell3removeINSfalse"
          },
          "name": "<VAR:spell3_show_percent_status> - <VAR:spell3_show_percent>%",
          "x": 286,
          "y": 132
        }
      },
      {
        "type": "label",
        "data": {
          "text": "Time Left - <VAR:spell3_show_time>",
          "color": {
            "value": -16751002,
            "falpha": 0.0
          },
          "displayCondition": {
            "name": "Spell3removeINSfalse"
          },
          "name": "Time Left - <VAR:spell3_show_time>",
          "x": 286,
          "y": 144
        }
      },
      {
        "type": "label",
        "data": {
          "text": "x2 speed",
          "color": {
            "value": -13421773,
            "falpha": 0.0
          },
          "displayCondition": {
            "name": "Spell3speed1"
          },
          "name": "x2 speed",
          "x": 342,
          "y": 164
        }
      },
      {
        "type": "label",
        "data": {
          "text": "x4 speed",
          "color": {
            "value": -13421773,
            "falpha": 0.0
          },
          "displayCondition": {
            "name": "Spell3speed2"
          },
          "name": "x4 speed",
          "x": 342,
          "y": 164
        }
      },
      {
        "type": "label",
        "data": {
          "text": "x8 speed",
          "color": {
            "value": -13421773,
            "falpha": 0.0
          },
          "displayCondition": {
            "name": "Spell3speed4"
          },
          "name": "x8 speed",
          "x": 342,
          "y": 164
        }
      },
      {
        "type": "label",
        "data": {
          "text": "x16 speed",
          "color": {
            "value": -13421773,
            "falpha": 0.0
          },
          "displayCondition": {
            "name": "Spell3speed8"
          },
          "name": "x16 speed",
          "x": 342,
          "y": 164
        }
      },
      {
        "type": "button",
        "data": {
          "text": "Create",
          "onClick": {
            "name": "Spell3clickSTART"
          },
          "displayCondition": {
            "name": "Spell3genFALSE"
          },
          "width": 50,
          "height": 20,
          "name": "Create",
          "x": 286,
          "y": 108
        }
      },
      {
        "type": "button",
        "data": {
          "text": " ",
          "displayCondition": {
            "name": "Spell3genTRUE"
          },
          "width": 50,
          "height": 20,
          "name": " ",
          "x": 286,
          "y": 108
        }
      },
      {
        "type": "button",
        "data": {
          "text": "Remove",
          "onClick": {
            "name": "Spell3clickCANCEL"
          },
          "displayCondition": {
            "name": "Spell3genTRUE"
          },
          "width": 50,
          "height": 20,
          "name": "Remove",
          "x": 336,
          "y": 108
        }
      },
      {
        "type": "button",
        "data": {
          "text": "!",
          "onClick": {
            "name": "Spell3removeINS"
          },
          "displayCondition": {
            "name": "Spell3startTRUE"
          },
          "width": 8,
          "height": 20,
          "name": "!",
          "x": 394,
          "y": 108
        }
      },
      {
        "type": "button",
        "data": {
          "text": " ",
          "displayCondition": {
            "name": "Spell3genFALSE"
          },
          "width": 50,
          "height": 20,
          "name": " ",
          "x": 336,
          "y": 108
        }
      },
      {
        "type": "button",
        "data": {
          "text": "=",
          "onClick": {
            "name": "Spell3clickPAUSE"
          },
          "displayCondition": {
            "name": "Spell3startPauseFALSE"
          },
          "width": 8,
          "height": 20,
          "name": "=",
          "x": 390,
          "y": 84
        }
      },
      {
        "type": "button",
        "data": {
          "text": " ",
          "displayCondition": {
            "name": "Spell3startPauseTRUE"
          },
          "width": 8,
          "height": 20,
          "name": " ",
          "x": 390,
          "y": 84
        }
      },
      {
        "type": "button",
        "data": {
          "text": ">",
          "onClick": {
            "name": "Spell3clickPAUSEstop"
          },
          "displayCondition": {
            "name": "Spell3startPauseTRUE"
          },
          "width": 8,
          "height": 20,
          "name": ">",
          "x": 398,
          "y": 84
        }
      },
      {
        "type": "button",
        "data": {
          "text": " ",
          "displayCondition": {
            "name": "Spell3startPauseFALSE"
          },
          "width": 8,
          "height": 20,
          "name": " ",
          "x": 398,
          "y": 84
        }
      },
      {
        "type": "button",
        "data": {
          "text": "Use",
          "onClick": {
            "name": "Spell3clickUSE"
          },
          "displayCondition": {
            "name": "Spell3startFALSE"
          },
          "width": 24,
          "height": 20,
          "name": "Use",
          "x": 362,
          "y": 84
        }
      },
      {
        "type": "button",
        "data": {
          "text": " ",
          "displayCondition": {
            "name": "Spell3startTRUE"
          },
          "width": 24,
          "height": 20,
          "name": " ",
          "x": 362,
          "y": 84
        }
      },
      {
        "type": "button",
        "data": {
          "text": "!",
          "onClick": {
            "name": "Spell3CancelFULL"
          },
          "displayCondition": {
            "name": "Spell3genTRUE"
          },
          "width": 8,
          "height": 20,
          "name": "!",
          "x": 126,
          "y": 192
        }
      },
      {
        "type": "label",
        "data": {
          "text": "Instant Cancel Spell",
          "color": {
            "value": -39322,
            "falpha": 0.0
          },
          "displayCondition": {
            "name": "Spell3CancelFULLtext"
          },
          "name": "Instant Cancel Spell",
          "x": 10,
          "y": 188
        }
      },
      {
        "type": "label",
        "data": {
          "text": "click again to confirm",
          "color": {
            "value": -3355444,
            "falpha": 0.0
          },
          "displayCondition": {
            "name": "Spell3CancelFULLtext"
          },
          "name": "click again to confirm",
          "x": 6,
          "y": 200
        }
      },
      {
        "type": "label",
        "data": {
          "text": "Stop Creating/Removing",
          "color": {
            "value": -16751104,
            "falpha": 0.0
          },
          "displayCondition": {
            "name": "Spell3removeINStrue"
          },
          "name": "Stop Creating/Removing",
          "x": 286,
          "y": 132
        }
      },
      {
        "type": "label",
        "data": {
          "text": "click again to confirm",
          "color": {
            "value": -10066330,
            "falpha": 0.0
          },
          "displayCondition": {
            "name": "Spell3removeINStrue"
          },
          "name": "click again to confirm",
          "x": 290,
          "y": 144
        }
      },
      {
        "type": "checkbox",
        "data": {
          "text": "Walk Through",
          "isCheckedProcedure": {
            "name": "Spell3walkTRUE"
          },
          "name": "spell3_walk",
          "x": 6,
          "y": 56
        }
      },
      {
        "type": "checkbox",
        "data": {
          "text": "Invisible Dome",
          "isCheckedProcedure": {
            "name": "Spell3invisibleDomeTRUE"
          },
          "name": "spell3_invisible_dome",
          "x": 6,
          "y": 32
        }
      },
      {
        "type": "checkbox",
        "data": {
          "text": "No Dome",
          "isCheckedProcedure": {
            "name": "Spell3noDomeTRUE"
          },
          "name": "spell3_no_block",
          "x": 6,
          "y": 8
        }
      },
      {
        "type": "checkbox",
        "data": {
          "text": "Dome particle",
          "isCheckedProcedure": {
            "name": "Spell3domeParticleTRUE"
          },
          "name": "spell3_particle_dome",
          "x": 6,
          "y": 104
        }
      },
      {
        "type": "checkbox",
        "data": {
          "text": "Block Arrow",
          "isCheckedProcedure": {
            "name": "Spell3blockArrowTRUE"
          },
          "name": "spell3_block_arrow",
          "x": 6,
          "y": 128
        }
      },
      {
        "type": "checkbox",
        "data": {
          "text": "Block Damage",
          "isCheckedProcedure": {
            "name": "Spell3blockDamageTRUE"
          },
          "name": "spell3_block_damage",
          "x": 6,
          "y": 152
        }
      }
    ],
    "onOpen": {
      "name": "Spell3numberWhenOpenGUI"
    },
    "onTick": {
      "name": "Spell3GUItest"
    },
    "gridSettings": {
      "sx": 16,
      "sy": 16,
      "ox": 11,
      "oy": 15,
      "snapOnGrid": true
    }
  }
}