{
  "_fv": 33,
  "_type": "procedure",
  "definition": {
    "procedurexml": "<?xml version=\"1.0\" encoding=\"UTF-8\" standalone=\"no\"?><xml xmlns=\"https://developers.google.com/blockly/xml\"><block deletable=\"false\" type=\"event_trigger\" x=\"40\" y=\"40\"><field name=\"trigger\">no_ext_trigger</field><next><block type=\"variables_set_number\"><mutation xmlns=\"http://www.w3.org/1999/xhtml\" has_entity=\"false\" is_player_var=\"false\"/><field name=\"VAR\">global:spell5_degree_frequency_save</field><value name=\"VAL\"><block type=\"math_dual_ops\"><field name=\"OP\">ADD</field><value name=\"A\"><block type=\"variables_get_number\"><mutation xmlns=\"http://www.w3.org/1999/xhtml\" has_entity=\"false\" is_player_var=\"false\"/><field name=\"VAR\">global:spell5_degree_frequency_save</field></block></value><value name=\"B\"><block type=\"math_from_text\"><value name=\"NUMTEXT\"><block type=\"variables_get_string\"><mutation xmlns=\"http://www.w3.org/1999/xhtml\" has_entity=\"false\" is_player_var=\"false\"/><field name=\"VAR\">global:spell5_degree_frequency</field></block></value></block></value></block></value><next><block type=\"controls_if\"><mutation else=\"1\"/><value name=\"IF0\"><block type=\"logic_binary_ops\"><field name=\"OP\">EQ</field><value name=\"A\"><block type=\"variables_get_logic\"><mutation xmlns=\"http://www.w3.org/1999/xhtml\" has_entity=\"false\" is_player_var=\"false\"/><field name=\"VAR\">global:spell5_remove</field></block></value><value name=\"B\"><block type=\"logic_boolean\"><field name=\"BOOL\">FALSE</field></block></value></block></value><statement name=\"DO0\"><block type=\"controls_if\"><value name=\"IF0\"><block type=\"math_binary_ops\"><field name=\"OP\">GT</field><value name=\"A\"><block type=\"variables_get_number\"><mutation xmlns=\"http://www.w3.org/1999/xhtml\" has_entity=\"false\" is_player_var=\"false\"/><field name=\"VAR\">global:spell5_safe_zone_360</field></block></value><value name=\"B\"><block type=\"math_number\"><field name=\"NUM\">0</field></block></value></block></value><statement name=\"DO0\"><block type=\"controls_if\"><mutation else=\"1\"/><value name=\"IF0\"><block type=\"math_binary_ops\"><field name=\"OP\">LTE</field><value name=\"A\"><block type=\"math_java_constants\"><field name=\"CONSTANT\">RANDOM</field></block></value><value name=\"B\"><block type=\"math_dual_ops\"><field name=\"OP\">DIVIDE</field><value name=\"A\"><block type=\"math_from_text\"><value name=\"NUMTEXT\"><block type=\"variables_get_string\"><mutation xmlns=\"http://www.w3.org/1999/xhtml\" has_entity=\"false\" is_player_var=\"false\"/><field name=\"VAR\">global:spell5_room</field></block></value></block></value><value name=\"B\"><block type=\"math_number\"><field name=\"NUM\">100</field></block></value></block></value></block></value><statement name=\"DO0\"><block type=\"execute_command\"><value name=\"command\"><block type=\"text\"><field name=\"TEXT\">execute at @e[type=armor_stand,name=Mazer1,sort=random] run summon armor_stand ~ ~ ~ {Invisible:1b,Marker:1b,NoGravity:1b,CustomName:'{\"text\":\"Mazer1_wall\"}',Tags:[\"extra\",\"gen\"]}</field></block></value><value name=\"x\"><block type=\"coord_x\"/></value><value name=\"y\"><block type=\"coord_y\"/></value><value name=\"z\"><block type=\"coord_z\"/></value><next><block type=\"execute_command\"><value name=\"command\"><block type=\"text_join\"><mutation items=\"3\"/><value name=\"ADD0\"><block type=\"text\"><field name=\"TEXT\">execute at @e[type=armor_stand,name=Mazer1] run playsound minecraft:block.ender_chest.close ambient @a[distance=..100] ~ ~</field></block></value><value name=\"ADD1\"><block type=\"math_dual_ops\"><field name=\"OP\">DIVIDE</field><value name=\"A\"><block type=\"math_from_text\"><value name=\"NUMTEXT\"><block type=\"variables_get_string\"><mutation xmlns=\"http://www.w3.org/1999/xhtml\" has_entity=\"false\" is_player_var=\"false\"/><field name=\"VAR\">global:spell5_height</field></block></value></block></value><value name=\"B\"><block type=\"math_number\"><field name=\"NUM\">2</field></block></value></block></value><value name=\"ADD2\"><block type=\"text\"><field name=\"TEXT\"> ~ 2 0 0.025</field></block></value></block></value><value name=\"x\"><block type=\"coord_x\"/></value><value name=\"y\"><block type=\"coord_y\"/></value><value name=\"z\"><block type=\"coord_z\"/></value></block></next></block></statement><statement name=\"ELSE\"><block type=\"execute_command\"><value name=\"command\"><block type=\"text\"><field name=\"TEXT\">execute at @e[type=armor_stand,name=Mazer1,sort=random] run summon armor_stand ~ ~ ~ {Invisible:1b,Marker:1b,NoGravity:1b,CustomName:'{\"text\":\"Mazer1_wall\"}',Tags:[\"extra\",\"nogen\"]}</field></block></value><value name=\"x\"><block type=\"coord_x\"/></value><value name=\"y\"><block type=\"coord_y\"/></value><value name=\"z\"><block type=\"coord_z\"/></value><next><block type=\"execute_command\"><value name=\"command\"><block type=\"text_join\"><mutation items=\"3\"/><value name=\"ADD0\"><block type=\"text\"><field name=\"TEXT\">execute at @e[type=armor_stand,name=Mazer1] run playsound minecraft:block.ender_chest.open ambient @a[distance=..100] ~ ~</field></block></value><value name=\"ADD1\"><block type=\"math_dual_ops\"><field name=\"OP\">DIVIDE</field><value name=\"A\"><block type=\"math_from_text\"><value name=\"NUMTEXT\"><block type=\"variables_get_string\"><mutation xmlns=\"http://www.w3.org/1999/xhtml\" has_entity=\"false\" is_player_var=\"false\"/><field name=\"VAR\">global:spell5_height</field></block></value></block></value><value name=\"B\"><block type=\"math_number\"><field name=\"NUM\">2</field></block></value></block></value><value name=\"ADD2\"><block type=\"text\"><field name=\"TEXT\"> ~ 2 0 0.025</field></block></value></block></value><value name=\"x\"><block type=\"coord_x\"/></value><value name=\"y\"><block type=\"coord_y\"/></value><value name=\"z\"><block type=\"coord_z\"/></value></block></next></block></statement></block></statement><next><block type=\"controls_if\"><mutation else=\"1\"/><value name=\"IF0\"><block type=\"math_binary_ops\"><field name=\"OP\">LTE</field><value name=\"A\"><block type=\"math_java_constants\"><field name=\"CONSTANT\">RANDOM</field></block></value><value name=\"B\"><block type=\"math_dual_ops\"><field name=\"OP\">DIVIDE</field><value name=\"A\"><block type=\"math_from_text\"><value name=\"NUMTEXT\"><block type=\"variables_get_string\"><mutation xmlns=\"http://www.w3.org/1999/xhtml\" has_entity=\"false\" is_player_var=\"false\"/><field name=\"VAR\">global:spell5_no_wall</field></block></value></block></value><value name=\"B\"><block type=\"math_number\"><field name=\"NUM\">100</field></block></value></block></value></block></value><statement name=\"DO0\"><block type=\"controls_if\"><value name=\"IF0\"><block type=\"logic_binary_ops\"><field name=\"OP\">EQ</field><value name=\"A\"><block type=\"variables_get_logic\"><mutation xmlns=\"http://www.w3.org/1999/xhtml\" has_entity=\"false\" is_player_var=\"false\"/><field name=\"VAR\">global:spell5_gen</field></block></value><value name=\"B\"><block type=\"logic_boolean\"><field name=\"BOOL\">TRUE</field></block></value></block></value><statement name=\"DO0\"><block type=\"execute_command\"><value name=\"command\"><block type=\"text_join\"><mutation items=\"3\"/><value name=\"ADD0\"><block type=\"text\"><field name=\"TEXT\">execute at @e[type=armor_stand,name=Mazer1] run playsound minecraft:block.ender_chest.open ambient @a[distance=..100] ~ ~</field></block></value><value name=\"ADD1\"><block type=\"math_dual_ops\"><field name=\"OP\">DIVIDE</field><value name=\"A\"><block type=\"math_from_text\"><value name=\"NUMTEXT\"><block type=\"variables_get_string\"><mutation xmlns=\"http://www.w3.org/1999/xhtml\" has_entity=\"false\" is_player_var=\"false\"/><field name=\"VAR\">global:spell5_height</field></block></value></block></value><value name=\"B\"><block type=\"math_number\"><field name=\"NUM\">2</field></block></value></block></value><value name=\"ADD2\"><block type=\"text\"><field name=\"TEXT\"> ~ 2 0 0.025</field></block></value></block></value><value name=\"x\"><block type=\"coord_x\"/></value><value name=\"y\"><block type=\"coord_y\"/></value><value name=\"z\"><block type=\"coord_z\"/></value></block></statement><next><block type=\"variables_set_logic\"><mutation xmlns=\"http://www.w3.org/1999/xhtml\" has_entity=\"false\" is_player_var=\"false\"/><field name=\"VAR\">global:spell5_gen</field><value name=\"VAL\"><block type=\"logic_boolean\"><field name=\"BOOL\">FALSE</field></block></value></block></next></block></statement><statement name=\"ELSE\"><block type=\"controls_if\"><value name=\"IF0\"><block type=\"logic_binary_ops\"><field name=\"OP\">EQ</field><value name=\"A\"><block type=\"variables_get_logic\"><mutation xmlns=\"http://www.w3.org/1999/xhtml\" has_entity=\"false\" is_player_var=\"false\"/><field name=\"VAR\">global:spell5_gen</field></block></value><value name=\"B\"><block type=\"logic_boolean\"><field name=\"BOOL\">TRUE</field></block></value></block></value><statement name=\"DO0\"><block type=\"execute_command\"><value name=\"command\"><block type=\"text_join\"><mutation items=\"3\"/><value name=\"ADD0\"><block type=\"text\"><field name=\"TEXT\">execute at @e[type=armor_stand,name=Mazer1] run playsound minecraft:block.ender_chest.close ambient @a[distance=..100] ~ ~</field></block></value><value name=\"ADD1\"><block type=\"math_dual_ops\"><field name=\"OP\">DIVIDE</field><value name=\"A\"><block type=\"math_from_text\"><value name=\"NUMTEXT\"><block type=\"variables_get_string\"><mutation xmlns=\"http://www.w3.org/1999/xhtml\" has_entity=\"false\" is_player_var=\"false\"/><field name=\"VAR\">global:spell5_height</field></block></value></block></value><value name=\"B\"><block type=\"math_number\"><field name=\"NUM\">2</field></block></value></block></value><value name=\"ADD2\"><block type=\"text\"><field name=\"TEXT\"> ~ 2 00.025</field></block></value></block></value><value name=\"x\"><block type=\"coord_x\"/></value><value name=\"y\"><block type=\"coord_y\"/></value><value name=\"z\"><block type=\"coord_z\"/></value></block></statement><next><block type=\"variables_set_logic\"><mutation xmlns=\"http://www.w3.org/1999/xhtml\" has_entity=\"false\" is_player_var=\"false\"/><field name=\"VAR\">global:spell5_gen</field><value name=\"VAL\"><block type=\"logic_boolean\"><field name=\"BOOL\">TRUE</field></block></value></block></next></block></statement></block></next></block></statement><statement name=\"ELSE\"><block type=\"execute_command\"><value name=\"command\"><block type=\"text\"><field name=\"TEXT\">execute at @e[type=armor_stand,name=Mazer1,sort=random] run summon armor_stand ~ ~ ~ {Invisible:1b,Marker:1b,NoGravity:1b,CustomName:'{\"text\":\"Mazer1_wall\"}',Tags:[\"extra\",\"nogen\"]}</field></block></value><value name=\"x\"><block type=\"coord_x\"/></value><value name=\"y\"><block type=\"coord_y\"/></value><value name=\"z\"><block type=\"coord_z\"/></value><next><block type=\"execute_command\"><value name=\"command\"><block type=\"text_join\"><mutation items=\"3\"/><value name=\"ADD0\"><block type=\"text\"><field name=\"TEXT\">execute at @e[type=armor_stand,name=Mazer1] run playsound minecraft:block.ender_chest.open ambient @a[distance=..100] ~ ~</field></block></value><value name=\"ADD1\"><block type=\"math_dual_ops\"><field name=\"OP\">DIVIDE</field><value name=\"A\"><block type=\"math_from_text\"><value name=\"NUMTEXT\"><block type=\"variables_get_string\"><mutation xmlns=\"http://www.w3.org/1999/xhtml\" has_entity=\"false\" is_player_var=\"false\"/><field name=\"VAR\">global:spell5_height</field></block></value></block></value><value name=\"B\"><block type=\"math_number\"><field name=\"NUM\">2</field></block></value></block></value><value name=\"ADD2\"><block type=\"text\"><field name=\"TEXT\"> ~ 2 0 0.025</field></block></value></block></value><value name=\"x\"><block type=\"coord_x\"/></value><value name=\"y\"><block type=\"coord_y\"/></value><value name=\"z\"><block type=\"coord_z\"/></value><next><block type=\"execute_command\"><value name=\"command\"><block type=\"text_join\"><mutation items=\"2\"/><value name=\"ADD0\"><block type=\"text\"><field name=\"TEXT\">execute at @e[type=armor_stand,name=Mazer1] run scoreboard players set @e[type=armor_stand,name=Mazer1_wall,distance=..1,limit=1] lotw-maze </field></block></value><value name=\"ADD1\"><block type=\"math_singular_ops\"><field name=\"OP\">ROUNDUP</field><value name=\"NUM\"><block type=\"math_dual_ops\"><field name=\"OP\">DIVIDE</field><value name=\"A\"><block type=\"math_dual_ops\"><field name=\"OP\">MINUS</field><value name=\"A\"><block type=\"math_from_text\"><value name=\"NUMTEXT\"><block type=\"variables_get_string\"><mutation xmlns=\"http://www.w3.org/1999/xhtml\" has_entity=\"false\" is_player_var=\"false\"/><field name=\"VAR\">global:spell5_radius</field></block></value></block></value><value name=\"B\"><block type=\"math_from_text\"><value name=\"NUMTEXT\"><block type=\"variables_get_string\"><mutation xmlns=\"http://www.w3.org/1999/xhtml\" has_entity=\"false\" is_player_var=\"false\"/><field name=\"VAR\">global:spell5_safe_zone</field></block></value></block></value></block></value><value name=\"B\"><block type=\"math_from_text\"><value name=\"NUMTEXT\"><block type=\"variables_get_string\"><mutation xmlns=\"http://www.w3.org/1999/xhtml\" has_entity=\"false\" is_player_var=\"false\"/><field name=\"VAR\">global:spell5_circle_frequency</field></block></value></block></value></block></value></block></value></block></value><value name=\"x\"><block type=\"coord_x\"/></value><value name=\"y\"><block type=\"coord_y\"/></value><value name=\"z\"><block type=\"coord_z\"/></value></block></next></block></next></block></statement></block></next></block></next></block></xml>"
  }
}