{
  "_fv": 33,
  "_type": "gui",
  "definition": {
    "type": 1,
    "width": 176,
    "height": 166,
    "inventoryOffsetX": 0,
    "inventoryOffsetY": 0,
    "renderBgLayer": true,
    "doesPauseGame": false,
    "components": [
      {
        "type": "label",
        "data": {
          "text": "Mana : [ <VAR:mana> /15.0]",
          "color": {
            "value": -6710887,
            "falpha": 0.0
          },
          "name": "Mana : [ <VAR:mana> /15.0]",
          "x": 164,
          "y": 206
        }
      },
      {
        "type": "button",
        "data": {
          "text": "Close",
          "onClick": {
            "name": "CloseGUI"
          },
          "width": 48,
          "height": 20,
          "name": "Close",
          "x": 366,
          "y": 215
        }
      },
      {
        "type": "button",
        "data": {
          "text": "Cancel Spell",
          "onClick": {
            "name": "Spell4cancel"
          },
          "width": 88,
          "height": 20,
          "name": "Cancel Spell",
          "x": 6,
          "y": 215
        }
      },
      {
        "type": "label",
        "data": {
          "text": "",
          "color": {
            "value": -6750208,
            "falpha": 0.0
          },
          "name": "",
          "x": 278,
          "y": 32
        }
      },
      {
        "type": "label",
        "data": {
          "text": "Autumn of Loss",
          "color": {
            "value": -16777216,
            "falpha": 0.0
          },
          "name": "Autumn of Loss",
          "x": 153,
          "y": 47
        }
      },
      {
        "type": "image",
        "data": {
          "image": "spell1.png",
          "use1Xscale": false,
          "name": "spell1.png",
          "x": 132,
          "y": 44
        }
      },
      {
        "type": "inputslot",
        "data": {
          "inputLimit": {
            "value": ""
          },
          "color": {
            "value": -103,
            "falpha": 0.0
          },
          "id": 1,
          "disableStackInteraction": false,
          "dropItemsWhenNotBound": true,
          "onSlotChanged": {
            "name": "Spell4GUItest"
          },
          "name": "Slot #1",
          "x": 141,
          "y": 98
        }
      },
      {
        "type": "inputslot",
        "data": {
          "inputLimit": {
            "value": ""
          },
          "color": {
            "value": -103,
            "falpha": 0.0
          },
          "id": 2,
          "disableStackInteraction": false,
          "dropItemsWhenNotBound": true,
          "onSlotChanged": {
            "name": "Spell4GUItest2"
          },
          "name": "Slot #2",
          "x": 159,
          "y": 98
        }
      },
      {
        "type": "inputslot",
        "data": {
          "inputLimit": {
            "value": ""
          },
          "color": {
            "value": -103,
            "falpha": 0.0
          },
          "id": 3,
          "disableStackInteraction": false,
          "dropItemsWhenNotBound": true,
          "onSlotChanged": {
            "name": "Spell4GUItest3"
          },
          "name": "Slot #3",
          "x": 177,
          "y": 98
        }
      },
      {
        "type": "inputslot",
        "data": {
          "inputLimit": {
            "value": ""
          },
          "color": {
            "value": -103,
            "falpha": 0.0
          },
          "id": 4,
          "disableStackInteraction": false,
          "dropItemsWhenNotBound": true,
          "onSlotChanged": {
            "name": "Spell4GUItest4"
          },
          "name": "Slot #4",
          "x": 195,
          "y": 98
        }
      },
      {
        "type": "inputslot",
        "data": {
          "inputLimit": {
            "value": ""
          },
          "color": {
            "value": -103,
            "falpha": 0.0
          },
          "id": 5,
          "disableStackInteraction": false,
          "dropItemsWhenNotBound": true,
          "onSlotChanged": {
            "name": "Spell4GUItest5"
          },
          "name": "Slot #5",
          "x": 213,
          "y": 98
        }
      },
      {
        "type": "inputslot",
        "data": {
          "inputLimit": {
            "value": ""
          },
          "color": {
            "value": -103,
            "falpha": 0.0
          },
          "id": 6,
          "disableStackInteraction": false,
          "dropItemsWhenNotBound": true,
          "onSlotChanged": {
            "name": "Spell4GUItest6"
          },
          "name": "Slot #6",
          "x": 231,
          "y": 98
        }
      },
      {
        "type": "inputslot",
        "data": {
          "inputLimit": {
            "value": ""
          },
          "color": {
            "value": -103,
            "falpha": 0.0
          },
          "id": 7,
          "disableStackInteraction": false,
          "dropItemsWhenNotBound": true,
          "onSlotChanged": {
            "name": "Spell4GUItest7"
          },
          "name": "Slot #7",
          "x": 249,
          "y": 98
        }
      },
      {
        "type": "inputslot",
        "data": {
          "inputLimit": {
            "value": ""
          },
          "color": {
            "value": -103,
            "falpha": 0.0
          },
          "id": 8,
          "disableStackInteraction": false,
          "dropItemsWhenNotBound": true,
          "onSlotChanged": {
            "name": "Spell4GUItest8"
          },
          "name": "Slot #8",
          "x": 267,
          "y": 98
        }
      },
      {
        "type": "label",
        "data": {
          "text": "The spell of cursed weapons,",
          "color": {
            "value": -10079488,
            "falpha": 0.0
          },
          "name": "The spell of cursed weapons,",
          "x": 142,
          "y": 68
        }
      },
      {
        "type": "label",
        "data": {
          "text": "shoot tools with area effects",
          "color": {
            "value": -10079488,
            "falpha": 0.0
          },
          "name": "shoot tools with area effects",
          "x": 134,
          "y": 80
        }
      },
      {
        "type": "button",
        "data": {
          "text": "Reset",
          "onClick": {
            "name": "Spell4clickRESET"
          },
          "width": 36,
          "height": 20,
          "name": "Reset",
          "x": 303,
          "y": 40
        }
      },
      {
        "type": "label",
        "data": {
          "text": "please, insert/take item slowly",
          "color": {
            "value": -3394816,
            "falpha": 0.0
          },
          "name": "please, insert/take item slowly",
          "x": 135,
          "y": 21
        }
      },
      {
        "type": "label",
        "data": {
          "text": "(15 second)",
          "color": {
            "value": -6710887,
            "falpha": 0.0
          },
          "name": "(15 second)",
          "x": 344,
          "y": 44
        }
      },
      {
        "type": "label",
        "data": {
          "text": "do not close this page",
          "color": {
            "value": -6710887,
            "falpha": 0.0
          },
          "name": "do not close this page",
          "x": 303,
          "y": 62
        }
      },
      {
        "type": "label",
        "data": {
          "text": "while reset the spell",
          "color": {
            "value": -6710887,
            "falpha": 0.0
          },
          "name": "while reset the spell",
          "x": 303,
          "y": 76
        }
      },
      {
        "type": "label",
        "data": {
          "text": "Ctrl = swap weapon",
          "color": {
            "value": -10027162,
            "falpha": 0.0
          },
          "name": "Ctrl = swap weapon",
          "x": 6,
          "y": 176
        }
      },
      {
        "type": "label",
        "data": {
          "text": "Shift = shoot",
          "color": {
            "value": -10027162,
            "falpha": 0.0
          },
          "name": "Shift = shoot",
          "x": 6,
          "y": 188
        }
      },
      {
        "type": "label",
        "data": {
          "text": "Tab = reset",
          "color": {
            "value": -10027162,
            "falpha": 0.0
          },
          "name": "Tab = reset",
          "x": 6,
          "y": 200
        }
      },
      {
        "type": "label",
        "data": {
          "text": "Get autumn weapons",
          "color": {
            "value": -13261,
            "falpha": 0.0
          },
          "name": "Get autumn weapons",
          "x": 6,
          "y": 140
        }
      },
      {
        "type": "label",
        "data": {
          "text": "in basic spell page",
          "color": {
            "value": -13261,
            "falpha": 0.0
          },
          "name": "in basic spell page",
          "x": 6,
          "y": 152
        }
      },
      {
        "type": "checkbox",
        "data": {
          "text": "Around Lantern",
          "isCheckedProcedure": {
            "name": "Spell4aroundLanternTRUE"
          },
          "name": "spell4_weapon_around_lantern",
          "x": 6,
          "y": 40
        }
      }
    ],
    "onTick": {
      "name": "Spell4GUIcheckTEST"
    },
    "gridSettings": {
      "sx": 9,
      "sy": 9,
      "ox": 11,
      "oy": 15,
      "snapOnGrid": true
    }
  }
}