{
  "_fv": 33,
  "_type": "procedure",
  "definition": {
    "procedurexml": "<?xml version=\"1.0\" encoding=\"UTF-8\" standalone=\"no\"?><xml xmlns=\"https://developers.google.com/blockly/xml\"><block deletable=\"false\" type=\"event_trigger\" x=\"40\" y=\"40\"><field name=\"trigger\">no_ext_trigger</field><next><block type=\"controls_if\"><value name=\"IF0\"><block type=\"logic_binary_ops\"><field name=\"OP\">EQ</field><value name=\"A\"><block type=\"variables_get_logic\"><mutation xmlns=\"http://www.w3.org/1999/xhtml\" has_entity=\"false\" is_player_var=\"false\"/><field name=\"VAR\">global:spell4_start</field></block></value><value name=\"B\"><block type=\"logic_boolean\"><field name=\"BOOL\">FALSE</field></block></value></block></value><statement name=\"DO0\"><block type=\"variables_set_logic\"><mutation xmlns=\"http://www.w3.org/1999/xhtml\" has_entity=\"false\" is_player_var=\"false\"/><field name=\"VAR\">global:spell4_start</field><value name=\"VAL\"><block type=\"logic_boolean\"><field name=\"BOOL\">TRUE</field></block></value><next><block type=\"execute_command\"><value name=\"command\"><block type=\"text\"><field name=\"TEXT\">summon armor_stand ~ ~ ~ {NoGravity:1b,Invisible:1b,Marker:1b,CustomName:'{\"text\":\"spell4main\"}'}</field></block></value><value name=\"x\"><block type=\"coord_x\"/></value><value name=\"y\"><block type=\"coord_y\"/></value><value name=\"z\"><block type=\"coord_z\"/></value><next><block type=\"execute_command\"><value name=\"command\"><block type=\"text\"><field name=\"TEXT\">summon armor_stand ~ ~ ~ {NoGravity:1b,Invisible:1b,Marker:1b,CustomName:'{\"text\":\"spell4choose\"}'}</field></block></value><value name=\"x\"><block type=\"coord_x\"/></value><value name=\"y\"><block type=\"coord_y\"/></value><value name=\"z\"><block type=\"coord_z\"/></value><next><block type=\"execute_command\"><value name=\"command\"><block type=\"text\"><field name=\"TEXT\"/></block></value><value name=\"x\"><block type=\"coord_x\"/></value><value name=\"y\"><block type=\"coord_y\"/></value><value name=\"z\"><block type=\"coord_z\"/></value><next><block type=\"execute_command\"><value name=\"command\"><block type=\"text\"><field name=\"TEXT\">summon armor_stand ~ ~ ~ {NoGravity:1b,Invisible:1b,Marker:1b,CustomName:'{\"text\":\"spell4weapon\"}',Pose:{Head:[0f,0f,-45f]},Tags:[\"extra\",\"weapon1\"]}</field></block></value><value name=\"x\"><block type=\"coord_x\"/></value><value name=\"y\"><block type=\"coord_y\"/></value><value name=\"z\"><block type=\"coord_z\"/></value><next><block type=\"execute_command\"><value name=\"command\"><block type=\"text\"><field name=\"TEXT\">summon armor_stand ~ ~ ~ {NoGravity:1b,Invisible:1b,Marker:1b,CustomName:'{\"text\":\"spell4weapon\"}',Pose:{Head:[0f,0f,-45f]},Tags:[\"extra\",\"weapon2\"]}</field></block></value><value name=\"x\"><block type=\"coord_x\"/></value><value name=\"y\"><block type=\"coord_y\"/></value><value name=\"z\"><block type=\"coord_z\"/></value><next><block type=\"execute_command\"><value name=\"command\"><block type=\"text\"><field name=\"TEXT\">summon armor_stand ~ ~ ~ {NoGravity:1b,Invisible:1b,Marker:1b,CustomName:'{\"text\":\"spell4weapon\"}',Pose:{Head:[0f,0f,-45f]},Tags:[\"extra\",\"weapon3\"]}</field></block></value><value name=\"x\"><block type=\"coord_x\"/></value><value name=\"y\"><block type=\"coord_y\"/></value><value name=\"z\"><block type=\"coord_z\"/></value><next><block type=\"execute_command\"><value name=\"command\"><block type=\"text\"><field name=\"TEXT\">summon armor_stand ~ ~ ~ {NoGravity:1b,Invisible:1b,Marker:1b,CustomName:'{\"text\":\"spell4weapon\"}',Pose:{Head:[0f,0f,-45f]},Tags:[\"extra\",\"weapon4\"]}</field></block></value><value name=\"x\"><block type=\"coord_x\"/></value><value name=\"y\"><block type=\"coord_y\"/></value><value name=\"z\"><block type=\"coord_z\"/></value><next><block type=\"execute_command\"><value name=\"command\"><block type=\"text\"><field name=\"TEXT\">summon armor_stand ~ ~ ~ {NoGravity:1b,Invisible:1b,Marker:1b,CustomName:'{\"text\":\"spell4weapon\"}',Pose:{Head:[0f,0f,-45f]},Tags:[\"extra\",\"weapon5\"]}</field></block></value><value name=\"x\"><block type=\"coord_x\"/></value><value name=\"y\"><block type=\"coord_y\"/></value><value name=\"z\"><block type=\"coord_z\"/></value><next><block type=\"execute_command\"><value name=\"command\"><block type=\"text\"><field name=\"TEXT\">summon armor_stand ~ ~ ~ {NoGravity:1b,Invisible:1b,Marker:1b,CustomName:'{\"text\":\"spell4weapon\"}',Pose:{Head:[0f,0f,-45f]},Tags:[\"extra\",\"weapon6\"]}</field></block></value><value name=\"x\"><block type=\"coord_x\"/></value><value name=\"y\"><block type=\"coord_y\"/></value><value name=\"z\"><block type=\"coord_z\"/></value><next><block type=\"execute_command\"><value name=\"command\"><block type=\"text\"><field name=\"TEXT\">summon armor_stand ~ ~ ~ {NoGravity:1b,Invisible:1b,Marker:1b,CustomName:'{\"text\":\"spell4weapon\"}',Pose:{Head:[0f,0f,-45f]},Tags:[\"extra\",\"weapon7\"]}</field></block></value><value name=\"x\"><block type=\"coord_x\"/></value><value name=\"y\"><block type=\"coord_y\"/></value><value name=\"z\"><block type=\"coord_z\"/></value><next><block type=\"execute_command\"><value name=\"command\"><block type=\"text\"><field name=\"TEXT\">summon armor_stand ~ ~ ~ {NoGravity:1b,Invisible:1b,Marker:1b,CustomName:'{\"text\":\"spell4weapon\"}',Pose:{Head:[0f,0f,-45f]},Tags:[\"extra\",\"weapon8\"]}</field></block></value><value name=\"x\"><block type=\"coord_x\"/></value><value name=\"y\"><block type=\"coord_y\"/></value><value name=\"z\"><block type=\"coord_z\"/></value><next><block type=\"execute_command\"><value name=\"command\"><block type=\"text\"><field name=\"TEXT\">tag @e[type=armor_stand,name=spell4weapon] add wsupport</field></block></value><value name=\"x\"><block type=\"coord_x\"/></value><value name=\"y\"><block type=\"coord_y\"/></value><value name=\"z\"><block type=\"coord_z\"/></value><next><block type=\"execute_command\"><value name=\"command\"><block type=\"text\"><field name=\"TEXT\">tag @e[type=armor_stand,name=spell4shoot] add wsupport</field></block></value><value name=\"x\"><block type=\"coord_x\"/></value><value name=\"y\"><block type=\"coord_y\"/></value><value name=\"z\"><block type=\"coord_z\"/></value><next><block type=\"execute_command\"><value name=\"command\"><block type=\"text\"><field name=\"TEXT\">tag @e[type=armor_stand,name=spell4main] add wsupport</field></block></value><value name=\"x\"><block type=\"coord_x\"/></value><value name=\"y\"><block type=\"coord_y\"/></value><value name=\"z\"><block type=\"coord_z\"/></value><next><block type=\"execute_command\"><value name=\"command\"><block type=\"text\"><field name=\"TEXT\">tag @e[type=armor_stand,name=spell4choose] add wsupport</field></block></value><value name=\"x\"><block type=\"coord_x\"/></value><value name=\"y\"><block type=\"coord_y\"/></value><value name=\"z\"><block type=\"coord_z\"/></value><next><block type=\"call_procedure\"><field name=\"procedure\">Spell4reset</field><next><block type=\"call_procedure\"><field name=\"procedure\">Spell4repeatFast</field><next><block type=\"call_procedure\"><field name=\"procedure\">Spell4repeatSlow</field></block></next></block></next></block></next></block></next></block></next></block></next></block></next></block></next></block></next></block></next></block></next></block></next></block></next></block></next></block></next></block></next></block></next></block></next></block></statement><next><block type=\"wait\"><value name=\"ticks\"><block type=\"math_number\"><field name=\"NUM\">20</field></block></value><statement name=\"do\"><block type=\"variables_set_logic\"><mutation xmlns=\"http://www.w3.org/1999/xhtml\" has_entity=\"false\" is_player_var=\"false\"/><field name=\"VAR\">global:spell4_gui_test</field><value name=\"VAL\"><block type=\"logic_boolean\"><field name=\"BOOL\">TRUE</field></block></value><next><block type=\"execute_command\"><value name=\"command\"><block type=\"text\"><field name=\"TEXT\">/execute at @p[tag=woodlands] run playsound minecraft:block.note_block.hat ambient @a ~ ~ ~ 0.15 0</field></block></value><value name=\"x\"><block type=\"coord_x\"/></value><value name=\"y\"><block type=\"coord_y\"/></value><value name=\"z\"><block type=\"coord_z\"/></value></block></next></block></statement></block></next></block></next></block></xml>"
  }
}