{
  "_fv": 33,
  "_type": "procedure",
  "definition": {
    "procedurexml": "<?xml version=\"1.0\" encoding=\"UTF-8\" standalone=\"no\"?><xml xmlns=\"https://developers.google.com/blockly/xml\"><block deletable=\"false\" type=\"event_trigger\" x=\"11\" y=\"-37\"><field name=\"trigger\">no_ext_trigger</field><next><block type=\"variables_set_number\"><mutation xmlns=\"http://www.w3.org/1999/xhtml\" has_entity=\"false\" is_player_var=\"false\"/><field name=\"VAR\">global:spell5_trap_degree</field><value name=\"VAL\"><block type=\"math_dual_ops\"><field name=\"OP\">ADD</field><value name=\"A\"><block type=\"variables_get_number\"><mutation xmlns=\"http://www.w3.org/1999/xhtml\" has_entity=\"false\" is_player_var=\"false\"/><field name=\"VAR\">global:spell5_trap_degree</field></block></value><value name=\"B\"><block type=\"math_from_text\"><value name=\"NUMTEXT\"><block type=\"variables_get_string\"><mutation xmlns=\"http://www.w3.org/1999/xhtml\" has_entity=\"false\" is_player_var=\"false\"/><field name=\"VAR\">global:spell5_degree_frequency</field></block></value></block></value></block></value><next><block type=\"execute_command\"><value name=\"command\"><block type=\"text\"><field name=\"TEXT\">/execute at @e[type=armor_stand,name=Mazer1] run summon armor_stand ~ ~ ~ {Invisible:1b,CustomName:'{\"text\":\"MazerTrapSummon\"}'}</field></block></value><value name=\"x\"><block type=\"coord_x\"/></value><value name=\"y\"><block type=\"coord_y\"/></value><value name=\"z\"><block type=\"coord_z\"/></value><next><block type=\"execute_command\"><value name=\"command\"><block type=\"text\"><field name=\"TEXT\">/execute at @e[type=armor_stand,name=Mazer1] as @e[type=armor_stand,name=MazerTrapSummon,limit=1,sort=nearest] at @s run tp @s ~ ~ ~ facing entity @e[type=armor_stand,name=MazerMain,limit=1]</field></block></value><value name=\"x\"><block type=\"coord_x\"/></value><value name=\"y\"><block type=\"coord_y\"/></value><value name=\"z\"><block type=\"coord_z\"/></value><next><block type=\"execute_command\"><value name=\"command\"><block type=\"text_join\"><mutation items=\"3\"/><value name=\"ADD0\"><block type=\"text\"><field name=\"TEXT\">/execute at @e[type=armor_stand,name=Mazer1] as @e[type=armor_stand,name=MazerTrapSummon,limit=1,sort=nearest] at @s run tp @s ~ ~</field></block></value><value name=\"ADD1\"><block type=\"math_from_text\"><value name=\"NUMTEXT\"><block type=\"variables_get_string\"><mutation xmlns=\"http://www.w3.org/1999/xhtml\" has_entity=\"false\" is_player_var=\"false\"/><field name=\"VAR\">global:spell5_height</field></block></value></block></value><value name=\"ADD2\"><block type=\"text\"><field name=\"TEXT\"> ~ ~ 0</field></block></value></block></value><value name=\"x\"><block type=\"coord_x\"/></value><value name=\"y\"><block type=\"coord_y\"/></value><value name=\"z\"><block type=\"coord_z\"/></value><next><block type=\"execute_command\"><value name=\"command\"><block type=\"text_join\"><mutation items=\"4\"/><value name=\"ADD0\"><block type=\"text\"><field name=\"TEXT\">/execute at @e[type=armor_stand,name=Mazer1] positioned ~ ~</field></block></value><value name=\"ADD1\"><block type=\"math_from_text\"><value name=\"NUMTEXT\"><block type=\"variables_get_string\"><mutation xmlns=\"http://www.w3.org/1999/xhtml\" has_entity=\"false\" is_player_var=\"false\"/><field name=\"VAR\">global:spell5_height</field></block></value></block></value><value name=\"ADD2\"><block type=\"text\"><field name=\"TEXT\"> ~ as @e[type=armor_stand,name=MazerTrapSummon,limit=1,sort=nearest] at @s run tp @s ^ ^ ^</field></block></value><value name=\"ADD3\"><block type=\"math_dual_ops\"><field name=\"OP\">DIVIDE</field><value name=\"A\"><block type=\"math_dual_ops\"><field name=\"OP\">DIVIDE</field><value name=\"A\"><block type=\"math_dual_ops\"><field name=\"OP\">MINUS</field><value name=\"A\"><block type=\"math_from_text\"><value name=\"NUMTEXT\"><block type=\"variables_get_string\"><mutation xmlns=\"http://www.w3.org/1999/xhtml\" has_entity=\"false\" is_player_var=\"false\"/><field name=\"VAR\">global:spell5_radius</field></block></value></block></value><value name=\"B\"><block type=\"math_from_text\"><value name=\"NUMTEXT\"><block type=\"variables_get_string\"><mutation xmlns=\"http://www.w3.org/1999/xhtml\" has_entity=\"false\" is_player_var=\"false\"/><field name=\"VAR\">global:spell5_safe_zone</field></block></value></block></value></block></value><value name=\"B\"><block type=\"math_from_text\"><value name=\"NUMTEXT\"><block type=\"variables_get_string\"><mutation xmlns=\"http://www.w3.org/1999/xhtml\" has_entity=\"false\" is_player_var=\"false\"/><field name=\"VAR\">global:spell5_circle_frequency</field></block></value></block></value></block></value><value name=\"B\"><block type=\"math_number\"><field name=\"NUM\">2</field></block></value></block></value></block></value><value name=\"x\"><block type=\"coord_x\"/></value><value name=\"y\"><block type=\"coord_y\"/></value><value name=\"z\"><block type=\"coord_z\"/></value><next><block type=\"execute_command\"><value name=\"command\"><block type=\"text_join\"><mutation items=\"3\"/><value name=\"ADD0\"><block type=\"text\"><field name=\"TEXT\">execute at @e[type=armor_stand,name=Mazer1] run playsound minecraft:block.chest.locked ambient @a[distance=..100] ~ ~</field></block></value><value name=\"ADD1\"><block type=\"math_dual_ops\"><field name=\"OP\">DIVIDE</field><value name=\"A\"><block type=\"math_from_text\"><value name=\"NUMTEXT\"><block type=\"variables_get_string\"><mutation xmlns=\"http://www.w3.org/1999/xhtml\" has_entity=\"false\" is_player_var=\"false\"/><field name=\"VAR\">global:spell5_height</field></block></value></block></value><value name=\"B\"><block type=\"math_number\"><field name=\"NUM\">2</field></block></value></block></value><value name=\"ADD2\"><block type=\"text\"><field name=\"TEXT\"> ~ 2 0 0.025</field></block></value></block></value><value name=\"x\"><block type=\"coord_x\"/></value><value name=\"y\"><block type=\"coord_y\"/></value><value name=\"z\"><block type=\"coord_z\"/></value><next><block type=\"wait\"><value name=\"ticks\"><block type=\"math_number\"><field name=\"NUM\">5</field></block></value><statement name=\"do\"><block type=\"controls_if\"><mutation else=\"1\"/><value name=\"IF0\"><block type=\"logic_binary_ops\"><field name=\"OP\">EQ</field><value name=\"A\"><block type=\"variables_get_logic\"><mutation xmlns=\"http://www.w3.org/1999/xhtml\" has_entity=\"false\" is_player_var=\"false\"/><field name=\"VAR\">global:spell5_remove</field></block></value><value name=\"B\"><block type=\"logic_boolean\"><field name=\"BOOL\">FALSE</field></block></value></block></value><statement name=\"DO0\"><block type=\"execute_command\"><value name=\"command\"><block type=\"text\"><field name=\"TEXT\">execute at @e[type=armor_stand,name=MazerTrapSummon,nbt={OnGround:1b}] run kill @e[type=armor_stand,name=MazerTrap,distance=..1]</field></block></value><value name=\"x\"><block type=\"coord_x\"/></value><value name=\"y\"><block type=\"coord_y\"/></value><value name=\"z\"><block type=\"coord_z\"/></value><next><block collapsed=\"true\" type=\"controls_if\"><mutation elseif=\"5\"/><value name=\"IF0\"><block type=\"math_binary_ops\"><field name=\"OP\">LTE</field><value name=\"A\"><block type=\"math_java_constants\"><field name=\"CONSTANT\">RANDOM</field></block></value><value name=\"B\"><block type=\"math_dual_ops\"><field name=\"OP\">DIVIDE</field><value name=\"A\"><block type=\"math_dual_ops\"><field name=\"OP\">DIVIDE</field><value name=\"A\"><block type=\"math_from_text\"><value name=\"NUMTEXT\"><block type=\"variables_get_string\"><mutation xmlns=\"http://www.w3.org/1999/xhtml\" has_entity=\"false\" is_player_var=\"false\"/><field name=\"VAR\">global:spell5_trap</field></block></value></block></value><value name=\"B\"><block type=\"math_number\"><field name=\"NUM\">100</field></block></value></block></value><value name=\"B\"><block type=\"math_number\"><field name=\"NUM\">6</field></block></value></block></value></block></value><statement name=\"DO0\"><block collapsed=\"true\" type=\"execute_command\"><value name=\"command\"><block type=\"text_join\"><mutation items=\"3\"/><value name=\"ADD0\"><block type=\"text\"><field name=\"TEXT\">execute at @e[type=armor_stand,name=MazerTrapSummon,nbt={OnGround:1b}] run summon armor_stand ~ ~1 ~ {Invisible:1b,Marker:1b,CustomName:'{\"text\":\"MazerTrap\"}',Tags:[\"extra\",\"MazerTrap-</field></block></value><value name=\"ADD1\"><block type=\"text\"><field name=\"TEXT\">lightning</field></block></value><value name=\"ADD2\"><block type=\"text\"><field name=\"TEXT\">\"]}</field></block></value></block></value><value name=\"x\"><block type=\"coord_x\"/></value><value name=\"y\"><block type=\"coord_y\"/></value><value name=\"z\"><block type=\"coord_z\"/></value></block></statement><value name=\"IF1\"><block type=\"math_binary_ops\"><field name=\"OP\">LTE</field><value name=\"A\"><block type=\"math_java_constants\"><field name=\"CONSTANT\">RANDOM</field></block></value><value name=\"B\"><block type=\"math_dual_ops\"><field name=\"OP\">DIVIDE</field><value name=\"A\"><block type=\"math_dual_ops\"><field name=\"OP\">DIVIDE</field><value name=\"A\"><block type=\"math_from_text\"><value name=\"NUMTEXT\"><block type=\"variables_get_string\"><mutation xmlns=\"http://www.w3.org/1999/xhtml\" has_entity=\"false\" is_player_var=\"false\"/><field name=\"VAR\">global:spell5_trap</field></block></value></block></value><value name=\"B\"><block type=\"math_number\"><field name=\"NUM\">100</field></block></value></block></value><value name=\"B\"><block type=\"math_number\"><field name=\"NUM\">6</field></block></value></block></value></block></value><statement name=\"DO1\"><block collapsed=\"true\" type=\"execute_command\"><value name=\"command\"><block type=\"text_join\"><mutation items=\"3\"/><value name=\"ADD0\"><block type=\"text\"><field name=\"TEXT\">execute at @e[type=armor_stand,name=MazerTrapSummon,nbt={OnGround:1b}] run summon armor_stand ~ ~1 ~ {Invisible:1b,Marker:1b,CustomName:'{\"text\":\"MazerTrap\"}',Tags:[\"extra\",\"MazerTrap-</field></block></value><value name=\"ADD1\"><block type=\"text\"><field name=\"TEXT\">fang</field></block></value><value name=\"ADD2\"><block type=\"text\"><field name=\"TEXT\">\"]}</field></block></value></block></value><value name=\"x\"><block type=\"coord_x\"/></value><value name=\"y\"><block type=\"coord_y\"/></value><value name=\"z\"><block type=\"coord_z\"/></value></block></statement><value name=\"IF2\"><block type=\"math_binary_ops\"><field name=\"OP\">LTE</field><value name=\"A\"><block type=\"math_java_constants\"><field name=\"CONSTANT\">RANDOM</field></block></value><value name=\"B\"><block type=\"math_dual_ops\"><field name=\"OP\">DIVIDE</field><value name=\"A\"><block type=\"math_dual_ops\"><field name=\"OP\">DIVIDE</field><value name=\"A\"><block type=\"math_from_text\"><value name=\"NUMTEXT\"><block type=\"variables_get_string\"><mutation xmlns=\"http://www.w3.org/1999/xhtml\" has_entity=\"false\" is_player_var=\"false\"/><field name=\"VAR\">global:spell5_trap</field></block></value></block></value><value name=\"B\"><block type=\"math_number\"><field name=\"NUM\">100</field></block></value></block></value><value name=\"B\"><block type=\"math_number\"><field name=\"NUM\">6</field></block></value></block></value></block></value><statement name=\"DO2\"><block collapsed=\"true\" type=\"execute_command\"><value name=\"command\"><block type=\"text_join\"><mutation items=\"3\"/><value name=\"ADD0\"><block type=\"text\"><field name=\"TEXT\">execute at @e[type=armor_stand,name=MazerTrapSummon,nbt={OnGround:1b}] run summon armor_stand ~ ~1 ~ {Invisible:1b,Marker:1b,CustomName:'{\"text\":\"MazerTrap\"}',Tags:[\"extra\",\"MazerTrap-</field></block></value><value name=\"ADD1\"><block type=\"text\"><field name=\"TEXT\">arrow</field></block></value><value name=\"ADD2\"><block type=\"text\"><field name=\"TEXT\">\"]}</field></block></value></block></value><value name=\"x\"><block type=\"coord_x\"/></value><value name=\"y\"><block type=\"coord_y\"/></value><value name=\"z\"><block type=\"coord_z\"/></value></block></statement><value name=\"IF3\"><block type=\"math_binary_ops\"><field name=\"OP\">LTE</field><value name=\"A\"><block type=\"math_java_constants\"><field name=\"CONSTANT\">RANDOM</field></block></value><value name=\"B\"><block type=\"math_dual_ops\"><field name=\"OP\">DIVIDE</field><value name=\"A\"><block type=\"math_dual_ops\"><field name=\"OP\">DIVIDE</field><value name=\"A\"><block type=\"math_from_text\"><value name=\"NUMTEXT\"><block type=\"variables_get_string\"><mutation xmlns=\"http://www.w3.org/1999/xhtml\" has_entity=\"false\" is_player_var=\"false\"/><field name=\"VAR\">global:spell5_trap</field></block></value></block></value><value name=\"B\"><block type=\"math_number\"><field name=\"NUM\">100</field></block></value></block></value><value name=\"B\"><block type=\"math_number\"><field name=\"NUM\">6</field></block></value></block></value></block></value><statement name=\"DO3\"><block collapsed=\"true\" type=\"execute_command\"><value name=\"command\"><block type=\"text_join\"><mutation items=\"3\"/><value name=\"ADD0\"><block type=\"text\"><field name=\"TEXT\">execute at @e[type=armor_stand,name=MazerTrapSummon,nbt={OnGround:1b}] run summon armor_stand ~ ~1 ~ {Invisible:1b,Marker:1b,CustomName:'{\"text\":\"MazerTrap\"}',Tags:[\"extra\",\"MazerTrap-</field></block></value><value name=\"ADD1\"><block type=\"text\"><field name=\"TEXT\">wither_effect</field></block></value><value name=\"ADD2\"><block type=\"text\"><field name=\"TEXT\">\"]}</field></block></value></block></value><value name=\"x\"><block type=\"coord_x\"/></value><value name=\"y\"><block type=\"coord_y\"/></value><value name=\"z\"><block type=\"coord_z\"/></value></block></statement><value name=\"IF4\"><block type=\"math_binary_ops\"><field name=\"OP\">LTE</field><value name=\"A\"><block type=\"math_java_constants\"><field name=\"CONSTANT\">RANDOM</field></block></value><value name=\"B\"><block type=\"math_dual_ops\"><field name=\"OP\">DIVIDE</field><value name=\"A\"><block type=\"math_dual_ops\"><field name=\"OP\">DIVIDE</field><value name=\"A\"><block type=\"math_from_text\"><value name=\"NUMTEXT\"><block type=\"variables_get_string\"><mutation xmlns=\"http://www.w3.org/1999/xhtml\" has_entity=\"false\" is_player_var=\"false\"/><field name=\"VAR\">global:spell5_trap</field></block></value></block></value><value name=\"B\"><block type=\"math_number\"><field name=\"NUM\">100</field></block></value></block></value><value name=\"B\"><block type=\"math_number\"><field name=\"NUM\">6</field></block></value></block></value></block></value><statement name=\"DO4\"><block collapsed=\"true\" type=\"execute_command\"><value name=\"command\"><block type=\"text_join\"><mutation items=\"3\"/><value name=\"ADD0\"><block type=\"text\"><field name=\"TEXT\">execute at @e[type=armor_stand,name=MazerTrapSummon,nbt={OnGround:1b}] run summon armor_stand ~ ~1 ~ {Invisible:1b,Marker:1b,CustomName:'{\"text\":\"MazerTrap\"}',Tags:[\"extra\",\"MazerTrap-</field></block></value><value name=\"ADD1\"><block type=\"text\"><field name=\"TEXT\">spectral_arrow</field></block></value><value name=\"ADD2\"><block type=\"text\"><field name=\"TEXT\">\"]}</field></block></value></block></value><value name=\"x\"><block type=\"coord_x\"/></value><value name=\"y\"><block type=\"coord_y\"/></value><value name=\"z\"><block type=\"coord_z\"/></value></block></statement><value name=\"IF5\"><block type=\"math_binary_ops\"><field name=\"OP\">LTE</field><value name=\"A\"><block type=\"math_java_constants\"><field name=\"CONSTANT\">RANDOM</field></block></value><value name=\"B\"><block type=\"math_dual_ops\"><field name=\"OP\">DIVIDE</field><value name=\"A\"><block type=\"math_dual_ops\"><field name=\"OP\">DIVIDE</field><value name=\"A\"><block type=\"math_from_text\"><value name=\"NUMTEXT\"><block type=\"variables_get_string\"><mutation xmlns=\"http://www.w3.org/1999/xhtml\" has_entity=\"false\" is_player_var=\"false\"/><field name=\"VAR\">global:spell5_trap</field></block></value></block></value><value name=\"B\"><block type=\"math_number\"><field name=\"NUM\">100</field></block></value></block></value><value name=\"B\"><block type=\"math_number\"><field name=\"NUM\">6</field></block></value></block></value></block></value><statement name=\"DO5\"><block collapsed=\"true\" type=\"execute_command\"><value name=\"command\"><block type=\"text_join\"><mutation items=\"3\"/><value name=\"ADD0\"><block type=\"text\"><field name=\"TEXT\">execute at @e[type=armor_stand,name=MazerTrapSummon,nbt={OnGround:1b}] run summon armor_stand ~ ~1 ~ {Invisible:1b,Marker:1b,CustomName:'{\"text\":\"MazerTrap\"}',Tags:[\"extra\",\"MazerTrap-</field></block></value><value name=\"ADD1\"><block type=\"text\"><field name=\"TEXT\">trident</field></block></value><value name=\"ADD2\"><block type=\"text\"><field name=\"TEXT\">\"]}</field></block></value></block></value><value name=\"x\"><block type=\"coord_x\"/></value><value name=\"y\"><block type=\"coord_y\"/></value><value name=\"z\"><block type=\"coord_z\"/></value></block></statement></block></next></block></statement><statement name=\"ELSE\"><block type=\"execute_command\"><value name=\"command\"><block type=\"text\"><field name=\"TEXT\">execute at @e[type=armor_stand,name=MazerTrapSummon,nbt={OnGround:1b}] run kill @e[type=armor_stand,name=MazerTrap,distance=..1]</field></block></value><value name=\"x\"><block type=\"coord_x\"/></value><value name=\"y\"><block type=\"coord_y\"/></value><value name=\"z\"><block type=\"coord_z\"/></value></block></statement><next><block type=\"execute_command\"><value name=\"command\"><block type=\"text\"><field name=\"TEXT\">execute as @e[type=armor_stand,name=MazerTrapSummon,nbt={OnGround:1b}] at @s run kill @s</field></block></value><value name=\"x\"><block type=\"coord_x\"/></value><value name=\"y\"><block type=\"coord_y\"/></value><value name=\"z\"><block type=\"coord_z\"/></value></block></next></block></statement></block></next></block></next></block></next></block></next></block></next></block></next></block></next></block></xml>"
  }
}