{
  "_fv": 33,
  "_type": "procedure",
  "definition": {
    "procedurexml": "<?xml version=\"1.0\" encoding=\"UTF-8\" standalone=\"no\"?><xml xmlns=\"https://developers.google.com/blockly/xml\"><block deletable=\"false\" type=\"event_trigger\" x=\"40\" y=\"40\"><field name=\"trigger\">no_ext_trigger</field><next><block type=\"execute_command\"><value name=\"command\"><block type=\"text\"><field name=\"TEXT\">kill @e[type=armor_stand,tag=spell2direction]</field></block></value><value name=\"x\"><block type=\"coord_x\"/></value><value name=\"y\"><block type=\"coord_y\"/></value><value name=\"z\"><block type=\"coord_z\"/></value><next><block type=\"execute_command\"><value name=\"command\"><block type=\"text\"><field name=\"TEXT\">execute at @e[type=armor_stand,name=spell2main] run summon armor_stand ~ ~0.05 ~-3 {CustomName:'{\"text\":\"N\",\"color\":\"red\"}}',Tags:[\"extra\",\"spell2direction\"],CustomNameVisible:1b,Marker:1b,Invisible:1b,Small:1b,NoGravity:1b}</field></block></value><value name=\"x\"><block type=\"coord_x\"/></value><value name=\"y\"><block type=\"coord_y\"/></value><value name=\"z\"><block type=\"coord_z\"/></value><next><block type=\"execute_command\"><value name=\"command\"><block type=\"text\"><field name=\"TEXT\">execute at @e[type=armor_stand,name=spell2main] run summon armor_stand ~ ~0.05 ~3 {CustomName:'{\"text\":\"S\",\"color\":\"blue\"}}',Tags:[\"extra\",\"spell2direction\"],CustomNameVisible:1b,Marker:1b,Invisible:1b,Small:1b,NoGravity:1b}</field></block></value><value name=\"x\"><block type=\"coord_x\"/></value><value name=\"y\"><block type=\"coord_y\"/></value><value name=\"z\"><block type=\"coord_z\"/></value><next><block type=\"execute_command\"><value name=\"command\"><block type=\"text\"><field name=\"TEXT\">execute at @e[type=armor_stand,name=spell2main] run summon armor_stand ~3 ~0.05 ~ {CustomName:'{\"text\":\"E\",\"color\":\"yellow\"}}',Tags:[\"extra\",\"spell2direction\"],CustomNameVisible:1b,Marker:1b,Invisible:1b,Small:1b,NoGravity:1b}</field></block></value><value name=\"x\"><block type=\"coord_x\"/></value><value name=\"y\"><block type=\"coord_y\"/></value><value name=\"z\"><block type=\"coord_z\"/></value><next><block type=\"execute_command\"><value name=\"command\"><block type=\"text\"><field name=\"TEXT\">execute at @e[type=armor_stand,name=spell2main] run summon armor_stand ~-3 ~0.05 ~ {CustomName:'{\"text\":\"W\",\"color\":\"green\"}}',Tags:[\"extra\",\"spell2direction\"],CustomNameVisible:1b,Marker:1b,Invisible:1b,Small:1b,NoGravity:1b}</field></block></value><value name=\"x\"><block type=\"coord_x\"/></value><value name=\"y\"><block type=\"coord_y\"/></value><value name=\"z\"><block type=\"coord_z\"/></value></block></next></block></next></block></next></block></next></block></next></block></xml>"
  }
}