{
  "_fv": 33,
  "_type": "gui",
  "definition": {
    "type": 0,
    "width": 0,
    "height": 0,
    "inventoryOffsetX": 0,
    "inventoryOffsetY": 0,
    "renderBgLayer": false,
    "doesPauseGame": false,
    "components": [
      {
        "type": "image",
        "data": {
          "image": "tph_book.png",
          "use1Xscale": false,
          "name": "tph_book.png",
          "x": 69,
          "y": 17
        }
      }
    ],
    "gridSettings": {
      "sx": 18,
      "sy": 9,
      "ox": 11,
      "oy": 15,
      "snapOnGrid": true
    }
  }
}