{
  "_fv": 33,
  "_type": "rangeditem",
  "definition": {
    "renderType": 0,
    "texture": "specifyfireball",
    "customModelName": "Normal",
    "name": "Tracker",
    "specialInfo": [
      "--------------------",
      "info",
      "> right click to shoot",
      "> it will create tracker when it hit block",
      "> tracker can only affect to mob in 5 radius",
      "> see tracker list at the lantern",
      "> unlimited time",
      "> usable 3 times",
      "--------------------",
      "damage",
      "> tracker : 0",
      "--------------------"
    ],
    "creativeTab": {
      "value": "CUSTOM:Tab"
    },
    "stackSize": 1,
    "ammoItem": {
      "value": ""
    },
    "shootConstantly": false,
    "usageCount": 3,
    "actionSound": {
      "value": "entity.endereye.death"
    },
    "hasGlow": false,
    "animation": "bow",
    "enableMeleeDamage": false,
    "damageVsEntity": 0.0,
    "bulletPower": 1.0,
    "bulletDamage": 0.0,
    "bulletKnockback": 0,
    "bulletParticles": false,
    "bulletIgnitesFire": false,
    "bulletItemTexture": {
      "value": "CUSTOM:Tracker"
    },
    "bulletModel": "Default",
    "customBulletModelTexture": "",
    "onBulletHitsBlock": {
      "name": "Spell2trackerHitBlock"
    }
  }
}