{
  "_fv": 33,
  "_type": "procedure",
  "definition": {
    "procedurexml": "<?xml version=\"1.0\" encoding=\"UTF-8\" standalone=\"no\"?><xml xmlns=\"https://developers.google.com/blockly/xml\"><block deletable=\"false\" type=\"event_trigger\" x=\"57\" y=\"73\"><field name=\"trigger\">no_ext_trigger</field><next><block type=\"controls_if\"><mutation else=\"1\" elseif=\"1\"/><value name=\"IF0\"><block type=\"math_binary_ops\"><field name=\"OP\">LTE</field><value name=\"A\"><block type=\"math_java_constants\"><field name=\"CONSTANT\">RANDOM</field></block></value><value name=\"B\"><block type=\"math_number\"><field name=\"NUM\">0.5</field></block></value></block></value><statement name=\"DO0\"><block type=\"execute_command\"><value name=\"command\"><block type=\"text\"><field name=\"TEXT\">summon armor_stand ~0.5 ~ ~0.5 {NoGravity:1b,Marker:1b,Invisible:1b,CustomName:'{\"text\":\"lotw-pre_tree_illusion\"}'}</field></block></value><value name=\"x\"><block type=\"coord_x\"/></value><value name=\"y\"><block type=\"coord_y\"/></value><value name=\"z\"><block type=\"coord_z\"/></value></block></statement><value name=\"IF1\"><block type=\"math_binary_ops\"><field name=\"OP\">LTE</field><value name=\"A\"><block type=\"math_java_constants\"><field name=\"CONSTANT\">RANDOM</field></block></value><value name=\"B\"><block type=\"math_number\"><field name=\"NUM\">0.5</field></block></value></block></value><statement name=\"DO1\"><block type=\"execute_command\"><value name=\"command\"><block type=\"text\"><field name=\"TEXT\">summon armor_stand ~0.5 ~-1 ~0.5 {NoGravity:1b,Marker:1b,Invisible:1b,CustomName:'{\"text\":\"lotw-pre_tree_illusion\"}'}</field></block></value><value name=\"x\"><block type=\"coord_x\"/></value><value name=\"y\"><block type=\"coord_y\"/></value><value name=\"z\"><block type=\"coord_z\"/></value></block></statement><statement name=\"ELSE\"><block type=\"execute_command\"><value name=\"command\"><block type=\"text\"><field name=\"TEXT\">summon armor_stand ~0.5 ~-2 ~0.5 {NoGravity:1b,Marker:1b,Invisible:1b,CustomName:'{\"text\":\"lotw-pre_tree_illusion\"}'}</field></block></value><value name=\"x\"><block type=\"coord_x\"/></value><value name=\"y\"><block type=\"coord_y\"/></value><value name=\"z\"><block type=\"coord_z\"/></value></block></statement><next><block type=\"execute_command\"><value name=\"command\"><block type=\"text\"><field name=\"TEXT\">/execute at @e[type=armor_stand,name=lotw-pre_tree_illusion,tag=!lotw-tree_illusion_placed] run summon armor_stand ~ ~ ~ {NoGravity:1b,Marker:1b,Invisible:1b,CustomName:'{\"text\":\"lotw-tree_illusion\"}'}</field></block></value><value name=\"x\"><block type=\"coord_x\"/></value><value name=\"y\"><block type=\"coord_y\"/></value><value name=\"z\"><block type=\"coord_z\"/></value><next><block collapsed=\"true\" type=\"controls_if\"><value name=\"IF0\"><block type=\"logic_boolean\"><field name=\"BOOL\">TRUE</field></block></value><statement name=\"DO0\"><block type=\"execute_command\"><value name=\"command\"><block type=\"text\"><field name=\"TEXT\">execute at @e[type=armor_stand,name=lotw-tree_illusion] run summon armor_stand ~ ~ ~ {NoGravity:1b,Marker:1b,Invisible:1b,CustomName:'{\"text\":\"lotw-illusion_block\"}',Tags:[\"extra\",\"lotw-illusion_block_log\"]}</field></block></value><value name=\"x\"><block type=\"coord_x\"/></value><value name=\"y\"><block type=\"coord_y\"/></value><value name=\"z\"><block type=\"coord_z\"/></value><next><block type=\"execute_command\"><value name=\"command\"><block type=\"text\"><field name=\"TEXT\">execute at @e[type=armor_stand,name=lotw-tree_illusion] run summon armor_stand ~ ~1 ~ {NoGravity:1b,Marker:1b,Invisible:1b,CustomName:'{\"text\":\"lotw-illusion_block\"}',Tags:[\"extra\",\"lotw-illusion_block_log\"]}</field></block></value><value name=\"x\"><block type=\"coord_x\"/></value><value name=\"y\"><block type=\"coord_y\"/></value><value name=\"z\"><block type=\"coord_z\"/></value><next><block type=\"execute_command\"><value name=\"command\"><block type=\"text\"><field name=\"TEXT\">execute at @e[type=armor_stand,name=lotw-tree_illusion] run summon armor_stand ~ ~2 ~ {NoGravity:1b,Marker:1b,Invisible:1b,CustomName:'{\"text\":\"lotw-illusion_block\"}',Tags:[\"extra\",\"lotw-illusion_block_log\"]}</field></block></value><value name=\"x\"><block type=\"coord_x\"/></value><value name=\"y\"><block type=\"coord_y\"/></value><value name=\"z\"><block type=\"coord_z\"/></value><next><block type=\"execute_command\"><value name=\"command\"><block type=\"text\"><field name=\"TEXT\">execute at @e[type=armor_stand,name=lotw-tree_illusion] run summon armor_stand ~ ~3 ~ {NoGravity:1b,Marker:1b,Invisible:1b,CustomName:'{\"text\":\"lotw-illusion_block\"}',Tags:[\"extra\",\"lotw-illusion_block_log\"]}</field></block></value><value name=\"x\"><block type=\"coord_x\"/></value><value name=\"y\"><block type=\"coord_y\"/></value><value name=\"z\"><block type=\"coord_z\"/></value><next><block type=\"execute_command\"><value name=\"command\"><block type=\"text\"><field name=\"TEXT\">execute at @e[type=armor_stand,name=lotw-tree_illusion] run summon armor_stand ~ ~4 ~ {NoGravity:1b,Marker:1b,Invisible:1b,CustomName:'{\"text\":\"lotw-illusion_block\"}',Tags:[\"extra\",\"lotw-illusion_block_log\"]}</field></block></value><value name=\"x\"><block type=\"coord_x\"/></value><value name=\"y\"><block type=\"coord_y\"/></value><value name=\"z\"><block type=\"coord_z\"/></value><next><block type=\"execute_command\"><value name=\"command\"><block type=\"text\"><field name=\"TEXT\">execute at @e[type=armor_stand,name=lotw-tree_illusion] run summon armor_stand ~ ~5 ~ {NoGravity:1b,Marker:1b,Invisible:1b,CustomName:'{\"text\":\"lotw-illusion_block\"}',Tags:[\"extra\",\"lotw-illusion_block_log\"]}</field></block></value><value name=\"x\"><block type=\"coord_x\"/></value><value name=\"y\"><block type=\"coord_y\"/></value><value name=\"z\"><block type=\"coord_z\"/></value><next><block type=\"execute_command\"><value name=\"command\"><block type=\"text\"><field name=\"TEXT\">execute at @e[type=armor_stand,name=lotw-tree_illusion] run summon armor_stand ~ ~6 ~ {NoGravity:1b,Marker:1b,Invisible:1b,CustomName:'{\"text\":\"lotw-illusion_block\"}',Tags:[\"extra\",\"lotw-illusion_block_leaves\"]}</field></block></value><value name=\"x\"><block type=\"coord_x\"/></value><value name=\"y\"><block type=\"coord_y\"/></value><value name=\"z\"><block type=\"coord_z\"/></value><next><block type=\"execute_command\"><value name=\"command\"><block type=\"text\"><field name=\"TEXT\">execute at @e[type=armor_stand,name=lotw-tree_illusion] run summon armor_stand ~1 ~6 ~ {NoGravity:1b,Marker:1b,Invisible:1b,CustomName:'{\"text\":\"lotw-illusion_block\"}',Tags:[\"extra\",\"lotw-illusion_block_leaves\"]}</field></block></value><value name=\"x\"><block type=\"coord_x\"/></value><value name=\"y\"><block type=\"coord_y\"/></value><value name=\"z\"><block type=\"coord_z\"/></value><next><block type=\"execute_command\"><value name=\"command\"><block type=\"text\"><field name=\"TEXT\">execute at @e[type=armor_stand,name=lotw-tree_illusion] run summon armor_stand ~-1 ~6 ~ {NoGravity:1b,Marker:1b,Invisible:1b,CustomName:'{\"text\":\"lotw-illusion_block\"}',Tags:[\"extra\",\"lotw-illusion_block_leaves\"]}</field></block></value><value name=\"x\"><block type=\"coord_x\"/></value><value name=\"y\"><block type=\"coord_y\"/></value><value name=\"z\"><block type=\"coord_z\"/></value><next><block type=\"execute_command\"><value name=\"command\"><block type=\"text\"><field name=\"TEXT\">execute at @e[type=armor_stand,name=lotw-tree_illusion] run summon armor_stand ~ ~6 ~1 {NoGravity:1b,Marker:1b,Invisible:1b,CustomName:'{\"text\":\"lotw-illusion_block\"}',Tags:[\"extra\",\"lotw-illusion_block_leaves\"]}</field></block></value><value name=\"x\"><block type=\"coord_x\"/></value><value name=\"y\"><block type=\"coord_y\"/></value><value name=\"z\"><block type=\"coord_z\"/></value><next><block type=\"execute_command\"><value name=\"command\"><block type=\"text\"><field name=\"TEXT\">execute at @e[type=armor_stand,name=lotw-tree_illusion] run summon armor_stand ~ ~6 ~-1 {NoGravity:1b,Marker:1b,Invisible:1b,CustomName:'{\"text\":\"lotw-illusion_block\"}',Tags:[\"extra\",\"lotw-illusion_block_leaves\"]}</field></block></value><value name=\"x\"><block type=\"coord_x\"/></value><value name=\"y\"><block type=\"coord_y\"/></value><value name=\"z\"><block type=\"coord_z\"/></value><next><block type=\"execute_command\"><value name=\"command\"><block type=\"text\"><field name=\"TEXT\">execute at @e[type=armor_stand,name=lotw-tree_illusion] run summon armor_stand ~1 ~4 ~ {NoGravity:1b,Marker:1b,Invisible:1b,CustomName:'{\"text\":\"lotw-illusion_block\"}',Tags:[\"extra\",\"lotw-illusion_block_leaves\"]}</field></block></value><value name=\"x\"><block type=\"coord_x\"/></value><value name=\"y\"><block type=\"coord_y\"/></value><value name=\"z\"><block type=\"coord_z\"/></value><next><block type=\"execute_command\"><value name=\"command\"><block type=\"text\"><field name=\"TEXT\">execute at @e[type=armor_stand,name=lotw-tree_illusion] run summon armor_stand ~-1 ~4 ~ {NoGravity:1b,Marker:1b,Invisible:1b,CustomName:'{\"text\":\"lotw-illusion_block\"}',Tags:[\"extra\",\"lotw-illusion_block_leaves\"]}</field></block></value><value name=\"x\"><block type=\"coord_x\"/></value><value name=\"y\"><block type=\"coord_y\"/></value><value name=\"z\"><block type=\"coord_z\"/></value><next><block type=\"execute_command\"><value name=\"command\"><block type=\"text\"><field name=\"TEXT\">execute at @e[type=armor_stand,name=lotw-tree_illusion] run summon armor_stand ~ ~4 ~1 {NoGravity:1b,Marker:1b,Invisible:1b,CustomName:'{\"text\":\"lotw-illusion_block\"}',Tags:[\"extra\",\"lotw-illusion_block_leaves\"]}</field></block></value><value name=\"x\"><block type=\"coord_x\"/></value><value name=\"y\"><block type=\"coord_y\"/></value><value name=\"z\"><block type=\"coord_z\"/></value><next><block type=\"execute_command\"><value name=\"command\"><block type=\"text\"><field name=\"TEXT\">execute at @e[type=armor_stand,name=lotw-tree_illusion] run summon armor_stand ~ ~4 ~-1 {NoGravity:1b,Marker:1b,Invisible:1b,CustomName:'{\"text\":\"lotw-illusion_block\"}',Tags:[\"extra\",\"lotw-illusion_block_leaves\"]}</field></block></value><value name=\"x\"><block type=\"coord_x\"/></value><value name=\"y\"><block type=\"coord_y\"/></value><value name=\"z\"><block type=\"coord_z\"/></value><next><block type=\"execute_command\"><value name=\"command\"><block type=\"text\"><field name=\"TEXT\">execute at @e[type=armor_stand,name=lotw-tree_illusion] run summon armor_stand ~1 ~4 ~1 {NoGravity:1b,Marker:1b,Invisible:1b,CustomName:'{\"text\":\"lotw-illusion_block\"}',Tags:[\"extra\",\"lotw-illusion_block_leaves\"]}</field></block></value><value name=\"x\"><block type=\"coord_x\"/></value><value name=\"y\"><block type=\"coord_y\"/></value><value name=\"z\"><block type=\"coord_z\"/></value><next><block type=\"execute_command\"><value name=\"command\"><block type=\"text\"><field name=\"TEXT\">execute at @e[type=armor_stand,name=lotw-tree_illusion] run summon armor_stand ~1 ~4 ~-1 {NoGravity:1b,Marker:1b,Invisible:1b,CustomName:'{\"text\":\"lotw-illusion_block\"}',Tags:[\"extra\",\"lotw-illusion_block_leaves\"]}</field></block></value><value name=\"x\"><block type=\"coord_x\"/></value><value name=\"y\"><block type=\"coord_y\"/></value><value name=\"z\"><block type=\"coord_z\"/></value><next><block type=\"execute_command\"><value name=\"command\"><block type=\"text\"><field name=\"TEXT\">execute at @e[type=armor_stand,name=lotw-tree_illusion] run summon armor_stand ~-1 ~4 ~1 {NoGravity:1b,Marker:1b,Invisible:1b,CustomName:'{\"text\":\"lotw-illusion_block\"}',Tags:[\"extra\",\"lotw-illusion_block_leaves\"]}</field></block></value><value name=\"x\"><block type=\"coord_x\"/></value><value name=\"y\"><block type=\"coord_y\"/></value><value name=\"z\"><block type=\"coord_z\"/></value><next><block type=\"execute_command\"><value name=\"command\"><block type=\"text\"><field name=\"TEXT\">execute at @e[type=armor_stand,name=lotw-tree_illusion] run summon armor_stand ~-1 ~4 ~-1 {NoGravity:1b,Marker:1b,Invisible:1b,CustomName:'{\"text\":\"lotw-illusion_block\"}',Tags:[\"extra\",\"lotw-illusion_block_leaves\"]}</field></block></value><value name=\"x\"><block type=\"coord_x\"/></value><value name=\"y\"><block type=\"coord_y\"/></value><value name=\"z\"><block type=\"coord_z\"/></value><next><block type=\"execute_command\"><value name=\"command\"><block type=\"text\"><field name=\"TEXT\">execute at @e[type=armor_stand,name=lotw-tree_illusion] run summon armor_stand ~2 ~4 ~2 {NoGravity:1b,Marker:1b,Invisible:1b,CustomName:'{\"text\":\"lotw-illusion_block\"}',Tags:[\"extra\",\"lotw-illusion_block_leaves\"]}</field></block></value><value name=\"x\"><block type=\"coord_x\"/></value><value name=\"y\"><block type=\"coord_y\"/></value><value name=\"z\"><block type=\"coord_z\"/></value><next><block type=\"execute_command\"><value name=\"command\"><block type=\"text\"><field name=\"TEXT\">execute at @e[type=armor_stand,name=lotw-tree_illusion] run summon armor_stand ~2 ~4 ~-2 {NoGravity:1b,Marker:1b,Invisible:1b,CustomName:'{\"text\":\"lotw-illusion_block\"}',Tags:[\"extra\",\"lotw-illusion_block_leaves\"]}</field></block></value><value name=\"x\"><block type=\"coord_x\"/></value><value name=\"y\"><block type=\"coord_y\"/></value><value name=\"z\"><block type=\"coord_z\"/></value><next><block type=\"execute_command\"><value name=\"command\"><block type=\"text\"><field name=\"TEXT\">execute at @e[type=armor_stand,name=lotw-tree_illusion] run summon armor_stand ~-2 ~4 ~2 {NoGravity:1b,Marker:1b,Invisible:1b,CustomName:'{\"text\":\"lotw-illusion_block\"}',Tags:[\"extra\",\"lotw-illusion_block_leaves\"]}</field></block></value><value name=\"x\"><block type=\"coord_x\"/></value><value name=\"y\"><block type=\"coord_y\"/></value><value name=\"z\"><block type=\"coord_z\"/></value><next><block type=\"execute_command\"><value name=\"command\"><block type=\"text\"><field name=\"TEXT\">execute at @e[type=armor_stand,name=lotw-tree_illusion] run summon armor_stand ~-2 ~4 ~-2 {NoGravity:1b,Marker:1b,Invisible:1b,CustomName:'{\"text\":\"lotw-illusion_block\"}',Tags:[\"extra\",\"lotw-illusion_block_leaves\"]}</field></block></value><value name=\"x\"><block type=\"coord_x\"/></value><value name=\"y\"><block type=\"coord_y\"/></value><value name=\"z\"><block type=\"coord_z\"/></value><next><block type=\"execute_command\"><value name=\"command\"><block type=\"text\"><field name=\"TEXT\">execute at @e[type=armor_stand,name=lotw-tree_illusion] run summon armor_stand ~2 ~4 ~1 {NoGravity:1b,Marker:1b,Invisible:1b,CustomName:'{\"text\":\"lotw-illusion_block\"}',Tags:[\"extra\",\"lotw-illusion_block_leaves\"]}</field></block></value><value name=\"x\"><block type=\"coord_x\"/></value><value name=\"y\"><block type=\"coord_y\"/></value><value name=\"z\"><block type=\"coord_z\"/></value><next><block type=\"execute_command\"><value name=\"command\"><block type=\"text\"><field name=\"TEXT\">execute at @e[type=armor_stand,name=lotw-tree_illusion] run summon armor_stand ~2 ~4 ~-1 {NoGravity:1b,Marker:1b,Invisible:1b,CustomName:'{\"text\":\"lotw-illusion_block\"}',Tags:[\"extra\",\"lotw-illusion_block_leaves\"]}</field></block></value><value name=\"x\"><block type=\"coord_x\"/></value><value name=\"y\"><block type=\"coord_y\"/></value><value name=\"z\"><block type=\"coord_z\"/></value><next><block type=\"execute_command\"><value name=\"command\"><block type=\"text\"><field name=\"TEXT\">execute at @e[type=armor_stand,name=lotw-tree_illusion] run summon armor_stand ~-2 ~4 ~1 {NoGravity:1b,Marker:1b,Invisible:1b,CustomName:'{\"text\":\"lotw-illusion_block\"}',Tags:[\"extra\",\"lotw-illusion_block_leaves\"]}</field></block></value><value name=\"x\"><block type=\"coord_x\"/></value><value name=\"y\"><block type=\"coord_y\"/></value><value name=\"z\"><block type=\"coord_z\"/></value><next><block type=\"execute_command\"><value name=\"command\"><block type=\"text\"><field name=\"TEXT\">execute at @e[type=armor_stand,name=lotw-tree_illusion] run summon armor_stand ~-2 ~4 ~-1 {NoGravity:1b,Marker:1b,Invisible:1b,CustomName:'{\"text\":\"lotw-illusion_block\"}',Tags:[\"extra\",\"lotw-illusion_block_leaves\"]}</field></block></value><value name=\"x\"><block type=\"coord_x\"/></value><value name=\"y\"><block type=\"coord_y\"/></value><value name=\"z\"><block type=\"coord_z\"/></value><next><block type=\"execute_command\"><value name=\"command\"><block type=\"text\"><field name=\"TEXT\">execute at @e[type=armor_stand,name=lotw-tree_illusion] run summon armor_stand ~1 ~4 ~2 {NoGravity:1b,Marker:1b,Invisible:1b,CustomName:'{\"text\":\"lotw-illusion_block\"}',Tags:[\"extra\",\"lotw-illusion_block_leaves\"]}</field></block></value><value name=\"x\"><block type=\"coord_x\"/></value><value name=\"y\"><block type=\"coord_y\"/></value><value name=\"z\"><block type=\"coord_z\"/></value><next><block type=\"execute_command\"><value name=\"command\"><block type=\"text\"><field name=\"TEXT\">execute at @e[type=armor_stand,name=lotw-tree_illusion] run summon armor_stand ~1 ~4 ~-2 {NoGravity:1b,Marker:1b,Invisible:1b,CustomName:'{\"text\":\"lotw-illusion_block\"}',Tags:[\"extra\",\"lotw-illusion_block_leaves\"]}</field></block></value><value name=\"x\"><block type=\"coord_x\"/></value><value name=\"y\"><block type=\"coord_y\"/></value><value name=\"z\"><block type=\"coord_z\"/></value><next><block type=\"execute_command\"><value name=\"command\"><block type=\"text\"><field name=\"TEXT\">execute at @e[type=armor_stand,name=lotw-tree_illusion] run summon armor_stand ~-1 ~4 ~2 {NoGravity:1b,Marker:1b,Invisible:1b,CustomName:'{\"text\":\"lotw-illusion_block\"}',Tags:[\"extra\",\"lotw-illusion_block_leaves\"]}</field></block></value><value name=\"x\"><block type=\"coord_x\"/></value><value name=\"y\"><block type=\"coord_y\"/></value><value name=\"z\"><block type=\"coord_z\"/></value><next><block type=\"execute_command\"><value name=\"command\"><block type=\"text\"><field name=\"TEXT\">execute at @e[type=armor_stand,name=lotw-tree_illusion] run summon armor_stand ~-1 ~4 ~-2 {NoGravity:1b,Marker:1b,Invisible:1b,CustomName:'{\"text\":\"lotw-illusion_block\"}',Tags:[\"extra\",\"lotw-illusion_block_leaves\"]}</field></block></value><value name=\"x\"><block type=\"coord_x\"/></value><value name=\"y\"><block type=\"coord_y\"/></value><value name=\"z\"><block type=\"coord_z\"/></value><next><block type=\"execute_command\"><value name=\"command\"><block type=\"text\"><field name=\"TEXT\">execute at @e[type=armor_stand,name=lotw-tree_illusion] run summon armor_stand ~2 ~4 ~ {NoGravity:1b,Marker:1b,Invisible:1b,CustomName:'{\"text\":\"lotw-illusion_block\"}',Tags:[\"extra\",\"lotw-illusion_block_leaves\"]}</field></block></value><value name=\"x\"><block type=\"coord_x\"/></value><value name=\"y\"><block type=\"coord_y\"/></value><value name=\"z\"><block type=\"coord_z\"/></value><next><block type=\"execute_command\"><value name=\"command\"><block type=\"text\"><field name=\"TEXT\">execute at @e[type=armor_stand,name=lotw-tree_illusion] run summon armor_stand ~-2 ~4 ~ {NoGravity:1b,Marker:1b,Invisible:1b,CustomName:'{\"text\":\"lotw-illusion_block\"}',Tags:[\"extra\",\"lotw-illusion_block_leaves\"]}</field></block></value><value name=\"x\"><block type=\"coord_x\"/></value><value name=\"y\"><block type=\"coord_y\"/></value><value name=\"z\"><block type=\"coord_z\"/></value><next><block type=\"execute_command\"><value name=\"command\"><block type=\"text\"><field name=\"TEXT\">execute at @e[type=armor_stand,name=lotw-tree_illusion] run summon armor_stand ~ ~4 ~2 {NoGravity:1b,Marker:1b,Invisible:1b,CustomName:'{\"text\":\"lotw-illusion_block\"}',Tags:[\"extra\",\"lotw-illusion_block_leaves\"]}</field></block></value><value name=\"x\"><block type=\"coord_x\"/></value><value name=\"y\"><block type=\"coord_y\"/></value><value name=\"z\"><block type=\"coord_z\"/></value><next><block type=\"execute_command\"><value name=\"command\"><block type=\"text\"><field name=\"TEXT\">execute at @e[type=armor_stand,name=lotw-tree_illusion] run summon armor_stand ~ ~4 ~-2 {NoGravity:1b,Marker:1b,Invisible:1b,CustomName:'{\"text\":\"lotw-illusion_block\"}',Tags:[\"extra\",\"lotw-illusion_block_leaves\"]}</field></block></value><value name=\"x\"><block type=\"coord_x\"/></value><value name=\"y\"><block type=\"coord_y\"/></value><value name=\"z\"><block type=\"coord_z\"/></value><next><block type=\"execute_command\"><value name=\"command\"><block type=\"text\"><field name=\"TEXT\">execute at @e[type=armor_stand,name=lotw-tree_illusion] run summon armor_stand ~1 ~3 ~ {NoGravity:1b,Marker:1b,Invisible:1b,CustomName:'{\"text\":\"lotw-illusion_block\"}',Tags:[\"extra\",\"lotw-illusion_block_leaves\"]}</field></block></value><value name=\"x\"><block type=\"coord_x\"/></value><value name=\"y\"><block type=\"coord_y\"/></value><value name=\"z\"><block type=\"coord_z\"/></value><next><block type=\"execute_command\"><value name=\"command\"><block type=\"text\"><field name=\"TEXT\">execute at @e[type=armor_stand,name=lotw-tree_illusion] run summon armor_stand ~-1 ~3 ~ {NoGravity:1b,Marker:1b,Invisible:1b,CustomName:'{\"text\":\"lotw-illusion_block\"}',Tags:[\"extra\",\"lotw-illusion_block_leaves\"]}</field></block></value><value name=\"x\"><block type=\"coord_x\"/></value><value name=\"y\"><block type=\"coord_y\"/></value><value name=\"z\"><block type=\"coord_z\"/></value><next><block type=\"execute_command\"><value name=\"command\"><block type=\"text\"><field name=\"TEXT\">execute at @e[type=armor_stand,name=lotw-tree_illusion] run summon armor_stand ~ ~3 ~1 {NoGravity:1b,Marker:1b,Invisible:1b,CustomName:'{\"text\":\"lotw-illusion_block\"}',Tags:[\"extra\",\"lotw-illusion_block_leaves\"]}</field></block></value><value name=\"x\"><block type=\"coord_x\"/></value><value name=\"y\"><block type=\"coord_y\"/></value><value name=\"z\"><block type=\"coord_z\"/></value><next><block type=\"execute_command\"><value name=\"command\"><block type=\"text\"><field name=\"TEXT\">execute at @e[type=armor_stand,name=lotw-tree_illusion] run summon armor_stand ~ ~3 ~-1 {NoGravity:1b,Marker:1b,Invisible:1b,CustomName:'{\"text\":\"lotw-illusion_block\"}',Tags:[\"extra\",\"lotw-illusion_block_leaves\"]}</field></block></value><value name=\"x\"><block type=\"coord_x\"/></value><value name=\"y\"><block type=\"coord_y\"/></value><value name=\"z\"><block type=\"coord_z\"/></value><next><block type=\"execute_command\"><value name=\"command\"><block type=\"text\"><field name=\"TEXT\">execute at @e[type=armor_stand,name=lotw-tree_illusion] run summon armor_stand ~1 ~3 ~1 {NoGravity:1b,Marker:1b,Invisible:1b,CustomName:'{\"text\":\"lotw-illusion_block\"}',Tags:[\"extra\",\"lotw-illusion_block_leaves\"]}</field></block></value><value name=\"x\"><block type=\"coord_x\"/></value><value name=\"y\"><block type=\"coord_y\"/></value><value name=\"z\"><block type=\"coord_z\"/></value><next><block type=\"execute_command\"><value name=\"command\"><block type=\"text\"><field name=\"TEXT\">execute at @e[type=armor_stand,name=lotw-tree_illusion] run summon armor_stand ~1 ~3 ~-1 {NoGravity:1b,Marker:1b,Invisible:1b,CustomName:'{\"text\":\"lotw-illusion_block\"}',Tags:[\"extra\",\"lotw-illusion_block_leaves\"]}</field></block></value><value name=\"x\"><block type=\"coord_x\"/></value><value name=\"y\"><block type=\"coord_y\"/></value><value name=\"z\"><block type=\"coord_z\"/></value><next><block type=\"execute_command\"><value name=\"command\"><block type=\"text\"><field name=\"TEXT\">execute at @e[type=armor_stand,name=lotw-tree_illusion] run summon armor_stand ~-1 ~3 ~1 {NoGravity:1b,Marker:1b,Invisible:1b,CustomName:'{\"text\":\"lotw-illusion_block\"}',Tags:[\"extra\",\"lotw-illusion_block_leaves\"]}</field></block></value><value name=\"x\"><block type=\"coord_x\"/></value><value name=\"y\"><block type=\"coord_y\"/></value><value name=\"z\"><block type=\"coord_z\"/></value><next><block type=\"execute_command\"><value name=\"command\"><block type=\"text\"><field name=\"TEXT\">execute at @e[type=armor_stand,name=lotw-tree_illusion] run summon armor_stand ~-1 ~3 ~-1 {NoGravity:1b,Marker:1b,Invisible:1b,CustomName:'{\"text\":\"lotw-illusion_block\"}',Tags:[\"extra\",\"lotw-illusion_block_leaves\"]}</field></block></value><value name=\"x\"><block type=\"coord_x\"/></value><value name=\"y\"><block type=\"coord_y\"/></value><value name=\"z\"><block type=\"coord_z\"/></value><next><block type=\"execute_command\"><value name=\"command\"><block type=\"text\"><field name=\"TEXT\">execute at @e[type=armor_stand,name=lotw-tree_illusion] run summon armor_stand ~2 ~3 ~1 {NoGravity:1b,Marker:1b,Invisible:1b,CustomName:'{\"text\":\"lotw-illusion_block\"}',Tags:[\"extra\",\"lotw-illusion_block_leaves\"]}</field></block></value><value name=\"x\"><block type=\"coord_x\"/></value><value name=\"y\"><block type=\"coord_y\"/></value><value name=\"z\"><block type=\"coord_z\"/></value><next><block type=\"execute_command\"><value name=\"command\"><block type=\"text\"><field name=\"TEXT\">execute at @e[type=armor_stand,name=lotw-tree_illusion] run summon armor_stand ~2 ~3 ~-1 {NoGravity:1b,Marker:1b,Invisible:1b,CustomName:'{\"text\":\"lotw-illusion_block\"}',Tags:[\"extra\",\"lotw-illusion_block_leaves\"]}</field></block></value><value name=\"x\"><block type=\"coord_x\"/></value><value name=\"y\"><block type=\"coord_y\"/></value><value name=\"z\"><block type=\"coord_z\"/></value><next><block type=\"execute_command\"><value name=\"command\"><block type=\"text\"><field name=\"TEXT\">execute at @e[type=armor_stand,name=lotw-tree_illusion] run summon armor_stand ~-2 ~3 ~1 {NoGravity:1b,Marker:1b,Invisible:1b,CustomName:'{\"text\":\"lotw-illusion_block\"}',Tags:[\"extra\",\"lotw-illusion_block_leaves\"]}</field></block></value><value name=\"x\"><block type=\"coord_x\"/></value><value name=\"y\"><block type=\"coord_y\"/></value><value name=\"z\"><block type=\"coord_z\"/></value><next><block type=\"execute_command\"><value name=\"command\"><block type=\"text\"><field name=\"TEXT\">execute at @e[type=armor_stand,name=lotw-tree_illusion] run summon armor_stand ~-2 ~3 ~-1 {NoGravity:1b,Marker:1b,Invisible:1b,CustomName:'{\"text\":\"lotw-illusion_block\"}',Tags:[\"extra\",\"lotw-illusion_block_leaves\"]}</field></block></value><value name=\"x\"><block type=\"coord_x\"/></value><value name=\"y\"><block type=\"coord_y\"/></value><value name=\"z\"><block type=\"coord_z\"/></value><next><block type=\"execute_command\"><value name=\"command\"><block type=\"text\"><field name=\"TEXT\">execute at @e[type=armor_stand,name=lotw-tree_illusion] run summon armor_stand ~1 ~3 ~2 {NoGravity:1b,Marker:1b,Invisible:1b,CustomName:'{\"text\":\"lotw-illusion_block\"}',Tags:[\"extra\",\"lotw-illusion_block_leaves\"]}</field></block></value><value name=\"x\"><block type=\"coord_x\"/></value><value name=\"y\"><block type=\"coord_y\"/></value><value name=\"z\"><block type=\"coord_z\"/></value><next><block type=\"execute_command\"><value name=\"command\"><block type=\"text\"><field name=\"TEXT\">execute at @e[type=armor_stand,name=lotw-tree_illusion] run summon armor_stand ~1 ~3 ~-2 {NoGravity:1b,Marker:1b,Invisible:1b,CustomName:'{\"text\":\"lotw-illusion_block\"}',Tags:[\"extra\",\"lotw-illusion_block_leaves\"]}</field></block></value><value name=\"x\"><block type=\"coord_x\"/></value><value name=\"y\"><block type=\"coord_y\"/></value><value name=\"z\"><block type=\"coord_z\"/></value><next><block type=\"execute_command\"><value name=\"command\"><block type=\"text\"><field name=\"TEXT\">execute at @e[type=armor_stand,name=lotw-tree_illusion] run summon armor_stand ~-1 ~3 ~2 {NoGravity:1b,Marker:1b,Invisible:1b,CustomName:'{\"text\":\"lotw-illusion_block\"}',Tags:[\"extra\",\"lotw-illusion_block_leaves\"]}</field></block></value><value name=\"x\"><block type=\"coord_x\"/></value><value name=\"y\"><block type=\"coord_y\"/></value><value name=\"z\"><block type=\"coord_z\"/></value><next><block type=\"execute_command\"><value name=\"command\"><block type=\"text\"><field name=\"TEXT\">execute at @e[type=armor_stand,name=lotw-tree_illusion] run summon armor_stand ~-1 ~3 ~-2 {NoGravity:1b,Marker:1b,Invisible:1b,CustomName:'{\"text\":\"lotw-illusion_block\"}',Tags:[\"extra\",\"lotw-illusion_block_leaves\"]}</field></block></value><value name=\"x\"><block type=\"coord_x\"/></value><value name=\"y\"><block type=\"coord_y\"/></value><value name=\"z\"><block type=\"coord_z\"/></value><next><block type=\"execute_command\"><value name=\"command\"><block type=\"text\"><field name=\"TEXT\">execute at @e[type=armor_stand,name=lotw-tree_illusion] run summon armor_stand ~2 ~3 ~ {NoGravity:1b,Marker:1b,Invisible:1b,CustomName:'{\"text\":\"lotw-illusion_block\"}',Tags:[\"extra\",\"lotw-illusion_block_leaves\"]}</field></block></value><value name=\"x\"><block type=\"coord_x\"/></value><value name=\"y\"><block type=\"coord_y\"/></value><value name=\"z\"><block type=\"coord_z\"/></value><next><block type=\"execute_command\"><value name=\"command\"><block type=\"text\"><field name=\"TEXT\">execute at @e[type=armor_stand,name=lotw-tree_illusion] run summon armor_stand ~-2 ~3 ~ {NoGravity:1b,Marker:1b,Invisible:1b,CustomName:'{\"text\":\"lotw-illusion_block\"}',Tags:[\"extra\",\"lotw-illusion_block_leaves\"]}</field></block></value><value name=\"x\"><block type=\"coord_x\"/></value><value name=\"y\"><block type=\"coord_y\"/></value><value name=\"z\"><block type=\"coord_z\"/></value><next><block type=\"execute_command\"><value name=\"command\"><block type=\"text\"><field name=\"TEXT\">execute at @e[type=armor_stand,name=lotw-tree_illusion] run summon armor_stand ~ ~3 ~2 {NoGravity:1b,Marker:1b,Invisible:1b,CustomName:'{\"text\":\"lotw-illusion_block\"}',Tags:[\"extra\",\"lotw-illusion_block_leaves\"]}</field></block></value><value name=\"x\"><block type=\"coord_x\"/></value><value name=\"y\"><block type=\"coord_y\"/></value><value name=\"z\"><block type=\"coord_z\"/></value><next><block type=\"execute_command\"><value name=\"command\"><block type=\"text\"><field name=\"TEXT\">execute at @e[type=armor_stand,name=lotw-tree_illusion] run summon armor_stand ~ ~3 ~-2 {NoGravity:1b,Marker:1b,Invisible:1b,CustomName:'{\"text\":\"lotw-illusion_block\"}',Tags:[\"extra\",\"lotw-illusion_block_leaves\"]}</field></block></value><value name=\"x\"><block type=\"coord_x\"/></value><value name=\"y\"><block type=\"coord_y\"/></value><value name=\"z\"><block type=\"coord_z\"/></value><next><block type=\"execute_command\"><value name=\"command\"><block type=\"text\"><field name=\"TEXT\">execute at @e[type=armor_stand,name=lotw-tree_illusion] run summon armor_stand ~-1 ~5 ~ {NoGravity:1b,Marker:1b,Invisible:1b,CustomName:'{\"text\":\"lotw-illusion_block\"}',Tags:[\"extra\",\"lotw-illusion_block_leaves\"]}</field></block></value><value name=\"x\"><block type=\"coord_x\"/></value><value name=\"y\"><block type=\"coord_y\"/></value><value name=\"z\"><block type=\"coord_z\"/></value><next><block type=\"execute_command\"><value name=\"command\"><block type=\"text\"><field name=\"TEXT\">execute at @e[type=armor_stand,name=lotw-tree_illusion] run summon armor_stand ~ ~5 ~1 {NoGravity:1b,Marker:1b,Invisible:1b,CustomName:'{\"text\":\"lotw-illusion_block\"}',Tags:[\"extra\",\"lotw-illusion_block_leaves\"]}</field></block></value><value name=\"x\"><block type=\"coord_x\"/></value><value name=\"y\"><block type=\"coord_y\"/></value><value name=\"z\"><block type=\"coord_z\"/></value><next><block type=\"execute_command\"><value name=\"command\"><block type=\"text\"><field name=\"TEXT\">execute at @e[type=armor_stand,name=lotw-tree_illusion] run summon armor_stand ~ ~5 ~-1 {NoGravity:1b,Marker:1b,Invisible:1b,CustomName:'{\"text\":\"lotw-illusion_block\"}',Tags:[\"extra\",\"lotw-illusion_block_leaves\"]}</field></block></value><value name=\"x\"><block type=\"coord_x\"/></value><value name=\"y\"><block type=\"coord_y\"/></value><value name=\"z\"><block type=\"coord_z\"/></value><next><block type=\"execute_command\"><value name=\"command\"><block type=\"text\"><field name=\"TEXT\">execute at @e[type=armor_stand,name=lotw-tree_illusion] run summon armor_stand ~1 ~5 ~ {NoGravity:1b,Marker:1b,Invisible:1b,CustomName:'{\"text\":\"lotw-illusion_block\"}',Tags:[\"extra\",\"lotw-illusion_block_leaves\"]}</field></block></value><value name=\"x\"><block type=\"coord_x\"/></value><value name=\"y\"><block type=\"coord_y\"/></value><value name=\"z\"><block type=\"coord_z\"/></value></block></next></block></next></block></next></block></next></block></next></block></next></block></next></block></next></block></next></block></next></block></next></block></next></block></next></block></next></block></next></block></next></block></next></block></next></block></next></block></next></block></next></block></next></block></next></block></next></block></next></block></next></block></next></block></next></block></next></block></next></block></next></block></next></block></next></block></next></block></next></block></next></block></next></block></next></block></next></block></next></block></next></block></next></block></next></block></next></block></next></block></next></block></next></block></next></block></next></block></next></block></next></block></next></block></next></block></next></block></next></block></next></block></next></block></next></block></statement><next><block collapsed=\"true\" type=\"controls_if\"><value name=\"IF0\"><block type=\"logic_boolean\"><field name=\"BOOL\">TRUE</field></block></value><statement name=\"DO0\"><block type=\"controls_if\"><value name=\"IF0\"><block type=\"math_binary_ops\"><field name=\"OP\">LTE</field><value name=\"A\"><block type=\"math_java_constants\"><field name=\"CONSTANT\">RANDOM</field></block></value><value name=\"B\"><block type=\"math_number\"><field name=\"NUM\">0.75</field></block></value></block></value><statement name=\"DO0\"><block type=\"execute_command\"><value name=\"command\"><block type=\"text\"><field name=\"TEXT\">execute at @e[type=armor_stand,name=lotw-tree_illusion] run summon armor_stand ~-2 ~3 ~-2 {NoGravity:1b,Marker:1b,Invisible:1b,CustomName:'{\"text\":\"lotw-illusion_block\"}',Tags:[\"extra\",\"lotw-illusion_block_leaves\"]}</field></block></value><value name=\"x\"><block type=\"coord_x\"/></value><value name=\"y\"><block type=\"coord_y\"/></value><value name=\"z\"><block type=\"coord_z\"/></value></block></statement><next><block type=\"controls_if\"><value name=\"IF0\"><block type=\"math_binary_ops\"><field name=\"OP\">LTE</field><value name=\"A\"><block type=\"math_java_constants\"><field name=\"CONSTANT\">RANDOM</field></block></value><value name=\"B\"><block type=\"math_number\"><field name=\"NUM\">0.75</field></block></value></block></value><statement name=\"DO0\"><block type=\"execute_command\"><value name=\"command\"><block type=\"text\"><field name=\"TEXT\">execute at @e[type=armor_stand,name=lotw-tree_illusion] run summon armor_stand ~-2 ~3 ~2 {NoGravity:1b,Marker:1b,Invisible:1b,CustomName:'{\"text\":\"lotw-illusion_block\"}',Tags:[\"extra\",\"lotw-illusion_block_leaves\"]}</field></block></value><value name=\"x\"><block type=\"coord_x\"/></value><value name=\"y\"><block type=\"coord_y\"/></value><value name=\"z\"><block type=\"coord_z\"/></value></block></statement><next><block type=\"controls_if\"><value name=\"IF0\"><block type=\"math_binary_ops\"><field name=\"OP\">LTE</field><value name=\"A\"><block type=\"math_java_constants\"><field name=\"CONSTANT\">RANDOM</field></block></value><value name=\"B\"><block type=\"math_number\"><field name=\"NUM\">0.75</field></block></value></block></value><statement name=\"DO0\"><block type=\"execute_command\"><value name=\"command\"><block type=\"text\"><field name=\"TEXT\">execute at @e[type=armor_stand,name=lotw-tree_illusion] run summon armor_stand ~2 ~3 ~-2 {NoGravity:1b,Marker:1b,Invisible:1b,CustomName:'{\"text\":\"lotw-illusion_block\"}',Tags:[\"extra\",\"lotw-illusion_block_leaves\"]}</field></block></value><value name=\"x\"><block type=\"coord_x\"/></value><value name=\"y\"><block type=\"coord_y\"/></value><value name=\"z\"><block type=\"coord_z\"/></value></block></statement><next><block type=\"controls_if\"><value name=\"IF0\"><block type=\"math_binary_ops\"><field name=\"OP\">LTE</field><value name=\"A\"><block type=\"math_java_constants\"><field name=\"CONSTANT\">RANDOM</field></block></value><value name=\"B\"><block type=\"math_number\"><field name=\"NUM\">0.75</field></block></value></block></value><statement name=\"DO0\"><block type=\"execute_command\"><value name=\"command\"><block type=\"text\"><field name=\"TEXT\">execute at @e[type=armor_stand,name=lotw-tree_illusion] run summon armor_stand ~2 ~3 ~2 {NoGravity:1b,Marker:1b,Invisible:1b,CustomName:'{\"text\":\"lotw-illusion_block\"}',Tags:[\"extra\",\"lotw-illusion_block_leaves\"]}</field></block></value><value name=\"x\"><block type=\"coord_x\"/></value><value name=\"y\"><block type=\"coord_y\"/></value><value name=\"z\"><block type=\"coord_z\"/></value></block></statement></block></next></block></next></block></next></block></statement><next><block collapsed=\"true\" type=\"controls_if\"><value name=\"IF0\"><block type=\"logic_boolean\"><field name=\"BOOL\">TRUE</field></block></value><statement name=\"DO0\"><block type=\"controls_if\"><value name=\"IF0\"><block type=\"math_binary_ops\"><field name=\"OP\">LTE</field><value name=\"A\"><block type=\"math_java_constants\"><field name=\"CONSTANT\">RANDOM</field></block></value><value name=\"B\"><block type=\"math_number\"><field name=\"NUM\">0.75</field></block></value></block></value><statement name=\"DO0\"><block type=\"execute_command\"><value name=\"command\"><block type=\"text\"><field name=\"TEXT\">execute at @e[type=armor_stand,name=lotw-tree_illusion] run summon armor_stand ~1 ~5 ~1 {NoGravity:1b,Marker:1b,Invisible:1b,CustomName:'{\"text\":\"lotw-illusion_block\"}',Tags:[\"extra\",\"lotw-illusion_block_leaves\"]}</field></block></value><value name=\"x\"><block type=\"coord_x\"/></value><value name=\"y\"><block type=\"coord_y\"/></value><value name=\"z\"><block type=\"coord_z\"/></value></block></statement><next><block type=\"controls_if\"><value name=\"IF0\"><block type=\"math_binary_ops\"><field name=\"OP\">LTE</field><value name=\"A\"><block type=\"math_java_constants\"><field name=\"CONSTANT\">RANDOM</field></block></value><value name=\"B\"><block type=\"math_number\"><field name=\"NUM\">0.75</field></block></value></block></value><statement name=\"DO0\"><block type=\"execute_command\"><value name=\"command\"><block type=\"text\"><field name=\"TEXT\">execute at @e[type=armor_stand,name=lotw-tree_illusion] run summon armor_stand ~1 ~5 ~-1 {NoGravity:1b,Marker:1b,Invisible:1b,CustomName:'{\"text\":\"lotw-illusion_block\"}',Tags:[\"extra\",\"lotw-illusion_block_leaves\"]}</field></block></value><value name=\"x\"><block type=\"coord_x\"/></value><value name=\"y\"><block type=\"coord_y\"/></value><value name=\"z\"><block type=\"coord_z\"/></value></block></statement><next><block type=\"controls_if\"><value name=\"IF0\"><block type=\"math_binary_ops\"><field name=\"OP\">LTE</field><value name=\"A\"><block type=\"math_java_constants\"><field name=\"CONSTANT\">RANDOM</field></block></value><value name=\"B\"><block type=\"math_number\"><field name=\"NUM\">0.75</field></block></value></block></value><statement name=\"DO0\"><block type=\"execute_command\"><value name=\"command\"><block type=\"text\"><field name=\"TEXT\">execute at @e[type=armor_stand,name=lotw-tree_illusion] run summon armor_stand ~-1 ~5 ~1 {NoGravity:1b,Marker:1b,Invisible:1b,CustomName:'{\"text\":\"lotw-illusion_block\"}',Tags:[\"extra\",\"lotw-illusion_block_leaves\"]}</field></block></value><value name=\"x\"><block type=\"coord_x\"/></value><value name=\"y\"><block type=\"coord_y\"/></value><value name=\"z\"><block type=\"coord_z\"/></value></block></statement><next><block type=\"controls_if\"><value name=\"IF0\"><block type=\"math_binary_ops\"><field name=\"OP\">LTE</field><value name=\"A\"><block type=\"math_java_constants\"><field name=\"CONSTANT\">RANDOM</field></block></value><value name=\"B\"><block type=\"math_number\"><field name=\"NUM\">0.75</field></block></value></block></value><statement name=\"DO0\"><block type=\"execute_command\"><value name=\"command\"><block type=\"text\"><field name=\"TEXT\">execute at @e[type=armor_stand,name=lotw-tree_illusion] run summon armor_stand ~-1 ~5 ~-1 {NoGravity:1b,Marker:1b,Invisible:1b,CustomName:'{\"text\":\"lotw-illusion_block\"}',Tags:[\"extra\",\"lotw-illusion_block_leaves\"]}</field></block></value><value name=\"x\"><block type=\"coord_x\"/></value><value name=\"y\"><block type=\"coord_y\"/></value><value name=\"z\"><block type=\"coord_z\"/></value></block></statement></block></next></block></next></block></next></block></statement><next><block type=\"execute_command\"><value name=\"command\"><block type=\"text\"><field name=\"TEXT\">setblock ~ ~ ~ air</field></block></value><value name=\"x\"><block type=\"coord_x\"/></value><value name=\"y\"><block type=\"coord_y\"/></value><value name=\"z\"><block type=\"coord_z\"/></value><next><block type=\"execute_command\"><value name=\"command\"><block type=\"text\"><field name=\"TEXT\">/execute as @e[type=armor_stand,name=lotw-pre_tree_illusion] at @s run tag @s add lotw-tree_illusion_placed</field></block></value><value name=\"x\"><block type=\"coord_x\"/></value><value name=\"y\"><block type=\"coord_y\"/></value><value name=\"z\"><block type=\"coord_z\"/></value><next><block type=\"execute_command\"><value name=\"command\"><block type=\"text\"><field name=\"TEXT\">kill @e[type=armor_stand,name=lotw-tree_illusion]</field></block></value><value name=\"x\"><block type=\"coord_x\"/></value><value name=\"y\"><block type=\"coord_y\"/></value><value name=\"z\"><block type=\"coord_z\"/></value><next><block type=\"execute_command\"><value name=\"command\"><block type=\"text\"><field name=\"TEXT\">/playsound minecraft:entity.evoker.prepare_summon ambient @a[distance=..100] ~ ~ ~ 2 0.75 0.025</field></block></value><value name=\"x\"><block type=\"coord_x\"/></value><value name=\"y\"><block type=\"coord_y\"/></value><value name=\"z\"><block type=\"coord_z\"/></value></block></next></block></next></block></next></block></next></block></next></block></next></block></next></block></next></block></next></block></xml>"
  }
}