{
  "credit": "Made with Blockbench",
  "texture_size": [
    112,
    112
  ],
  "elements": [
    {
      "name": "circle",
      "from": [
        -16,
        0.5,
        -16
      ],
      "to": [
        32,
        0.5,
        32
      ],
      "faces": {
        "north": {
          "uv": [
            0,
            0,
            0,
            0
          ],
          "texture": "#1"
        },
        "east": {
          "uv": [
            0,
            0,
            0,
            0
          ],
          "texture": "#1"
        },
        "south": {
          "uv": [
            0,
            0,
            0,
            0
          ],
          "texture": "#1"
        },
        "west": {
          "uv": [
            0,
            0,
            0,
            0
          ],
          "texture": "#1"
        },
        "up": {
          "uv": [
            0,
            0,
            14.14286,
            14.14286
          ],
          "texture": "#1"
        },
        "down": {
          "uv": [
            0,
            0,
            14.14286,
            14.14286
          ],
          "texture": "#1"
        }
      }
    }
  ],
  "display": {
    "thirdperson_righthand": {
      "rotation": [
        90,
        0,
        0
      ],
      "translation": [
        -6,
        -2,
        10
      ],
      "scale": [
        4,
        0,
        4
      ]
    },
    "thirdperson_lefthand": {
      "rotation": [
        90,
        0,
        0
      ],
      "translation": [
        -6,
        -2,
        10
      ],
      "scale": [
        1.25,
        0,
        1.25
      ]
    },
    "firstperson_righthand": {
      "rotation": [
        55,
        0,
        0
      ],
      "translation": [
        -9,
        9.25,
        -8
      ]
    },
    "firstperson_lefthand": {
      "rotation": [
        55,
        0,
        0
      ],
      "translation": [
        -9,
        9.25,
        -8
      ]
    },
    "ground": {
      "translation": [
        0,
        28.25,
        0
      ],
      "scale": [
        4,
        4,
        4
      ]
    },
    "gui": {
      "rotation": [
        90,
        0,
        0
      ],
      "scale": [
        0.275,
        0,
        0.275
      ]
    },
    "head": {
      "translation": [
        0,
        25,
        0
      ],
      "scale": [
        4,
        4,
        4
      ]
    },
    "fixed": {
      "rotation": [
        -90,
        0,
        0
      ],
      "translation": [
        0,
        0,
        -0.5
      ],
      "scale": [
        0.35,
        0,
        0.35
      ]
    }
  }
}