{
	"credit": "Made with Blockbench",
	"textures": {
		"1": "target_arrow",
		"particle": "target_arrow"
	},
	"elements": [
		{
			"from": [0, 0, 0],
			"to": [16, 0, 16],
			"rotation": {"angle": 0, "axis": "y", "origin": [30, 0, -16]},
			"faces": {
				"north": {"uv": [0, 0, 0, 0], "texture": "#1"},
				"east": {"uv": [0, 0, 0, 0], "texture": "#1"},
				"south": {"uv": [0, 0, 0, 0], "texture": "#1"},
				"west": {"uv": [0, 0, 0, 0], "texture": "#1"},
				"up": {"uv": [0, 0, 16, 16], "texture": "#1"},
				"down": {"uv": [0, 0, 16, 16], "texture": "#1"}
			}
		}
	],
	"display": {
		"thirdperson_righthand": {
			"translation": [-6, 6, 80]
		},
		"thirdperson_lefthand": {
			"translation": [-6, 6, 10],
			"scale": [4, 1, 4]
		},
		"firstperson_righthand": {
			"rotation": [90, 0, 0],
			"translation": [-9.02, 8.32, 3],
			"scale": [0.1, 1, 0.1]
		},
		"firstperson_lefthand": {
			"rotation": [90, 0, 0],
			"translation": [-9.06, 8.32, 3],
			"scale": [0.5, 1, 0.5]
		},
		"ground": {
			"rotation": [90, 0, 0],
			"translation": [0, 80, 0],
			"scale": [4, 0, 4]
		},
		"gui": {
			"rotation": [90, 0, 0],
			"scale": [0.25, 0, 0.25]
		},
		"head": {
			"rotation": [90, 0, 0],
			"translation": [0, -4.75, 8]
		},
		"fixed": {
			"rotation": [90, 0, 0],
			"scale": [1, 0, 1]
		}
	}
}