{
  "_fv": 73,
  "_type": "gui",
  "definition": {
    "type": 0,
    "width": 0,
    "height": 0,
    "inventoryOffsetX": 0,
    "inventoryOffsetY": 0,
    "renderBgLayer": true,
    "doesPauseGame": false,
    "components": [
      {
        "type": "image",
        "data": {
          "image": "background_book.png",
          "use1Xscale": true,
          "x": 54,
          "y": 16,
          "locked": false
        }
      },
      {
        "type": "label",
        "data": {
          "name": "label_proc_gu_ireturn_mana",
          "text": {
            "fixedValue": "",
            "name": "GUIreturnMana"
          },
          "color": {
            "value": -10066330,
            "falpha": 0.0
          },
          "x": 54,
          "y": 4,
          "locked": false
        }
      },
      {
        "type": "label",
        "data": {
          "name": "label_and_custom",
          "text": {
            "fixedValue": "Auto add player/entity"
          },
          "color": {
            "value": -12829636,
            "falpha": 0.0
          },
          "x": 78,
          "y": 52,
          "locked": false
        }
      },
      {
        "type": "label",
        "data": {
          "name": "label_your_magic_maybe_in_some_case",
          "text": {
            "fixedValue": "Add player/entity to ally"
          },
          "color": {
            "value": -12829636,
            "falpha": 0.0
          },
          "x": 230,
          "y": 52,
          "locked": false
        }
      },
      {
        "type": "label",
        "data": {
          "name": "label_auto_add",
          "text": {
            "fixedValue": "AUTO LIST"
          },
          "color": {
            "value": -1,
            "falpha": 0.0
          },
          "x": 110,
          "y": 32,
          "locked": false
        }
      },
      {
        "type": "label",
        "data": {
          "name": "label_manual",
          "text": {
            "fixedValue": "MANUAL LIST"
          },
          "color": {
            "value": -1,
            "falpha": 0.0
          },
          "x": 262,
          "y": 32,
          "locked": false
        }
      },
      {
        "type": "label",
        "data": {
          "name": "label_chat_setting",
          "text": {
            "fixedValue": "Chat Message"
          },
          "color": {
            "value": -12829636,
            "falpha": 0.0
          },
          "x": 234,
          "y": 172,
          "locked": false
        }
      },
      {
        "type": "tooltip",
        "data": {
          "name": "tooltip_reset_ally_list_to_empty",
          "text": {
            "fixedValue": "Reset ally list to empty"
          },
          "width": 8,
          "height": 8,
          "x": 142,
          "y": 96,
          "locked": false
        }
      },
      {
        "type": "label",
        "data": {
          "name": "label_proc_ally_list_gu_ireturn_auto_1",
          "text": {
            "fixedValue": "",
            "name": "AllyListGUIreturnAuto1"
          },
          "color": {
            "value": -6710887,
            "falpha": 0.0
          },
          "x": 70,
          "y": 136,
          "locked": false
        }
      },
      {
        "type": "label",
        "data": {
          "name": "label_proc_ally_list_gu_ireturn_auto_2",
          "text": {
            "fixedValue": "",
            "name": "AllyListGUIreturnAuto2"
          },
          "color": {
            "value": -6710887,
            "falpha": 0.0
          },
          "x": 70,
          "y": 160,
          "locked": false
        }
      },
      {
        "type": "label",
        "data": {
          "name": "label_proc_ally_list_gu_ireturn_auto_3",
          "text": {
            "fixedValue": "",
            "name": "AllyListGUIreturnAuto3"
          },
          "color": {
            "value": -6710887,
            "falpha": 0.0
          },
          "x": 70,
          "y": 184,
          "locked": false
        }
      },
      {
        "type": "label",
        "data": {
          "name": "label_proc_ally_list_gu_ireturn_manual",
          "text": {
            "fixedValue": "",
            "name": "AllyListGUIreturnManual"
          },
          "color": {
            "value": -6710887,
            "falpha": 0.0
          },
          "x": 222,
          "y": 108,
          "locked": false
        }
      },
      {
        "type": "label",
        "data": {
          "name": "label_proc_ally_list_gu_ireturn_chat_s",
          "text": {
            "fixedValue": "",
            "name": "AllyListGUIreturnChatSetting"
          },
          "color": {
            "value": -6710887,
            "falpha": 0.0
          },
          "x": 234,
          "y": 184,
          "locked": false
        }
      },
      {
        "type": "tooltip",
        "data": {
          "name": "tooltip_send_chat_to_these_player_when_y",
          "text": {
            "fixedValue": "Send chat to these players when you add/remove them from ally list"
          },
          "width": 8,
          "height": 8,
          "x": 350,
          "y": 172,
          "locked": false
        }
      },
      {
        "type": "tooltip",
        "data": {
          "name": "tooltip_manual_add_playerentity_to_ally",
          "text": {
            "fixedValue": "Manual add player/entity to ally list"
          },
          "width": 8,
          "height": 8,
          "x": 246,
          "y": 96,
          "locked": false
        }
      },
      {
        "type": "tooltip",
        "data": {
          "name": "tooltip_manual_remove_playerentity_to_a",
          "text": {
            "fixedValue": "Manual remove player/entity to ally list"
          },
          "width": 8,
          "height": 8,
          "x": 258,
          "y": 96,
          "locked": false
        }
      },
      {
        "type": "label",
        "data": {
          "name": "label_maybe_in_some_case",
          "text": {
            "fixedValue": "list by yourself."
          },
          "color": {
            "value": -12829636,
            "falpha": 0.0
          },
          "x": 222,
          "y": 64,
          "locked": false
        }
      },
      {
        "type": "imagebutton",
        "data": {
          "name": "imagebutton_symbol_add",
          "image": "symbol_add.png",
          "hoveredImage": "",
          "onClick": {
            "name": "AllyListGUIbuttonManualSet"
          },
          "x": 246,
          "y": 96,
          "locked": false
        }
      },
      {
        "type": "imagebutton",
        "data": {
          "name": "imagebutton_symbol_alternative_keyboard",
          "image": "symbol_alternative_keyboard.png",
          "hoveredImage": "",
          "onClick": {
            "name": "AllyListGUIbuttonManualAdd"
          },
          "x": 222,
          "y": 96,
          "locked": false
        }
      },
      {
        "type": "imagebutton",
        "data": {
          "name": "imagebutton_symbol_alternative_keyboard1",
          "image": "symbol_alternative_keyboard.png",
          "hoveredImage": "",
          "onClick": {
            "name": "AllyListGUIbuttonAutoAdd1"
          },
          "x": 70,
          "y": 124,
          "locked": false
        }
      },
      {
        "type": "imagebutton",
        "data": {
          "name": "imagebutton_symbol_alternative_keyboard2",
          "image": "symbol_alternative_keyboard.png",
          "hoveredImage": "",
          "onClick": {
            "name": "AllyListGUIbuttonAutoAdd2"
          },
          "x": 70,
          "y": 148,
          "locked": false
        }
      },
      {
        "type": "imagebutton",
        "data": {
          "name": "imagebutton_symbol_alternative_keyboard3",
          "image": "symbol_alternative_keyboard.png",
          "hoveredImage": "",
          "onClick": {
            "name": "AllyListGUIbuttonAutoAdd3"
          },
          "x": 70,
          "y": 172,
          "locked": false
        }
      },
      {
        "type": "imagebutton",
        "data": {
          "name": "imagebutton_icon_home",
          "image": "icon_home.png",
          "hoveredImage": "icon_home_2s.png",
          "onClick": {
            "name": "MenuGUIOpen"
          },
          "x": 42,
          "y": 24,
          "locked": false
        }
      },
      {
        "type": "imagebutton",
        "data": {
          "name": "imagebutton_symbol_exit",
          "image": "symbol_exit.png",
          "hoveredImage": "",
          "onClick": {
            "name": "GUIClose"
          },
          "x": 358,
          "y": 208,
          "locked": false
        }
      },
      {
        "type": "imagebutton",
        "data": {
          "name": "imagebutton_symbol_help2",
          "image": "symbol_help.png",
          "hoveredImage": "",
          "x": 350,
          "y": 172,
          "locked": false
        }
      },
      {
        "type": "imagebutton",
        "data": {
          "name": "imagebutton_symbol_help_2s",
          "image": "symbol_help_2s.png",
          "hoveredImage": "",
          "onClick": {
            "name": "AllyListGUIbuttonShowList"
          },
          "x": 126,
          "y": 96,
          "locked": false
        }
      },
      {
        "type": "imagebutton",
        "data": {
          "name": "imagebutton_symbol_remove",
          "image": "symbol_remove.png",
          "hoveredImage": "",
          "onClick": {
            "name": "AllyListGUIbuttonManualRemove"
          },
          "x": 258,
          "y": 96,
          "locked": false
        }
      },
      {
        "type": "imagebutton",
        "data": {
          "name": "imagebutton_symbol_remove1",
          "image": "symbol_remove.png",
          "hoveredImage": "",
          "onClick": {
            "name": "AllyListGUIbuttonRemoveAll"
          },
          "x": 142,
          "y": 96,
          "locked": false
        }
      },
      {
        "type": "imagebutton",
        "data": {
          "name": "imagebutton_symbol_remove_2s",
          "image": "symbol_remove_2s.png",
          "hoveredImage": "",
          "onClick": {
            "name": "AllyListGUIbuttonManualClear"
          },
          "x": 234,
          "y": 96,
          "locked": false
        }
      },
      {
        "type": "imagebutton",
        "data": {
          "name": "imagebutton_symbol_remove_2s1",
          "image": "symbol_remove_2s.png",
          "hoveredImage": "",
          "onClick": {
            "name": "AllyListGUIbuttonAutoClear1"
          },
          "x": 82,
          "y": 124,
          "locked": false
        }
      },
      {
        "type": "imagebutton",
        "data": {
          "name": "imagebutton_symbol_remove_2s2",
          "image": "symbol_remove_2s.png",
          "hoveredImage": "",
          "onClick": {
            "name": "AllyListGUIbuttonAutoClear2"
          },
          "x": 82,
          "y": 148,
          "locked": false
        }
      },
      {
        "type": "imagebutton",
        "data": {
          "name": "imagebutton_symbol_remove_2s3",
          "image": "symbol_remove_2s.png",
          "hoveredImage": "",
          "onClick": {
            "name": "AllyListGUIbuttonAutoClear3"
          },
          "x": 82,
          "y": 172,
          "locked": false
        }
      },
      {
        "type": "imagebutton",
        "data": {
          "name": "imagebutton_symbol_set_cycle",
          "image": "symbol_set_cycle.png",
          "hoveredImage": "",
          "onClick": {
            "name": "AllyListGUIbuttonChatSetting"
          },
          "x": 222,
          "y": 184,
          "locked": false
        }
      },
      {
        "type": "imagebutton",
        "data": {
          "name": "imagebutton_symbol_next",
          "image": "symbol_next.png",
          "hoveredImage": "",
          "onClick": {
            "name": "GUInext"
          },
          "x": 366,
          "y": 108,
          "locked": false
        }
      },
      {
        "type": "imagebutton",
        "data": {
          "name": "imagebutton_symbol_previous",
          "image": "symbol_previous.png",
          "hoveredImage": "",
          "onClick": {
            "name": "GUIprevious"
          },
          "x": 54,
          "y": 108,
          "locked": false
        }
      },
      {
        "type": "tooltip",
        "data": {
          "name": "tooltip_send_a_list_of_your_allies_to_yo",
          "text": {
            "fixedValue": "Send a list of your allies to your chat"
          },
          "width": 8,
          "height": 8,
          "x": 126,
          "y": 96,
          "locked": false
        }
      },
      {
        "type": "imagebutton",
        "data": {
          "name": "imagebutton_symbol_line_2s",
          "image": "symbol_line_2s.png",
          "hoveredImage": "",
          "x": 222,
          "y": 172,
          "locked": false
        }
      },
      {
        "type": "label",
        "data": {
          "name": "label_proc_gu_ireturn_page_left",
          "text": {
            "fixedValue": "",
            "name": "GUIreturnPageLeft"
          },
          "color": {
            "value": -3355444,
            "falpha": 0.0
          },
          "x": 130,
          "y": 208,
          "locked": false
        }
      },
      {
        "type": "label",
        "data": {
          "name": "label_proc_gu_ireturn_page_right",
          "text": {
            "fixedValue": "",
            "name": "GUIreturnPageRight"
          },
          "color": {
            "value": -3355444,
            "falpha": 0.0
          },
          "x": 282,
          "y": 208,
          "locked": false
        }
      },
      {
        "type": "label",
        "data": {
          "name": "label_settings",
          "text": {
            "fixedValue": "SETTINGS"
          },
          "color": {
            "value": -1,
            "falpha": 0.0
          },
          "x": 270,
          "y": 152,
          "locked": false
        }
      },
      {
        "type": "label",
        "data": {
          "name": "label_to_ally_list_every_minute",
          "text": {
            "fixedValue": "to ally list every minute."
          },
          "color": {
            "value": -12829636,
            "falpha": 0.0
          },
          "x": 70,
          "y": 64,
          "locked": false
        }
      },
      {
        "type": "imagebutton",
        "data": {
          "name": "imagebutton_background_text_red",
          "image": "background_text_red.png",
          "hoveredImage": "",
          "x": 222,
          "y": 148,
          "locked": false
        }
      },
      {
        "type": "imagebutton",
        "data": {
          "name": "imagebutton_background_text_green",
          "image": "background_text_green.png",
          "hoveredImage": "",
          "x": 70,
          "y": 28,
          "locked": false
        }
      },
      {
        "type": "imagebutton",
        "data": {
          "name": "imagebutton_background_text_green1",
          "image": "background_text_green.png",
          "hoveredImage": "",
          "x": 222,
          "y": 28,
          "locked": false
        }
      }
    ],
    "gridSettings": {
      "sx": 8,
      "sy": 8,
      "ox": 11,
      "oy": 15,
      "snapOnGrid": true
    }
  }
}