{
  "_fv": 73,
  "_type": "gui",
  "definition": {
    "type": 0,
    "width": 0,
    "height": 0,
    "inventoryOffsetX": 0,
    "inventoryOffsetY": 0,
    "renderBgLayer": true,
    "doesPauseGame": false,
    "components": [
      {
        "type": "label",
        "data": {
          "name": "label_proc_gu_ireturn_mana",
          "text": {
            "fixedValue": "",
            "name": "GUIreturnMana"
          },
          "color": {
            "value": -10066330,
            "falpha": 0.0
          },
          "x": 54,
          "y": 4,
          "locked": false
        }
      },
      {
        "type": "image",
        "data": {
          "image": "background_book.png",
          "use1Xscale": true,
          "x": 54,
          "y": 16,
          "locked": false
        }
      },
      {
        "type": "label",
        "data": {
          "name": "label_proc_gu_ireturn_page_left",
          "text": {
            "fixedValue": "",
            "name": "GUIreturnPageLeft"
          },
          "color": {
            "value": -3355444,
            "falpha": 0.0
          },
          "x": 130,
          "y": 208,
          "locked": false
        }
      },
      {
        "type": "label",
        "data": {
          "name": "label_proc_gu_ireturn_page_right",
          "text": {
            "fixedValue": "",
            "name": "GUIreturnPageRight"
          },
          "color": {
            "value": -3355444,
            "falpha": 0.0
          },
          "x": 282,
          "y": 208,
          "locked": false
        }
      },
      {
        "type": "label",
        "data": {
          "name": "label_you_need_to_make_contract",
          "text": {
            "fixedValue": "Do not use magic to harm"
          },
          "color": {
            "value": -6710887,
            "falpha": 0.0
          },
          "x": 230,
          "y": 72,
          "locked": false
        }
      },
      {
        "type": "label",
        "data": {
          "name": "label_and_make_contract_between",
          "text": {
            "fixedValue": "or killing people."
          },
          "color": {
            "value": -6710887,
            "falpha": 0.0
          },
          "x": 222,
          "y": 84,
          "locked": false
        }
      },
      {
        "type": "label",
        "data": {
          "name": "label_with_me_under_the",
          "text": {
            "fixedValue": "You can read full laws"
          },
          "color": {
            "value": -12829636,
            "falpha": 0.0
          },
          "x": 78,
          "y": 152,
          "locked": false
        }
      },
      {
        "type": "label",
        "data": {
          "name": "label_laws_of_magic_is",
          "text": {
            "fixedValue": "find in public libraries."
          },
          "color": {
            "value": -12829636,
            "falpha": 0.0
          },
          "x": 70,
          "y": 176,
          "locked": false
        }
      },
      {
        "type": "imagebutton",
        "data": {
          "name": "imagebutton_symbol_next",
          "image": "symbol_next.png",
          "hoveredImage": "",
          "onClick": {
            "name": "GUInext"
          },
          "x": 366,
          "y": 108,
          "locked": false
        }
      },
      {
        "type": "label",
        "data": {
          "name": "label_of_magic",
          "text": {
            "fixedValue": "in their laws book, can"
          },
          "color": {
            "value": -12829636,
            "falpha": 0.0
          },
          "x": 70,
          "y": 164,
          "locked": false
        }
      },
      {
        "type": "label",
        "data": {
          "name": "label_rules_strictly",
          "text": {
            "fixedValue": "Do not use magic to make"
          },
          "color": {
            "value": -6710887,
            "falpha": 0.0
          },
          "x": 230,
          "y": 100,
          "locked": false
        }
      },
      {
        "type": "label",
        "data": {
          "name": "label_the_rules_will_be_punished_accor",
          "text": {
            "fixedValue": "damage to public areas."
          },
          "color": {
            "value": -6710887,
            "falpha": 0.0
          },
          "x": 222,
          "y": 112,
          "locked": false
        }
      },
      {
        "type": "label",
        "data": {
          "name": "label_according_to_law",
          "text": {
            "fixedValue": "Unless for construction"
          },
          "color": {
            "value": -6710887,
            "falpha": 0.0
          },
          "x": 222,
          "y": 124,
          "locked": false
        }
      },
      {
        "type": "imagebutton",
        "data": {
          "name": "imagebutton_symbol_previous",
          "image": "symbol_previous.png",
          "hoveredImage": "",
          "onClick": {
            "name": "GUIprevious"
          },
          "x": 54,
          "y": 108,
          "locked": false
        }
      },
      {
        "type": "imagebutton",
        "data": {
          "name": "imagebutton_icon_home",
          "image": "icon_home.png",
          "hoveredImage": "icon_home_2s.png",
          "onClick": {
            "name": "MenuGUIOpen"
          },
          "x": 42,
          "y": 24,
          "locked": false
        }
      },
      {
        "type": "label",
        "data": {
          "name": "label_give_you_small_magic_to",
          "text": {
            "fixedValue": "LAWS OF MAGIC"
          },
          "color": {
            "value": -1,
            "falpha": 0.0
          },
          "x": 102,
          "y": 32,
          "locked": false
        }
      },
      {
        "type": "label",
        "data": {
          "name": "label_store_saves_of_spell_settings",
          "text": {
            "fixedValue": "Laws of Magic is global"
          },
          "color": {
            "value": -12829636,
            "falpha": 0.0
          },
          "x": 78,
          "y": 52,
          "locked": false
        }
      },
      {
        "type": "label",
        "data": {
          "name": "label_store_saves_of_spell_settings1",
          "text": {
            "fixedValue": "rules to govern the use"
          },
          "color": {
            "value": -12829636,
            "falpha": 0.0
          },
          "x": 70,
          "y": 64,
          "locked": false
        }
      },
      {
        "type": "label",
        "data": {
          "name": "label_around_your_body",
          "text": {
            "fixedValue": "of magic, every magic user"
          },
          "color": {
            "value": -12829636,
            "falpha": 0.0
          },
          "x": 70,
          "y": 76,
          "locked": false
        }
      },
      {
        "type": "label",
        "data": {
          "name": "label_the_key",
          "text": {
            "fixedValue": "must follow these rules."
          },
          "color": {
            "value": -12829636,
            "falpha": 0.0
          },
          "x": 70,
          "y": 88,
          "locked": false
        }
      },
      {
        "type": "label",
        "data": {
          "name": "label_settings_from_lost_when",
          "text": {
            "fixedValue": "Written by the Fermira"
          },
          "color": {
            "value": -12829636,
            "falpha": 0.0
          },
          "x": 70,
          "y": 124,
          "locked": false
        }
      },
      {
        "type": "label",
        "data": {
          "name": "label_you_lost_your_book",
          "text": {
            "fixedValue": "purposes."
          },
          "color": {
            "value": -6710887,
            "falpha": 0.0
          },
          "x": 222,
          "y": 136,
          "locked": false
        }
      },
      {
        "type": "label",
        "data": {
          "name": "label_magic_department",
          "text": {
            "fixedValue": "Magic Department."
          },
          "color": {
            "value": -12829636,
            "falpha": 0.0
          },
          "x": 70,
          "y": 136,
          "locked": false
        }
      },
      {
        "type": "label",
        "data": {
          "name": "label_anyone_who_violates_this_will_be",
          "text": {
            "fixedValue": "Who violates this will be"
          },
          "color": {
            "value": -12829636,
            "falpha": 0.0
          },
          "x": 70,
          "y": 100,
          "locked": false
        }
      },
      {
        "type": "label",
        "data": {
          "name": "label_punished_according_to_law",
          "text": {
            "fixedValue": "punished according to law."
          },
          "color": {
            "value": -12829636,
            "falpha": 0.0
          },
          "x": 70,
          "y": 112,
          "locked": false
        }
      },
      {
        "type": "label",
        "data": {
          "name": "label_here_is",
          "text": {
            "fixedValue": "Here is some important"
          },
          "color": {
            "value": -12829636,
            "falpha": 0.0
          },
          "x": 230,
          "y": 32,
          "locked": false
        }
      },
      {
        "type": "label",
        "data": {
          "name": "label_laws_you",
          "text": {
            "fixedValue": "laws you need to know and"
          },
          "color": {
            "value": -12829636,
            "falpha": 0.0
          },
          "x": 222,
          "y": 44,
          "locked": false
        }
      },
      {
        "type": "label",
        "data": {
          "name": "label_follow_them_strictly",
          "text": {
            "fixedValue": "follow them strictly."
          },
          "color": {
            "value": -12829636,
            "falpha": 0.0
          },
          "x": 222,
          "y": 56,
          "locked": false
        }
      },
      {
        "type": "imagebutton",
        "data": {
          "name": "imagebutton_symbol_exit",
          "image": "symbol_exit.png",
          "hoveredImage": "",
          "onClick": {
            "name": "GUIClose"
          },
          "x": 358,
          "y": 208,
          "locked": false
        }
      },
      {
        "type": "imagebutton",
        "data": {
          "name": "imagebutton_background_text_purple",
          "image": "background_text_purple.png",
          "hoveredImage": "",
          "x": 70,
          "y": 28,
          "locked": false
        }
      }
    ],
    "gridSettings": {
      "sx": 8,
      "sy": 8,
      "ox": 11,
      "oy": 15,
      "snapOnGrid": true
    }
  }
}