{
  "_fv": 73,
  "_type": "gui",
  "definition": {
    "type": 0,
    "width": 0,
    "height": 0,
    "inventoryOffsetX": 0,
    "inventoryOffsetY": 0,
    "renderBgLayer": true,
    "doesPauseGame": false,
    "components": [
      {
        "type": "label",
        "data": {
          "name": "label_proc_gu_ireturn_mana",
          "text": {
            "fixedValue": "",
            "name": "GUIreturnMana"
          },
          "color": {
            "value": -10066330,
            "falpha": 0.0
          },
          "x": 54,
          "y": 4,
          "locked": false
        }
      },
      {
        "type": "label",
        "data": {
          "name": "label_book_index",
          "text": {
            "fixedValue": "INDEX"
          },
          "color": {
            "value": -1,
            "falpha": 0.0
          },
          "x": 122,
          "y": 32,
          "locked": false
        }
      },
      {
        "type": "label",
        "data": {
          "name": "label_about_this_mod",
          "text": {
            "fixedValue": "Description"
          },
          "color": {
            "value": -12698050,
            "falpha": 0.0
          },
          "x": 94,
          "y": 68,
          "locked": false
        }
      },
      {
        "type": "label",
        "data": {
          "name": "label_04",
          "text": {
            "fixedValue": "005"
          },
          "color": {
            "value": -6710887,
            "falpha": 0.0
          },
          "x": 70,
          "y": 68,
          "locked": false
        }
      },
      {
        "type": "label",
        "data": {
          "name": "label_5",
          "text": {
            "fixedValue": "025"
          },
          "color": {
            "value": -6710887,
            "falpha": 0.0
          },
          "x": 70,
          "y": 124,
          "locked": false
        }
      },
      {
        "type": "label",
        "data": {
          "name": "label_ally_list",
          "text": {
            "fixedValue": "Ally List"
          },
          "color": {
            "value": -12829636,
            "falpha": 0.0
          },
          "x": 94,
          "y": 168,
          "locked": false
        }
      },
      {
        "type": "label",
        "data": {
          "name": "label_06",
          "text": {
            "fixedValue": "009"
          },
          "color": {
            "value": -6710887,
            "falpha": 0.0
          },
          "x": 70,
          "y": 80,
          "locked": false
        }
      },
      {
        "type": "label",
        "data": {
          "name": "label_alternative_keyboard",
          "text": {
            "fixedValue": "Alternative Keyboard"
          },
          "color": {
            "value": -12829636,
            "falpha": 0.0
          },
          "x": 94,
          "y": 156,
          "locked": false
        }
      },
      {
        "type": "label",
        "data": {
          "name": "label_10",
          "text": {
            "fixedValue": "023"
          },
          "color": {
            "value": -6710887,
            "falpha": 0.0
          },
          "x": 70,
          "y": 112,
          "locked": false
        }
      },
      {
        "type": "label",
        "data": {
          "name": "label_settings_and_upgrades",
          "text": {
            "fixedValue": "Agreement"
          },
          "color": {
            "value": -12698050,
            "falpha": 0.0
          },
          "x": 94,
          "y": 112,
          "locked": false
        }
      },
      {
        "type": "label",
        "data": {
          "name": "label_spell_control_panel",
          "text": {
            "fixedValue": "Personal Weapon"
          },
          "color": {
            "value": -12829636,
            "falpha": 0.0
          },
          "x": 246,
          "y": 32,
          "locked": false
        }
      },
      {
        "type": "label",
        "data": {
          "name": "label_00",
          "text": {
            "fixedValue": "029"
          },
          "color": {
            "value": -6710887,
            "falpha": 0.0
          },
          "x": 70,
          "y": 156,
          "locked": false
        }
      },
      {
        "type": "image",
        "data": {
          "image": "background_book.png",
          "use1Xscale": true,
          "x": 54,
          "y": 16,
          "locked": false
        }
      },
      {
        "type": "imagebutton",
        "data": {
          "name": "imagebutton_symbol_exit",
          "image": "symbol_exit.png",
          "hoveredImage": "",
          "onClick": {
            "name": "GUIClose"
          },
          "x": 358,
          "y": 208,
          "locked": false
        }
      },
      {
        "type": "imagebutton",
        "data": {
          "name": "imagebutton_symbol_next",
          "image": "symbol_next.png",
          "hoveredImage": "",
          "onClick": {
            "name": "GUInext"
          },
          "x": 366,
          "y": 108,
          "locked": false
        }
      },
      {
        "type": "label",
        "data": {
          "name": "label_history",
          "text": {
            "fixedValue": "History"
          },
          "color": {
            "value": -12698050,
            "falpha": 0.0
          },
          "x": 94,
          "y": 80,
          "locked": false
        }
      },
      {
        "type": "label",
        "data": {
          "name": "label_15",
          "text": {
            "fixedValue": "031"
          },
          "color": {
            "value": -6710887,
            "falpha": 0.0
          },
          "x": 70,
          "y": 168,
          "locked": false
        }
      },
      {
        "type": "label",
        "data": {
          "name": "label_from_creator",
          "text": {
            "fixedValue": "Law of Magic"
          },
          "color": {
            "value": -12698050,
            "falpha": 0.0
          },
          "x": 94,
          "y": 124,
          "locked": false
        }
      },
      {
        "type": "label",
        "data": {
          "name": "label_151",
          "text": {
            "fixedValue": "035"
          },
          "color": {
            "value": -6710887,
            "falpha": 0.0
          },
          "x": 70,
          "y": 180,
          "locked": false
        }
      },
      {
        "type": "label",
        "data": {
          "name": "label_proc_gu_ireturn_page_left",
          "text": {
            "fixedValue": "",
            "name": "GUIreturnPageLeft"
          },
          "color": {
            "value": -3355444,
            "falpha": 0.0
          },
          "x": 130,
          "y": 208,
          "locked": false
        }
      },
      {
        "type": "label",
        "data": {
          "name": "label_proc_gu_ireturn_page_right",
          "text": {
            "fixedValue": "",
            "name": "GUIreturnPageRight"
          },
          "color": {
            "value": -3355444,
            "falpha": 0.0
          },
          "x": 282,
          "y": 208,
          "locked": false
        }
      },
      {
        "type": "imagebutton",
        "data": {
          "name": "imagebutton_symbol_previous",
          "image": "symbol_previous.png",
          "hoveredImage": "",
          "onClick": {
            "name": "GUIprevious"
          },
          "x": 54,
          "y": 108,
          "locked": false
        }
      },
      {
        "type": "label",
        "data": {
          "name": "label_mana_regeneration",
          "text": {
            "fixedValue": "Mana Regeneration"
          },
          "color": {
            "value": -12829636,
            "falpha": 0.0
          },
          "x": 94,
          "y": 180,
          "locked": false
        }
      },
      {
        "type": "label",
        "data": {
          "name": "label_035",
          "text": {
            "fixedValue": "037"
          },
          "color": {
            "value": -6710887,
            "falpha": 0.0
          },
          "x": 222,
          "y": 32,
          "locked": false
        }
      },
      {
        "type": "label",
        "data": {
          "name": "label_personal_skill",
          "text": {
            "fixedValue": "Personal Skill"
          },
          "color": {
            "value": -12829636,
            "falpha": 0.0
          },
          "x": 246,
          "y": 44,
          "locked": false
        }
      },
      {
        "type": "label",
        "data": {
          "name": "label_037",
          "text": {
            "fixedValue": "041"
          },
          "color": {
            "value": -6710887,
            "falpha": 0.0
          },
          "x": 222,
          "y": 44,
          "locked": false
        }
      },
      {
        "type": "label",
        "data": {
          "name": "label_043",
          "text": {
            "fixedValue": "045"
          },
          "color": {
            "value": -6710887,
            "falpha": 0.0
          },
          "x": 222,
          "y": 76,
          "locked": false
        }
      },
      {
        "type": "label",
        "data": {
          "name": "label_advance_spells",
          "text": {
            "fixedValue": "Advance Spells"
          },
          "color": {
            "value": -12829636,
            "falpha": 0.0
          },
          "x": 246,
          "y": 76,
          "locked": false
        }
      },
      {
        "type": "label",
        "data": {
          "name": "label_045",
          "text": {
            "fixedValue": "047"
          },
          "color": {
            "value": -6710887,
            "falpha": 0.0
          },
          "x": 222,
          "y": 88,
          "locked": false
        }
      },
      {
        "type": "label",
        "data": {
          "name": "label_information",
          "text": {
            "fixedValue": "INFORMATION"
          },
          "color": {
            "value": -6750208,
            "falpha": 0.0
          },
          "x": 70,
          "y": 52,
          "locked": false
        }
      },
      {
        "type": "label",
        "data": {
          "name": "label_agreements",
          "text": {
            "fixedValue": "MUST READ"
          },
          "color": {
            "value": -6750208,
            "falpha": 0.0
          },
          "x": 70,
          "y": 96,
          "locked": false
        }
      },
      {
        "type": "label",
        "data": {
          "name": "label_hncgnc",
          "text": {
            "fixedValue": "GENERAL FEATURES"
          },
          "color": {
            "value": -6750208,
            "falpha": 0.0
          },
          "x": 70,
          "y": 140,
          "locked": false
        }
      },
      {
        "type": "label",
        "data": {
          "name": "label_spell_control_panel1",
          "text": {
            "fixedValue": "SPELL CONTROL PANEL"
          },
          "color": {
            "value": -6750208,
            "falpha": 0.0
          },
          "x": 222,
          "y": 60,
          "locked": false
        }
      },
      {
        "type": "label",
        "data": {
          "name": "label_autumn_of_loss",
          "text": {
            "fixedValue": "Autumn of Loss"
          },
          "color": {
            "value": -12829636,
            "falpha": 0.0
          },
          "x": 246,
          "y": 88,
          "locked": false
        }
      },
      {
        "type": "imagebutton",
        "data": {
          "name": "imagebutton_background_text_dark_gray",
          "image": "background_text_dark_gray.png",
          "hoveredImage": "",
          "x": 70,
          "y": 28,
          "locked": false
        }
      }
    ],
    "gridSettings": {
      "sx": 8,
      "sy": 8,
      "ox": 11,
      "oy": 15,
      "snapOnGrid": true
    }
  }
}