{
  "_fv": 73,
  "_type": "overlay",
  "definition": {
    "priority": "NORMAL",
    "components": [
      {
        "type": "label",
        "data": {
          "name": "label_proc_spell_4return_distance",
          "text": {
            "fixedValue": "",
            "name": "Spell4GUIreturnDistance"
          },
          "color": {
            "value": -13421773,
            "falpha": 0.0
          },
          "anchorPoint": "CENTER_LEFT",
          "x": 26,
          "y": 136,
          "locked": false
        }
      },
      {
        "type": "sprite",
        "data": {
          "sprite": "overlay_spell4_mode.png",
          "spritesCount": 4,
          "spriteIndex": {
            "fixedValue": 0.0,
            "name": "OVERLAYSpell4Mode"
          },
          "anchorPoint": "CENTER_LEFT",
          "x": 6,
          "y": 112,
          "locked": false
        }
      },
      {
        "type": "sprite",
        "data": {
          "sprite": "overlay_spell4_type.png",
          "spritesCount": 4,
          "spriteIndex": {
            "fixedValue": 0.0
          },
          "anchorPoint": "CENTER_LEFT",
          "x": 6,
          "y": 92,
          "locked": false
        }
      },
      {
        "type": "sprite",
        "data": {
          "sprite": "overlay_spell4_constant.png",
          "spritesCount": 2,
          "spriteIndex": {
            "fixedValue": 0.0,
            "name": "OVERLAYSpell4Constant"
          },
          "anchorPoint": "CENTER_LEFT",
          "x": 6,
          "y": 140,
          "locked": false
        }
      },
      {
        "type": "sprite",
        "data": {
          "sprite": "overlay_spell4_homing.png",
          "spritesCount": 2,
          "spriteIndex": {
            "fixedValue": 0.0,
            "name": "OVERLAYSpell4Homing"
          },
          "anchorPoint": "CENTER_LEFT",
          "x": 14,
          "y": 140,
          "locked": false
        }
      },
      {
        "type": "sprite",
        "data": {
          "sprite": "overlay_spell4_lock_target.png",
          "spritesCount": 2,
          "spriteIndex": {
            "fixedValue": 0.0,
            "name": "OVERLAYSpell4LockTarget"
          },
          "anchorPoint": "CENTER_LEFT",
          "x": 14,
          "y": 132,
          "locked": false
        }
      },
      {
        "type": "sprite",
        "data": {
          "sprite": "overlay_spell4_reverse.png",
          "spritesCount": 2,
          "spriteIndex": {
            "fixedValue": 0.0,
            "name": "OVERLAYSpell4Reverse"
          },
          "anchorPoint": "CENTER_LEFT",
          "x": 6,
          "y": 132,
          "locked": false
        }
      }
    ],
    "baseTexture": "",
    "overlayTarget": "Ingame",
    "gridSettings": {
      "sx": 8,
      "sy": 8,
      "ox": 11,
      "oy": 15,
      "snapOnGrid": true
    }
  }
}