{
  "_fv": 73,
  "_type": "gui",
  "definition": {
    "type": 0,
    "width": 0,
    "height": 0,
    "inventoryOffsetX": 0,
    "inventoryOffsetY": 0,
    "renderBgLayer": true,
    "doesPauseGame": false,
    "components": [
      {
        "type": "label",
        "data": {
          "name": "label_proc_gu_ireturn_mana",
          "text": {
            "fixedValue": "",
            "name": "GUIreturnMana"
          },
          "color": {
            "value": -10066330,
            "falpha": 0.0
          },
          "x": 54,
          "y": 4,
          "locked": false
        }
      },
      {
        "type": "image",
        "data": {
          "image": "background_book.png",
          "use1Xscale": true,
          "x": 54,
          "y": 16,
          "locked": false
        }
      },
      {
        "type": "imagebutton",
        "data": {
          "name": "imagebutton_symbol_exit",
          "image": "symbol_exit.png",
          "hoveredImage": "",
          "onClick": {
            "name": "GUIClose"
          },
          "x": 358,
          "y": 208,
          "locked": false
        }
      },
      {
        "type": "imagebutton",
        "data": {
          "name": "imagebutton_icon_home",
          "image": "icon_home.png",
          "hoveredImage": "icon_home_2s.png",
          "onClick": {
            "name": "MenuGUIOpen"
          },
          "x": 42,
          "y": 24,
          "locked": false
        }
      },
      {
        "type": "imagebutton",
        "data": {
          "name": "imagebutton_symbol_previous",
          "image": "symbol_previous.png",
          "hoveredImage": "",
          "onClick": {
            "name": "GUIprevious"
          },
          "x": 54,
          "y": 108,
          "locked": false
        }
      },
      {
        "type": "imagebutton",
        "data": {
          "name": "imagebutton_symbol_next",
          "image": "symbol_next.png",
          "hoveredImage": "",
          "onClick": {
            "name": "GUInext"
          },
          "x": 366,
          "y": 108,
          "locked": false
        }
      },
      {
        "type": "label",
        "data": {
          "name": "label_health",
          "text": {
            "fixedValue": "",
            "name": "PersonalSkillGUIreturnCustom"
          },
          "color": {
            "value": -12829636,
            "falpha": 0.0
          },
          "x": 222,
          "y": 160,
          "locked": false
        }
      },
      {
        "type": "label",
        "data": {
          "name": "label_skill_level",
          "text": {
            "fixedValue": "Level"
          },
          "color": {
            "value": -12829636,
            "falpha": 0.0
          },
          "x": 234,
          "y": 52,
          "locked": false
        }
      },
      {
        "type": "label",
        "data": {
          "name": "label_gravity_control",
          "text": {
            "fixedValue": "",
            "name": "PersonalSkillGUIreturnLevel"
          },
          "color": {
            "value": -6710887,
            "falpha": 0.0
          },
          "x": 234,
          "y": 64,
          "locked": false
        }
      },
      {
        "type": "label",
        "data": {
          "name": "label_skill_cooldown",
          "text": {
            "fixedValue": "Cooldown"
          },
          "color": {
            "value": -12829636,
            "falpha": 0.0
          },
          "x": 222,
          "y": 88,
          "locked": false
        }
      },
      {
        "type": "imagebutton",
        "data": {
          "name": "imagebutton_symbol_upgrade",
          "image": "symbol_upgrade.png",
          "hoveredImage": "",
          "onClick": {
            "name": "PersonalSkillGUIbuttonUpgrade"
          },
          "x": 222,
          "y": 64,
          "locked": false
        }
      },
      {
        "type": "imagebutton",
        "data": {
          "name": "imagebutton_symbol_line_2s",
          "image": "symbol_line_2s.png",
          "hoveredImage": "",
          "x": 222,
          "y": 52,
          "locked": false
        }
      },
      {
        "type": "label",
        "data": {
          "name": "label_1",
          "text": {
            "fixedValue": "",
            "name": "PersonalSkillGUIreturnDuration"
          },
          "color": {
            "value": -6710887,
            "falpha": 0.0
          },
          "x": 222,
          "y": 124,
          "locked": false
        }
      },
      {
        "type": "label",
        "data": {
          "name": "label_10",
          "text": {
            "fixedValue": "",
            "name": "PersonalSkillGUIreturnCustomValue"
          },
          "color": {
            "value": -6710887,
            "falpha": 0.0
          },
          "x": 222,
          "y": 172,
          "locked": false
        }
      },
      {
        "type": "label",
        "data": {
          "name": "label_skill_duration",
          "text": {
            "fixedValue": "Duration"
          },
          "color": {
            "value": -12829636,
            "falpha": 0.0
          },
          "x": 222,
          "y": 112,
          "locked": false
        }
      },
      {
        "type": "label",
        "data": {
          "name": "label_20",
          "text": {
            "fixedValue": "",
            "name": "PersonalSkillGUIreturnCooldown"
          },
          "color": {
            "value": -6710887,
            "falpha": 0.0
          },
          "x": 222,
          "y": 100,
          "locked": false
        }
      },
      {
        "type": "label",
        "data": {
          "name": "label_personal_weapon_skill",
          "text": {
            "fixedValue": "SKILL LIST"
          },
          "color": {
            "value": -1,
            "falpha": 0.0
          },
          "x": 110,
          "y": 32,
          "locked": false
        }
      },
      {
        "type": "label",
        "data": {
          "name": "label_proc_gu_ireturn_page_left",
          "text": {
            "fixedValue": "",
            "name": "GUIreturnPageLeft"
          },
          "color": {
            "value": -3355444,
            "falpha": 0.0
          },
          "x": 130,
          "y": 208,
          "locked": false
        }
      },
      {
        "type": "label",
        "data": {
          "name": "label_proc_gu_ireturn_page_right",
          "text": {
            "fixedValue": "",
            "name": "GUIreturnPageRight"
          },
          "color": {
            "value": -3355444,
            "falpha": 0.0
          },
          "x": 282,
          "y": 208,
          "locked": false
        }
      },
      {
        "type": "label",
        "data": {
          "name": "label_skill_upgrade",
          "text": {
            "fixedValue": "UPGRADE"
          },
          "color": {
            "value": -1,
            "falpha": 0.0
          },
          "x": 270,
          "y": 32,
          "locked": false
        }
      },
      {
        "type": "label",
        "data": {
          "name": "label_radius",
          "text": {
            "fixedValue": "Radius"
          },
          "color": {
            "value": -12829636,
            "falpha": 0.0
          },
          "x": 222,
          "y": 136,
          "locked": false
        }
      },
      {
        "type": "label",
        "data": {
          "name": "label_201",
          "text": {
            "fixedValue": "",
            "name": "PersonalSkillGUIreturnRadius"
          },
          "color": {
            "value": -6710887,
            "falpha": 0.0
          },
          "x": 222,
          "y": 148,
          "locked": false
        }
      },
      {
        "type": "imagebutton",
        "data": {
          "name": "imagebutton_icon_spell_the_missing_person",
          "image": "icon_spell_the_missing_person.png",
          "hoveredImage": "",
          "onClick": {
            "name": "PersonalSkillGUIbuttonSkillTheMissingPerson"
          },
          "x": 106,
          "y": 52,
          "locked": false
        }
      },
      {
        "type": "imagebutton",
        "data": {
          "name": "imagebutton_icon_lock",
          "image": "icon_lock.png",
          "hoveredImage": "",
          "displayCondition": {
            "name": "PersonalSkillGUIreturnSkillTheMissingPersonLock"
          },
          "x": 106,
          "y": 52,
          "locked": false
        }
      },
      {
        "type": "imagebutton",
        "data": {
          "name": "imagebutton_icon_select",
          "image": "icon_select.png",
          "hoveredImage": "",
          "displayCondition": {
            "name": "PersonalSkillGUIreturnSkillTheMissingPerson"
          },
          "x": 102,
          "y": 48,
          "locked": false
        }
      },
      {
        "type": "tooltip",
        "data": {
          "name": "tooltip_invisibility",
          "text": {
            "fixedValue": "The Missing Person : Temporary make yourself invisible"
          },
          "width": 16,
          "height": 16,
          "x": 106,
          "y": 52,
          "locked": false
        }
      },
      {
        "type": "imagebutton",
        "data": {
          "name": "imagebutton_icon_nothing",
          "image": "icon_nothing.png",
          "hoveredImage": "",
          "onClick": {
            "name": "PersonalSkillGUIbuttonSkillNothing"
          },
          "x": 82,
          "y": 52,
          "locked": false
        }
      },
      {
        "type": "imagebutton",
        "data": {
          "name": "imagebutton_icon_select1",
          "image": "icon_select.png",
          "hoveredImage": "",
          "displayCondition": {
            "name": "PersonalSkillGUIreturnSkillNothing"
          },
          "x": 78,
          "y": 48,
          "locked": false
        }
      },
      {
        "type": "tooltip",
        "data": {
          "name": "tooltip_no_skill1",
          "text": {
            "fixedValue": "No Skill"
          },
          "width": 16,
          "height": 16,
          "x": 82,
          "y": 52,
          "locked": false
        }
      },
      {
        "type": "tooltip",
        "data": {
          "name": "tooltip_1_skill_level_30_mana",
          "text": {
            "fixedValue": "+1 Level (20 Mana)"
          },
          "width": 8,
          "height": 8,
          "x": 222,
          "y": 64,
          "locked": false
        }
      },
      {
        "type": "imagebutton",
        "data": {
          "name": "imagebutton_icon_spell_circle_of_healing",
          "image": "icon_spell_circle_of_healing.png",
          "hoveredImage": "",
          "onClick": {
            "name": "PersonalSkillGUIbuttonSkillCircleOfHealing"
          },
          "x": 130,
          "y": 52,
          "locked": false
        }
      },
      {
        "type": "imagebutton",
        "data": {
          "name": "imagebutton_icon_lock2",
          "image": "icon_lock.png",
          "hoveredImage": "",
          "displayCondition": {
            "name": "PersonalSkillGUIreturnSkillCircleOfHealingLock"
          },
          "x": 130,
          "y": 52,
          "locked": false
        }
      },
      {
        "type": "imagebutton",
        "data": {
          "name": "imagebutton_icon_select3",
          "image": "icon_select.png",
          "hoveredImage": "",
          "displayCondition": {
            "name": "PersonalSkillGUIreturnSkillCircleOfHealing"
          },
          "x": 126,
          "y": 48,
          "locked": false
        }
      },
      {
        "type": "tooltip",
        "data": {
          "name": "tooltip_healing_area_instant_heal_all",
          "text": {
            "fixedValue": "Circle of Healing : Instant heal nearby entities"
          },
          "width": 16,
          "height": 16,
          "x": 130,
          "y": 52,
          "locked": false
        }
      },
      {
        "type": "imagebutton",
        "data": {
          "name": "imagebutton_icon_spell_rejuvenating_mushroom",
          "image": "icon_spell_rejuvenating_mushroom.png",
          "hoveredImage": "",
          "onClick": {
            "name": "PersonalSkillGUIbuttonSkillRejuvenatingMushroom"
          },
          "x": 154,
          "y": 52,
          "locked": false
        }
      },
      {
        "type": "imagebutton",
        "data": {
          "name": "imagebutton_icon_lock1",
          "image": "icon_lock.png",
          "hoveredImage": "",
          "displayCondition": {
            "name": "PersonalSkillGUIreturnSkillRejuvenatingMushroomLock"
          },
          "x": 154,
          "y": 52,
          "locked": false
        }
      },
      {
        "type": "imagebutton",
        "data": {
          "name": "imagebutton_icon_select2",
          "image": "icon_select.png",
          "hoveredImage": "",
          "displayCondition": {
            "name": "PersonalSkillGUIreturnSkillRejuvenatingMushroom"
          },
          "x": 150,
          "y": 48,
          "locked": false
        }
      },
      {
        "type": "tooltip",
        "data": {
          "name": "tooltip_rejuvenating_mushroom_instant",
          "text": {
            "fixedValue": "Rejuvenating Mushroom : Instant heal and regeneration to entities near the mushroom"
          },
          "width": 16,
          "height": 16,
          "x": 154,
          "y": 52,
          "locked": false
        }
      },
      {
        "type": "imagebutton",
        "data": {
          "name": "imagebutton_icon_spell_blink",
          "image": "icon_spell_blink.png",
          "hoveredImage": "",
          "onClick": {
            "name": "PersonalSkillGUIbuttonSkillBlink"
          },
          "x": 178,
          "y": 52,
          "locked": false
        }
      },
      {
        "type": "imagebutton",
        "data": {
          "name": "imagebutton_icon_lock3",
          "image": "icon_lock.png",
          "hoveredImage": "",
          "displayCondition": {
            "name": "PersonalSkillGUIreturnSkillBlinkLock"
          },
          "x": 178,
          "y": 52,
          "locked": false
        }
      },
      {
        "type": "imagebutton",
        "data": {
          "name": "imagebutton_icon_select4",
          "image": "icon_select.png",
          "hoveredImage": "",
          "displayCondition": {
            "name": "PersonalSkillGUIreturnSkillBlink"
          },
          "x": 174,
          "y": 48,
          "locked": false
        }
      },
      {
        "type": "tooltip",
        "data": {
          "name": "tooltip_blink_teleport_to_a_block_you",
          "text": {
            "fixedValue": "Blink : Teleport to the block you are looking at"
          },
          "width": 16,
          "height": 16,
          "x": 178,
          "y": 52,
          "locked": false
        }
      },
      {
        "type": "imagebutton",
        "data": {
          "name": "imagebutton_symbol_line",
          "image": "symbol_line.png",
          "hoveredImage": "",
          "x": 222,
          "y": 72,
          "locked": false
        }
      },
      {
        "type": "imagebutton",
        "data": {
          "name": "imagebutton_background_text_green",
          "image": "background_text_green.png",
          "hoveredImage": "",
          "x": 70,
          "y": 28,
          "locked": false
        }
      },
      {
        "type": "imagebutton",
        "data": {
          "name": "imagebutton_background_text_red",
          "image": "background_text_red.png",
          "hoveredImage": "",
          "x": 222,
          "y": 28,
          "locked": false
        }
      },
      {
        "type": "imagebutton",
        "data": {
          "name": "imagebutton_symbol_help",
          "image": "symbol_help.png",
          "hoveredImage": "",
          "x": 70,
          "y": 56,
          "locked": false
        }
      },
      {
        "type": "tooltip",
        "data": {
          "name": "tooltip_all_skill_price_is_60_mana",
          "text": {
            "fixedValue": "You can unlock a skill by 60 mana"
          },
          "width": 8,
          "height": 8,
          "x": 70,
          "y": 56,
          "locked": false
        }
      }
    ],
    "gridSettings": {
      "sx": 8,
      "sy": 8,
      "ox": 11,
      "oy": 15,
      "snapOnGrid": true
    }
  }
}