{
  "_fv": 73,
  "_type": "gui",
  "definition": {
    "type": 0,
    "width": 0,
    "height": 0,
    "inventoryOffsetX": 0,
    "inventoryOffsetY": 0,
    "renderBgLayer": true,
    "doesPauseGame": false,
    "components": [
      {
        "type": "label",
        "data": {
          "name": "label_proc_gu_ireturn_mana",
          "text": {
            "fixedValue": "",
            "name": "GUIreturnMana"
          },
          "color": {
            "value": -10066330,
            "falpha": 0.0
          },
          "x": 54,
          "y": 4,
          "locked": false
        }
      },
      {
        "type": "label",
        "data": {
          "name": "label_index",
          "text": {
            "fixedValue": "DEFAULT KEYBINDS"
          },
          "color": {
            "value": -1,
            "falpha": 0.0
          },
          "x": 246,
          "y": 32,
          "locked": false
        }
      },
      {
        "type": "label",
        "data": {
          "name": "label_00",
          "text": {
            "fixedValue": "Tab"
          },
          "color": {
            "value": -6710887,
            "falpha": 0.0
          },
          "x": 222,
          "y": 52,
          "locked": false
        }
      },
      {
        "type": "label",
        "data": {
          "name": "label_setting",
          "text": {
            "fixedValue": "De/Activate"
          },
          "color": {
            "value": -12829636,
            "falpha": 0.0
          },
          "x": 262,
          "y": 52,
          "locked": false
        }
      },
      {
        "type": "label",
        "data": {
          "name": "label_001",
          "text": {
            "fixedValue": "Shift"
          },
          "color": {
            "value": -6710887,
            "falpha": 0.0
          },
          "x": 222,
          "y": 64,
          "locked": false
        }
      },
      {
        "type": "label",
        "data": {
          "name": "label_weapon_manipulation",
          "text": {
            "fixedValue": "Type"
          },
          "color": {
            "value": -12829636,
            "falpha": 0.0
          },
          "x": 262,
          "y": 88,
          "locked": false
        }
      },
      {
        "type": "label",
        "data": {
          "name": "label_shield_manipulation",
          "text": {
            "fixedValue": "Mode"
          },
          "color": {
            "value": -12829636,
            "falpha": 0.0
          },
          "x": 262,
          "y": 100,
          "locked": false
        }
      },
      {
        "type": "label",
        "data": {
          "name": "label_lantern_manupulation",
          "text": {
            "fixedValue": "Distance (+)"
          },
          "color": {
            "value": -12829636,
            "falpha": 0.0
          },
          "x": 262,
          "y": 112,
          "locked": false
        }
      },
      {
        "type": "label",
        "data": {
          "name": "label_bow_manipulation",
          "text": {
            "fixedValue": "Distance (-)"
          },
          "color": {
            "value": -12829636,
            "falpha": 0.0
          },
          "x": 262,
          "y": 124,
          "locked": false
        }
      },
      {
        "type": "label",
        "data": {
          "name": "label_002",
          "text": {
            "fixedValue": "Ctrl"
          },
          "color": {
            "value": -6710887,
            "falpha": 0.0
          },
          "x": 222,
          "y": 76,
          "locked": false
        }
      },
      {
        "type": "label",
        "data": {
          "name": "label_003",
          "text": {
            "fixedValue": "1"
          },
          "color": {
            "value": -6710887,
            "falpha": 0.0
          },
          "x": 222,
          "y": 88,
          "locked": false
        }
      },
      {
        "type": "label",
        "data": {
          "name": "label_004",
          "text": {
            "fixedValue": "2"
          },
          "color": {
            "value": -6710887,
            "falpha": 0.0
          },
          "x": 222,
          "y": 100,
          "locked": false
        }
      },
      {
        "type": "label",
        "data": {
          "name": "label_skill",
          "text": {
            "fixedValue": "Ability"
          },
          "color": {
            "value": -12829636,
            "falpha": 0.0
          },
          "x": 262,
          "y": 136,
          "locked": false
        }
      },
      {
        "type": "label",
        "data": {
          "name": "label_lock_target",
          "text": {
            "fixedValue": "Lock Target"
          },
          "color": {
            "value": -12829636,
            "falpha": 0.0
          },
          "x": 262,
          "y": 148,
          "locked": false
        }
      },
      {
        "type": "label",
        "data": {
          "name": "label_constant",
          "text": {
            "fixedValue": "Constant"
          },
          "color": {
            "value": -12829636,
            "falpha": 0.0
          },
          "x": 262,
          "y": 160,
          "locked": false
        }
      },
      {
        "type": "label",
        "data": {
          "name": "label_homing",
          "text": {
            "fixedValue": "Homing"
          },
          "color": {
            "value": -12829636,
            "falpha": 0.0
          },
          "x": 262,
          "y": 172,
          "locked": false
        }
      },
      {
        "type": "label",
        "data": {
          "name": "label_shoot",
          "text": {
            "fixedValue": "Shoot"
          },
          "color": {
            "value": -12829636,
            "falpha": 0.0
          },
          "x": 262,
          "y": 64,
          "locked": false
        }
      },
      {
        "type": "label",
        "data": {
          "name": "label_reverse",
          "text": {
            "fixedValue": "Reverse"
          },
          "color": {
            "value": -12829636,
            "falpha": 0.0
          },
          "x": 262,
          "y": 76,
          "locked": false
        }
      },
      {
        "type": "label",
        "data": {
          "name": "label_a",
          "text": {
            "fixedValue": "3"
          },
          "color": {
            "value": -6710887,
            "falpha": 0.0
          },
          "x": 222,
          "y": 112,
          "locked": false
        }
      },
      {
        "type": "label",
        "data": {
          "name": "label_a1",
          "text": {
            "fixedValue": "4"
          },
          "color": {
            "value": -6710887,
            "falpha": 0.0
          },
          "x": 222,
          "y": 124,
          "locked": false
        }
      },
      {
        "type": "label",
        "data": {
          "name": "label_a2",
          "text": {
            "fixedValue": "5"
          },
          "color": {
            "value": -6710887,
            "falpha": 0.0
          },
          "x": 222,
          "y": 136,
          "locked": false
        }
      },
      {
        "type": "label",
        "data": {
          "name": "label_a3",
          "text": {
            "fixedValue": "Z"
          },
          "color": {
            "value": -6710887,
            "falpha": 0.0
          },
          "x": 222,
          "y": 148,
          "locked": false
        }
      },
      {
        "type": "label",
        "data": {
          "name": "label_a4",
          "text": {
            "fixedValue": "X"
          },
          "color": {
            "value": -6710887,
            "falpha": 0.0
          },
          "x": 222,
          "y": 160,
          "locked": false
        }
      },
      {
        "type": "label",
        "data": {
          "name": "label_a5",
          "text": {
            "fixedValue": "C"
          },
          "color": {
            "value": -6710887,
            "falpha": 0.0
          },
          "x": 222,
          "y": 172,
          "locked": false
        }
      },
      {
        "type": "tooltip",
        "data": {
          "name": "tooltip_you_can_change_to_left_click_i",
          "text": {
            "fixedValue": "You can change to \"Left Click\" in your setting"
          },
          "width": 8,
          "height": 8,
          "x": 350,
          "y": 64,
          "locked": false
        }
      },
      {
        "type": "tooltip",
        "data": {
          "name": "tooltip_you_can_change_to_right_click",
          "text": {
            "fixedValue": "You can change to \"Right Click\" in your setting"
          },
          "width": 8,
          "height": 8,
          "x": 350,
          "y": 76,
          "locked": false
        }
      },
      {
        "type": "image",
        "data": {
          "image": "background_book.png",
          "use1Xscale": true,
          "x": 54,
          "y": 16,
          "locked": false
        }
      },
      {
        "type": "imagebutton",
        "data": {
          "name": "imagebutton_symbol_exit",
          "image": "symbol_exit.png",
          "hoveredImage": "",
          "onClick": {
            "name": "GUIClose"
          },
          "x": 358,
          "y": 208,
          "locked": false
        }
      },
      {
        "type": "imagebutton",
        "data": {
          "name": "imagebutton_icon_home",
          "image": "icon_home.png",
          "hoveredImage": "icon_home_2s.png",
          "onClick": {
            "name": "MenuGUIOpen"
          },
          "x": 42,
          "y": 24,
          "locked": false
        }
      },
      {
        "type": "imagebutton",
        "data": {
          "name": "imagebutton_symbol_next",
          "image": "symbol_next.png",
          "hoveredImage": "",
          "onClick": {
            "name": "GUInext"
          },
          "x": 366,
          "y": 108,
          "locked": false
        }
      },
      {
        "type": "imagebutton",
        "data": {
          "name": "imagebutton_symbol_previous",
          "image": "symbol_previous.png",
          "hoveredImage": "",
          "onClick": {
            "name": "GUIprevious"
          },
          "x": 54,
          "y": 108,
          "locked": false
        }
      },
      {
        "type": "imagebutton",
        "data": {
          "name": "imagebutton_symbol_tip",
          "image": "symbol_tip.png",
          "hoveredImage": "",
          "x": 350,
          "y": 64,
          "locked": false
        }
      },
      {
        "type": "imagebutton",
        "data": {
          "name": "imagebutton_symbol_tip1",
          "image": "symbol_tip.png",
          "hoveredImage": "",
          "x": 350,
          "y": 76,
          "locked": false
        }
      },
      {
        "type": "label",
        "data": {
          "name": "label_proc_gu_ireturn_page_left",
          "text": {
            "fixedValue": "",
            "name": "GUIreturnPageLeft"
          },
          "color": {
            "value": -3355444,
            "falpha": 0.0
          },
          "x": 130,
          "y": 208,
          "locked": false
        }
      },
      {
        "type": "label",
        "data": {
          "name": "label_proc_gu_ireturn_page_right",
          "text": {
            "fixedValue": "",
            "name": "GUIreturnPageRight"
          },
          "color": {
            "value": -3355444,
            "falpha": 0.0
          },
          "x": 282,
          "y": 208,
          "locked": false
        }
      },
      {
        "type": "label",
        "data": {
          "name": "label_details",
          "text": {
            "fixedValue": "DETAILS"
          },
          "color": {
            "value": -1,
            "falpha": 0.0
          },
          "x": 118,
          "y": 32,
          "locked": false
        }
      },
      {
        "type": "label",
        "data": {
          "name": "label_complexity",
          "text": {
            "fixedValue": "Complexity"
          },
          "color": {
            "value": -12829636,
            "falpha": 0.0
          },
          "x": 70,
          "y": 100,
          "locked": false
        }
      },
      {
        "type": "label",
        "data": {
          "name": "label_difficulty",
          "text": {
            "fixedValue": "Difficulty"
          },
          "color": {
            "value": -12829636,
            "falpha": 0.0
          },
          "x": 70,
          "y": 76,
          "locked": false
        }
      },
      {
        "type": "label",
        "data": {
          "name": "label_fast_travel",
          "text": {
            "fixedValue": "Performance Impact"
          },
          "color": {
            "value": -12829636,
            "falpha": 0.0
          },
          "x": 70,
          "y": 124,
          "locked": false
        }
      },
      {
        "type": "label",
        "data": {
          "name": "label_high",
          "text": {
            "fixedValue": "High"
          },
          "color": {
            "value": -6710887,
            "falpha": 0.0
          },
          "x": 70,
          "y": 112,
          "locked": false
        }
      },
      {
        "type": "label",
        "data": {
          "name": "label_hard",
          "text": {
            "fixedValue": "Hard"
          },
          "color": {
            "value": -6710887,
            "falpha": 0.0
          },
          "x": 70,
          "y": 88,
          "locked": false
        }
      },
      {
        "type": "label",
        "data": {
          "name": "label_not_support",
          "text": {
            "fixedValue": "High"
          },
          "color": {
            "value": -6710887,
            "falpha": 0.0
          },
          "x": 70,
          "y": 136,
          "locked": false
        }
      },
      {
        "type": "label",
        "data": {
          "name": "label_teleport",
          "text": {
            "fixedValue": "Fast Travel"
          },
          "color": {
            "value": -12829636,
            "falpha": 0.0
          },
          "x": 70,
          "y": 160,
          "locked": false
        }
      },
      {
        "type": "label",
        "data": {
          "name": "label_not_support1",
          "text": {
            "fixedValue": "Half Support"
          },
          "color": {
            "value": -6710887,
            "falpha": 0.0
          },
          "x": 70,
          "y": 172,
          "locked": false
        }
      },
      {
        "type": "imagebutton",
        "data": {
          "name": "imagebutton_symbol_line1",
          "image": "symbol_line.png",
          "hoveredImage": "",
          "x": 70,
          "y": 144,
          "locked": false
        }
      },
      {
        "type": "imagebutton",
        "data": {
          "name": "imagebutton_symbol_help",
          "image": "symbol_help.png",
          "hoveredImage": "",
          "x": 198,
          "y": 160,
          "locked": false
        }
      },
      {
        "type": "tooltip",
        "data": {
          "name": "tooltip_soe_spell_cant_work_well_when_t",
          "text": {
            "fixedValue": "Some spells can't work well when you teleport to far away"
          },
          "width": 8,
          "height": 8,
          "x": 198,
          "y": 160,
          "locked": false
        }
      },
      {
        "type": "imagebutton",
        "data": {
          "name": "imagebutton_background_text_green",
          "image": "background_text_green.png",
          "hoveredImage": "",
          "x": 70,
          "y": 28,
          "locked": false
        }
      },
      {
        "type": "imagebutton",
        "data": {
          "name": "imagebutton_background_text_green1",
          "image": "background_text_green.png",
          "hoveredImage": "",
          "x": 222,
          "y": 28,
          "locked": false
        }
      },
      {
        "type": "label",
        "data": {
          "name": "label_main_type",
          "text": {
            "fixedValue": "Main Type"
          },
          "color": {
            "value": -12829636,
            "falpha": 0.0
          },
          "x": 70,
          "y": 52,
          "locked": false
        }
      },
      {
        "type": "label",
        "data": {
          "name": "label_combat",
          "text": {
            "fixedValue": "Combat"
          },
          "color": {
            "value": -6710887,
            "falpha": 0.0
          },
          "x": 70,
          "y": 64,
          "locked": false
        }
      }
    ],
    "gridSettings": {
      "sx": 8,
      "sy": 8,
      "ox": 11,
      "oy": 15,
      "snapOnGrid": true
    }
  }
}