{
  "_fv": 73,
  "_type": "procedure",
  "definition": {
    "procedurexml": "<xml xmlns=\"https://developers.google.com/blockly/xml\"><variables><variable type=\"String\" id=\"variable_text\">variable_text</variable></variables><block type=\"event_trigger\" deletable=\"false\" x=\"40\" y=\"40\"><field name=\"trigger\">no_ext_trigger</field><next><block type=\"controls_if\"><mutation else=\"1\"></mutation><value name=\"IF0\"><block type=\"text_binary_ops\"><value name=\"A\"><block type=\"custom_dependency_string\"><field name=\"NAME\">custom</field></block></value><value name=\"B\"><block type=\"text\"><field name=\"TEXT\"></field></block></value></block></value><statement name=\"DO0\"><block type=\"variables_set_string\"><mutation xmlns=\"http://www.w3.org/1999/xhtml\" is_player_var=\"false\" has_entity=\"false\"></mutation><field name=\"VAR\">local:variable_text</field><value name=\"VAL\"><block type=\"text_join\" inline=\"false\"><mutation items=\"1\"></mutation><value name=\"ADD0\"><block type=\"text\"><field name=\"TEXT\">summon marker ~ ~ ~ {</field></block></value></block></value></block></statement><statement name=\"ELSE\"><block type=\"variables_set_string\"><mutation xmlns=\"http://www.w3.org/1999/xhtml\" is_player_var=\"false\" has_entity=\"false\"></mutation><field name=\"VAR\">local:variable_text</field><value name=\"VAL\"><block type=\"text_join\" inline=\"false\"><mutation items=\"1\"></mutation><value name=\"ADD0\"><block type=\"text\"><field name=\"TEXT\">summon armor_stand ~ ~ ~ {</field></block></value></block></value></block></statement><next><block type=\"variables_set_string\"><mutation xmlns=\"http://www.w3.org/1999/xhtml\" is_player_var=\"false\" has_entity=\"false\"></mutation><field name=\"VAR\">local:variable_text</field><value name=\"VAL\"><block type=\"text_join\"><mutation items=\"4\"></mutation><value name=\"ADD0\"><block type=\"variables_get_string\"><mutation xmlns=\"http://www.w3.org/1999/xhtml\" is_player_var=\"false\" has_entity=\"false\"></mutation><field name=\"VAR\">local:variable_text</field></block></value><value name=\"ADD1\"><block type=\"text\"><field name=\"TEXT\">Tags:[\"&lt;ID&gt;\",\"&lt;USER&gt;\",\"&lt;USER&gt;-ally\",</field></block></value><value name=\"ADD2\"><block type=\"text_join\"><mutation items=\"3\"></mutation><value name=\"ADD0\"><block type=\"text\"><field name=\"TEXT\">\"&lt;ID&gt;-</field></block></value><value name=\"ADD1\"><block type=\"text_replace\"><value name=\"what\"><block type=\"text\"><field name=\"TEXT\"> / </field></block></value><value name=\"with\"><block type=\"text\"><field name=\"TEXT\">\",\"&lt;ID&gt;-</field></block></value><value name=\"text\"><block type=\"custom_dependency_string\"><field name=\"NAME\">tag</field></block></value></block></value><value name=\"ADD2\"><block type=\"text\"><field name=\"TEXT\">\"</field></block></value></block></value><value name=\"ADD3\"><block type=\"text\"><field name=\"TEXT\">],CustomName:'{\"text\":\"&lt;ID&gt;\"}'</field></block></value></block></value><next><block type=\"controls_if\"><value name=\"IF0\"><block type=\"logic_negate\"><value name=\"BOOL\"><block type=\"text_binary_ops\"><value name=\"A\"><block type=\"custom_dependency_string\"><field name=\"NAME\">custom</field></block></value><value name=\"B\"><block type=\"text\"><field name=\"TEXT\"></field></block></value></block></value></block></value><statement name=\"DO0\"><block type=\"variables_set_string\"><mutation xmlns=\"http://www.w3.org/1999/xhtml\" is_player_var=\"false\" has_entity=\"false\"></mutation><field name=\"VAR\">local:variable_text</field><value name=\"VAL\"><block type=\"text_join\" inline=\"false\"><mutation items=\"3\"></mutation><value name=\"ADD0\"><block type=\"variables_get_string\"><mutation xmlns=\"http://www.w3.org/1999/xhtml\" is_player_var=\"false\" has_entity=\"false\"></mutation><field name=\"VAR\">local:variable_text</field></block></value><value name=\"ADD1\"><block type=\"text\"><field name=\"TEXT\">,NoGravity:1b,Invisible:1b,Marker:1b,</field></block></value><value name=\"ADD2\"><block type=\"custom_dependency_string\"><field name=\"NAME\">custom</field></block></value></block></value></block></statement><next><block type=\"return_string\"><value name=\"return\"><block type=\"text_join\" inline=\"false\"><mutation items=\"2\"></mutation><value name=\"ADD0\"><block type=\"variables_get_string\"><mutation xmlns=\"http://www.w3.org/1999/xhtml\" is_player_var=\"false\" has_entity=\"false\"></mutation><field name=\"VAR\">local:variable_text</field></block></value><value name=\"ADD1\"><block type=\"text\"><field name=\"TEXT\">}</field></block></value></block></value></block></next></block></next></block></next></block></next></block></xml>"
  }
}