{
  "_fv": 73,
  "_type": "item",
  "definition": {
    "renderType": 1,
    "texture": "minecraft:knowledge_book",
    "customModelName": "book_open:default",
    "customProperties": {},
    "states": [],
    "name": "Lantern of The Woodlands - User Book",
    "rarity": "COMMON",
    "creativeTabs": [],
    "stackSize": 1,
    "enchantability": 0,
    "useDuration": 0,
    "toolType": 1.0,
    "damageCount": 0,
    "recipeRemainder": {
      "value": ""
    },
    "destroyAnyBlock": false,
    "immuneToFire": false,
    "stayInGridWhenCrafting": false,
    "damageOnCrafting": false,
    "enableMeleeDamage": false,
    "damageVsEntity": 0.0,
    "specialInformation": {
      "fixedValue": [
        "--------------------------------------------------",
        "The magic spell book by TannyJung. Containing all my magic creations.",
        "",
        "- Note that \"Main Key\" by default is your left control button (Ctrl)",
        "- Open/Close Book : Hold on right hand, hold the main key and right click.",
        "- Place Book : Hold closed book on right hand, hold the main key and right click on block.",
        "- Pick Up Placed Book : Hold shift and hold the main key",
        "- Open Book GUI : Hold opened book on right hand and right click, or stay near placed book and hold the main key.",
        "--------------------------------------------------"
      ]
    },
    "glowCondition": {
      "fixedValue": false
    },
    "inventorySize": 9,
    "inventoryStackSize": 64,
    "onRightClickedInAir": {
      "name": "UserBookRightClick"
    },
    "onRightClickedOnBlock": {
      "name": "UserBookRightClick"
    },
    "enableRanged": false,
    "shootConstantly": false,
    "rangedItemChargesPower": false,
    "projectile": {
      "value": "Arrow"
    },
    "projectileDisableAmmoCheck": false,
    "isFood": false,
    "nutritionalValue": 4,
    "saturation": 0.3,
    "eatResultItem": {
      "value": ""
    },
    "isMeat": false,
    "isAlwaysEdible": false,
    "animation": "none",
    "isMusicDisc": false,
    "musicDiscLengthInTicks": 0,
    "musicDiscAnalogOutput": 0
  }
}