{
  "_fv": 73,
  "_type": "recipe",
  "definition": {
    "recipeType": "Crafting",
    "recipeRetstackSize": 1,
    "group": "",
    "cookingBookCategory": "MISC",
    "xpReward": 0.0,
    "cookingTime": 200,
    "craftingBookCategory": "EQUIPMENT",
    "recipeShapeless": true,
    "recipeSlots": [
      {
        "value": "Blocks.SAPLING#0"
      },
      {
        "value": "Blocks.LANTERN"
      },
      {
        "value": "Blocks.SAPLING#3"
      },
      {
        "value": "Blocks.SAPLING#1"
      },
      {
        "value": "Items.WRITABLE_BOOK"
      },
      {
        "value": "Blocks.SAPLING#4"
      },
      {
        "value": "Blocks.SAPLING#2"
      },
      {
        "value": "Blocks.FLOWERING_AZALEA"
      },
      {
        "value": "Blocks.SAPLING#5"
      }
    ],
    "recipeReturnStack": {
      "value": "CUSTOM:UserBook"
    },
    "name": "user_book",
    "namespace": "mod"
  }
}