{
  "_fv": 73,
  "_type": "item",
  "definition": {
    "renderType": 0,
    "texture": "preset_fixer",
    "customModelName": "Normal",
    "customProperties": {},
    "states": [],
    "name": "Preset Fixer",
    "rarity": "COMMON",
    "creativeTabs": [
      {
        "value": "CUSTOM:ThtTab"
      }
    ],
    "stackSize": 64,
    "enchantability": 0,
    "useDuration": 0,
    "toolType": 1.0,
    "damageCount": 0,
    "recipeRemainder": {
      "value": ""
    },
    "destroyAnyBlock": false,
    "immuneToFire": false,
    "stayInGridWhenCrafting": false,
    "damageOnCrafting": false,
    "enableMeleeDamage": false,
    "damageVsEntity": 0.0,
    "specialInformation": {
      "fixedValue": [
        "--------------------------------------------------",
        "This is developer tool, not related to game play. For fix presets, reordering and repairing missing options.",
        "--------------------------------------------------"
      ]
    },
    "glowCondition": {
      "fixedValue": false
    },
    "inventorySize": 9,
    "inventoryStackSize": 64,
    "onRightClickedInAir": {
      "name": "GUIPresetFixerOpen"
    },
    "enableRanged": false,
    "shootConstantly": false,
    "rangedItemChargesPower": false,
    "projectile": {
      "value": "Arrow"
    },
    "projectileDisableAmmoCheck": false,
    "isFood": false,
    "nutritionalValue": 4,
    "saturation": 0.3,
    "eatResultItem": {
      "value": ""
    },
    "isMeat": false,
    "isAlwaysEdible": false,
    "animation": "none",
    "isMusicDisc": false,
    "musicDiscMusic": {
      "value": ""
    },
    "musicDiscDescription": "",
    "musicDiscLengthInTicks": 0,
    "musicDiscAnalogOutput": 0
  }
}