{
  "_fv": 73,
  "_type": "procedure",
  "definition": {
    "procedurexml": "<xml xmlns=\"https://developers.google.com/blockly/xml\"><block type=\"event_trigger\" deletable=\"false\" x=\"40\" y=\"40\"><field name=\"trigger\">no_ext_trigger</field><next><block type=\"execute_command\"><value name=\"command\"><block type=\"text_join\"><mutation items=\"7\"></mutation><value name=\"ADD0\"><block type=\"text\"><field name=\"TEXT\">tellraw </field></block></value><value name=\"ADD1\"><block type=\"custom_dependency_string\"><field name=\"NAME\">target</field></block></value><value name=\"ADD2\"><block type=\"text\"><field name=\"TEXT\"> [{\"text\":\"</field></block></value><value name=\"ADD3\"><block type=\"custom_dependency_string\"><field name=\"NAME\">text</field></block></value><value name=\"ADD4\"><block type=\"text\"><field name=\"TEXT\">\",\"color\":\"</field></block></value><value name=\"ADD5\"><block type=\"custom_dependency_string\"><field name=\"NAME\">color</field></block></value><value name=\"ADD6\"><block type=\"text\"><field name=\"TEXT\">\"}]</field></block></value></block></value><value name=\"x\"><block type=\"math_number\"><field name=\"NUM\">0</field></block></value><value name=\"y\"><block type=\"math_number\"><field name=\"NUM\">0</field></block></value><value name=\"z\"><block type=\"math_number\"><field name=\"NUM\">0</field></block></value></block></next></block></xml>"
  }
}